model,MAE,RMSE,R2,train_rows,test_rows
LightGBM,0.3403245755504876,0.8279718129935697,0.03794595239980891,22000,5250
