model,MAE,RMSE,R2,train_rows,test_rows
LSTM,98.40860473632813,129.30527540446337,-0.08477771669013823,100,25
