model,MAE,RMSE,R2,train_rows,test_rows
Prophet,106.40716772313878,146.43331709326955,-0.4347968184799593,111,28
