model,MAE,RMSE,R2,train_rows,test_rows
XGBoost,0.4102773368358612,0.9046335273415615,-0.14845430850982666,22000,5250
