customer_id,recency,frequency,monetary,R,F,M,RFM_SCORE,cluster,segment
172,34,2,18825,4,1,5,415,0,High Value Customer
186,37,1,10005,4,1,4,414,0,Recent Customer
264,11,2,4384,5,1,2,512,0,Recent Customer
419,51,1,198,4,1,1,411,4,Regular Customer
539,94,1,3040,2,1,2,212,1,Regular Customer
627,29,1,8056,5,1,3,513,0,Recent Customer
795,39,1,2727,4,1,2,412,0,Regular Customer
914,31,1,19660,4,1,5,415,0,High Value Customer
964,66,1,13971,3,1,5,315,4,Regular Customer
1032,84,1,9578,3,1,4,314,4,Regular Customer
1636,133,1,8908,1,1,4,114,1,At Risk Customer
1765,88,1,1314,2,1,1,211,4,Regular Customer
2019,107,2,4695,2,1,3,213,1,At Risk Customer
2133,123,1,1588,1,1,1,111,1,At Risk Customer
2216,73,1,17472,3,1,5,315,4,Regular Customer
2242,95,1,2863,2,1,2,212,1,Regular Customer
2468,136,1,14739,1,1,5,115,1,At Risk Customer
2519,3,1,586,5,1,1,511,0,Recent Customer
2598,68,1,4268,3,1,2,312,4,Regular Customer
2646,52,1,9592,4,1,4,414,4,Regular Customer
2807,6,1,786,5,1,1,511,0,Recent Customer
3048,8,1,8862,5,1,4,514,0,Recent Customer
3104,119,2,16631,1,1,5,115,1,At Risk Customer
3171,39,1,4317,4,1,2,412,0,Regular Customer
3174,29,1,1488,5,1,1,511,0,Recent Customer
3251,57,1,2854,4,1,2,412,4,Regular Customer
3258,88,2,15512,2,1,5,215,4,Regular Customer
3404,49,1,12812,4,1,4,414,4,Regular Customer
3465,94,3,11756,2,2,4,224,1,Loyal Customer
3581,6,1,3402,5,1,2,512,0,Recent Customer
3847,99,1,3524,2,1,2,212,1,Regular Customer
3896,80,1,1524,3,1,1,311,4,Regular Customer
3926,93,3,30532,2,2,5,225,1,Loyal Customer
3936,25,1,13184,5,1,4,514,0,Recent Customer
4061,125,1,408,1,1,1,111,1,At Risk Customer
4101,120,4,36181,1,2,5,125,1,VIP Customer
4113,63,1,240,3,1,1,311,4,Regular Customer
4115,83,1,8250,3,1,3,313,4,Regular Customer
4241,99,1,3767,2,1,2,212,1,Regular Customer
4368,47,1,3166,4,1,2,412,4,Regular Customer
4537,11,2,12440,5,1,4,514,0,Recent Customer
4606,123,2,6445,1,1,3,113,1,At Risk Customer
4694,94,2,2263,2,1,1,211,1,Regular Customer
4899,128,1,11476,1,1,4,114,1,At Risk Customer
5042,68,3,26254,3,2,5,325,4,Loyal Customer
5061,46,1,324,4,1,1,411,0,Regular Customer
5117,101,1,2334,2,1,2,212,1,Regular Customer
5207,2,1,6033,5,1,3,513,0,Recent Customer
5423,41,1,1136,4,1,1,411,0,Regular Customer
5703,53,2,5054,4,1,3,413,4,Regular Customer
5939,9,1,10820,5,1,4,514,0,Recent Customer
6029,137,1,1898,1,1,1,111,1,At Risk Customer
6190,132,1,1236,1,1,1,111,1,At Risk Customer
6265,59,1,1881,3,1,1,311,4,Regular Customer
6390,41,1,8124,4,1,3,413,0,Regular Customer
6431,53,1,556,4,1,1,411,4,Regular Customer
6468,42,4,44646,4,2,5,425,0,VIP Customer
6618,27,1,4320,5,1,2,512,0,Recent Customer
6699,133,4,11442,1,2,4,124,1,Loyal Customer
6750,4,1,1278,5,1,1,511,0,Recent Customer
6855,52,1,6718,4,1,3,413,4,Regular Customer
6911,30,1,2810,5,1,2,512,0,Recent Customer
6952,9,3,14330,5,2,5,525,0,Loyal Customer
6955,71,1,13344,3,1,4,314,4,Regular Customer
6958,70,4,42658,3,2,5,325,4,VIP Customer
7016,93,2,11194,2,1,4,214,1,Regular Customer
7244,78,1,4107,3,1,2,312,4,Regular Customer
7330,121,1,2790,1,1,2,112,1,At Risk Customer
7633,1,1,927,5,1,1,511,0,Recent Customer
7773,14,1,14310,5,1,5,515,0,Recent Customer
7969,114,1,3106,1,1,2,112,1,At Risk Customer
8043,29,2,6018,5,1,3,513,0,Recent Customer
8083,2,1,410,5,1,1,511,0,Recent Customer
8314,137,1,118,1,1,1,111,1,At Risk Customer
8411,7,2,7146,5,1,3,513,0,Recent Customer
8516,95,1,1097,2,1,1,211,1,Regular Customer
8670,30,1,2918,5,1,2,512,0,Recent Customer
8731,93,2,17851,2,1,5,215,1,Regular Customer
8876,135,1,12744,1,1,4,114,1,At Risk Customer
8914,129,1,8424,1,1,4,114,1,At Risk Customer
9079,30,2,6585,5,1,3,513,0,Recent Customer
9099,88,1,13101,2,1,4,214,4,Regular Customer
9145,8,3,19980,5,2,5,525,0,Loyal Customer
9155,23,1,14688,5,1,5,515,0,Recent Customer
9235,69,1,2812,3,1,2,312,4,Regular Customer
9498,6,1,2015,5,1,1,511,0,Recent Customer
9519,52,1,1326,4,1,1,411,4,Regular Customer
10023,55,2,10260,4,1,4,414,4,Regular Customer
10248,67,1,16328,3,1,5,315,4,Regular Customer
10443,123,1,17544,1,1,5,115,1,At Risk Customer
10539,119,1,2277,1,1,1,111,1,At Risk Customer
10560,136,1,9988,1,1,4,114,1,At Risk Customer
10685,42,1,1764,4,1,1,411,0,Regular Customer
11172,2,1,13119,5,1,4,514,0,Recent Customer
11209,37,4,47610,4,2,5,425,0,VIP Customer
11248,115,3,5197,1,2,3,123,1,Loyal Customer
11287,73,1,3488,3,1,2,312,4,Regular Customer
11333,76,2,6379,3,1,3,313,4,Regular Customer
11438,3,1,5277,5,1,3,513,0,Recent Customer
11462,71,1,2452,3,1,2,312,4,Regular Customer
11508,91,1,2798,2,1,2,212,4,Regular Customer
12046,118,1,2986,1,1,2,112,1,At Risk Customer
12067,28,1,18200,5,1,5,515,0,Recent Customer
12134,2,1,18996,5,1,5,515,0,High Value Customer
12148,108,3,10352,2,2,4,224,1,Loyal Customer
12295,91,1,11658,2,1,4,214,4,Regular Customer
12356,50,1,8108,4,1,3,413,4,Regular Customer
12506,60,2,33369,3,1,5,315,4,High Value Customer
12579,134,2,17960,1,1,5,115,1,At Risk Customer
13151,87,3,7425,2,2,3,223,4,Loyal Customer
13240,25,1,231,5,1,1,511,0,Recent Customer
13455,82,3,5944,3,2,3,323,4,Loyal Customer
13764,111,1,3534,2,1,2,212,1,At Risk Customer
13833,26,3,17964,5,2,5,525,0,Loyal Customer
14618,59,1,14589,3,1,5,315,4,Regular Customer
14796,28,1,2662,5,1,2,512,0,Recent Customer
14885,71,1,5193,3,1,3,313,4,Regular Customer
14903,31,1,14684,4,1,5,415,0,Recent Customer
15218,65,1,13263,3,1,4,314,4,Regular Customer
15299,124,1,15180,1,1,5,115,1,At Risk Customer
15318,53,1,708,4,1,1,411,4,Regular Customer
15653,113,2,2145,1,1,1,111,1,At Risk Customer
15852,44,1,14541,4,1,5,415,0,Regular Customer
16158,102,1,2139,2,1,1,211,1,Regular Customer
16357,121,1,780,1,1,1,111,1,At Risk Customer
16655,66,2,6923,3,1,3,313,4,Regular Customer
16766,55,1,11754,4,1,4,414,4,Regular Customer
16945,90,1,9448,2,1,4,214,4,Regular Customer
16975,84,1,14572,3,1,5,315,4,Regular Customer
17028,44,1,2532,4,1,2,412,0,Regular Customer
17067,66,1,1358,3,1,1,311,4,Regular Customer
17476,52,7,37121,4,2,5,425,4,VIP Customer
17569,127,1,411,1,1,1,111,1,At Risk Customer
17591,81,2,9664,3,1,4,314,4,Regular Customer
17629,19,2,15930,5,1,5,515,0,Recent Customer
17676,28,42,312060,5,2,5,525,0,VIP Customer
17746,115,1,8164,1,1,3,113,1,At Risk Customer
17800,116,1,6862,1,1,3,113,1,At Risk Customer
17857,42,1,10928,4,1,4,414,0,Regular Customer
17970,7,1,135,5,1,1,511,0,Recent Customer
18024,16,1,4848,5,1,3,513,0,Recent Customer
18029,135,1,797,1,1,1,111,1,At Risk Customer
18032,127,1,1379,1,1,1,111,1,At Risk Customer
18060,128,1,518,1,1,1,111,1,At Risk Customer
18195,133,1,4398,1,1,2,112,1,At Risk Customer
18197,75,1,2487,3,1,2,312,4,Regular Customer
18424,37,2,13958,4,1,5,415,0,Recent Customer
18573,46,3,17402,4,2,5,425,0,Loyal Customer
18688,74,1,7827,3,1,3,313,4,Regular Customer
19052,10,1,6153,5,1,3,513,0,Recent Customer
19206,42,1,2079,4,1,1,411,0,Regular Customer
19268,32,1,4134,4,1,2,412,0,Recent Customer
19500,62,1,5181,3,1,3,313,4,Regular Customer
19506,22,1,14265,5,1,5,515,0,Recent Customer
19512,31,1,3557,4,1,2,412,0,Recent Customer
19832,72,1,12540,3,1,4,314,4,Regular Customer
19967,95,1,6554,2,1,3,213,1,Regular Customer
20099,125,1,13887,1,1,5,115,1,At Risk Customer
20167,69,1,551,3,1,1,311,4,Regular Customer
20389,79,1,4502,3,1,2,312,4,Regular Customer
20815,25,1,8284,5,1,3,513,0,Recent Customer
20984,18,1,6942,5,1,3,513,0,Recent Customer
21048,104,1,8040,2,1,3,213,1,Regular Customer
21070,73,1,12876,3,1,4,314,4,Regular Customer
21079,85,1,11812,2,1,4,214,4,Regular Customer
21302,108,1,7044,2,1,3,213,1,At Risk Customer
21574,25,1,2516,5,1,2,512,0,Recent Customer
21610,119,3,12910,1,2,4,124,1,Loyal Customer
21712,83,6,30888,3,2,5,325,4,VIP Customer
21976,95,1,11157,2,1,4,214,1,Regular Customer
22079,9,1,9208,5,1,4,514,0,Recent Customer
22090,109,1,1536,2,1,1,211,1,At Risk Customer
22276,96,1,6904,2,1,3,213,1,Regular Customer
22596,108,1,370,2,1,1,211,1,At Risk Customer
22666,66,1,4712,3,1,3,313,4,Regular Customer
22778,33,1,3910,4,1,2,412,0,Recent Customer
22944,105,1,2052,2,1,1,211,1,At Risk Customer
22990,110,11,59681,2,2,5,225,1,VIP Customer
22998,50,1,3268,4,1,2,412,4,Regular Customer
23076,77,2,5407,3,1,3,313,4,Regular Customer
23497,125,1,3530,1,1,2,112,1,At Risk Customer
23645,35,1,3467,4,1,2,412,0,Recent Customer
23730,96,1,14260,2,1,5,215,1,Regular Customer
23964,134,1,9164,1,1,4,114,1,At Risk Customer
24067,66,2,8436,3,1,4,314,4,Regular Customer
24142,87,1,2580,2,1,2,212,4,Regular Customer
24166,87,1,4722,2,1,3,213,4,Regular Customer
24409,46,2,10896,4,1,4,414,0,Regular Customer
24644,41,1,5748,4,1,3,413,0,Regular Customer
24662,112,1,8834,1,1,4,114,1,At Risk Customer
24688,18,1,870,5,1,1,511,0,Recent Customer
24722,85,3,28350,2,2,5,225,4,Loyal Customer
24840,25,1,1244,5,1,1,511,0,Recent Customer
25040,135,1,8372,1,1,4,114,1,At Risk Customer
25081,39,1,712,4,1,1,411,0,Regular Customer
25094,24,1,2320,5,1,2,512,0,Recent Customer
25156,100,2,10413,2,1,4,214,1,Regular Customer
25481,103,1,2660,2,1,2,212,1,Regular Customer
25809,5,1,5404,5,1,3,513,0,Recent Customer
25896,10,2,5046,5,1,3,513,0,Recent Customer
25922,128,2,13300,1,1,4,114,1,At Risk Customer
26032,38,1,10412,4,1,4,414,0,Regular Customer
26189,87,1,3265,2,1,2,212,4,Regular Customer
26533,115,3,18318,1,2,5,125,1,Loyal Customer
26626,24,1,4108,5,1,2,512,0,Recent Customer
26761,76,1,3730,3,1,2,312,4,Regular Customer
26872,97,1,5168,2,1,3,213,1,Regular Customer
26923,94,1,14728,2,1,5,215,1,Regular Customer
27197,67,1,18560,3,1,5,315,4,High Value Customer
27326,63,1,7128,3,1,3,313,4,Regular Customer
27360,67,1,9924,3,1,4,314,4,Regular Customer
27695,56,3,28674,4,2,5,425,4,Loyal Customer
27851,29,4,52696,5,2,5,525,0,VIP Customer
28085,51,1,13491,4,1,4,414,4,Regular Customer
28161,114,1,1946,1,1,1,111,1,At Risk Customer
28308,78,1,767,3,1,1,311,4,Regular Customer
28387,15,1,5232,5,1,3,513,0,Recent Customer
28524,93,1,1137,2,1,1,211,1,Regular Customer
28791,2,1,9688,5,1,4,514,0,Recent Customer
28797,52,1,3544,4,1,2,412,4,Regular Customer
28896,71,1,1405,3,1,1,311,4,Regular Customer
29529,21,1,13400,5,1,4,514,0,Recent Customer
29531,113,1,2204,1,1,1,111,1,At Risk Customer
29659,119,1,16504,1,1,5,115,1,At Risk Customer
29744,4,2,9266,5,1,4,514,0,Recent Customer
29757,30,1,717,5,1,1,511,0,Recent Customer
29802,3,3,6506,5,2,3,523,0,Loyal Customer
29835,50,1,18112,4,1,5,415,4,Regular Customer
30374,51,2,5075,4,1,3,413,4,Regular Customer
30438,60,1,18140,3,1,5,315,4,Regular Customer
30633,73,1,7890,3,1,3,313,4,Regular Customer
30687,3,1,16884,5,1,5,515,0,Recent Customer
30812,84,1,499,3,1,1,311,4,Regular Customer
30824,122,1,3949,1,1,2,112,1,At Risk Customer
31149,85,1,7107,2,1,3,213,4,Regular Customer
31236,110,1,5266,2,1,3,213,1,At Risk Customer
31314,90,1,19692,2,1,5,215,4,High Value Customer
31359,29,1,1545,5,1,1,511,0,Recent Customer
31557,78,1,4422,3,1,2,312,4,Regular Customer
31613,110,1,2455,2,1,2,212,1,At Risk Customer
31645,45,3,23402,4,2,5,425,0,Loyal Customer
31677,22,1,7779,5,1,3,513,0,Recent Customer
31741,57,2,21865,4,1,5,415,4,High Value Customer
31798,32,2,7691,4,1,3,413,0,Recent Customer
31843,125,1,11568,1,1,4,114,1,At Risk Customer
31874,29,1,1656,5,1,1,511,0,Recent Customer
31929,68,1,12612,3,1,4,314,4,Regular Customer
31936,1,1,14742,5,1,5,515,0,Recent Customer
32119,119,1,14076,1,1,5,115,1,At Risk Customer
32160,105,2,6604,2,1,3,213,1,At Risk Customer
32358,29,1,879,5,1,1,511,0,Recent Customer
32378,115,2,4136,1,1,2,112,1,At Risk Customer
32432,77,1,6110,3,1,3,313,4,Regular Customer
32596,49,1,4657,4,1,3,413,4,Regular Customer
32787,99,2,14862,2,1,5,215,1,Regular Customer
32895,22,2,5404,5,1,3,513,0,Recent Customer
32904,93,1,2576,2,1,2,212,1,Regular Customer
33196,106,3,15004,2,2,5,225,1,Loyal Customer
33308,94,1,4468,2,1,2,212,1,Regular Customer
33350,34,1,16204,4,1,5,415,0,Recent Customer
33571,106,1,5372,2,1,3,213,1,At Risk Customer
33608,20,1,132,5,1,1,511,0,Recent Customer
33717,58,1,1276,4,1,1,411,4,Regular Customer
33889,65,1,3218,3,1,2,312,4,Regular Customer
33895,52,1,6828,4,1,3,413,4,Regular Customer
33946,70,2,15188,3,1,5,315,4,Regular Customer
34059,29,1,2800,5,1,2,512,0,Recent Customer
34157,17,1,2956,5,1,2,512,0,Recent Customer
34200,24,1,1765,5,1,1,511,0,Recent Customer
34381,73,1,10983,3,1,4,314,4,Regular Customer
34519,36,2,10294,4,1,4,414,0,Recent Customer
34570,49,1,9063,4,1,4,414,4,Regular Customer
34598,103,2,5452,2,1,3,213,1,Regular Customer
34630,69,1,846,3,1,1,311,4,Regular Customer
34648,109,1,9915,2,1,4,214,1,At Risk Customer
34665,88,2,519,2,1,1,211,4,Regular Customer
34667,81,1,753,3,1,1,311,4,Regular Customer
34705,44,1,15592,4,1,5,415,0,Regular Customer
34825,55,1,3957,4,1,2,412,4,Regular Customer
34850,17,1,12452,5,1,4,514,0,Recent Customer
34923,50,1,10148,4,1,4,414,4,Regular Customer
34951,137,4,16380,1,2,5,125,1,VIP Customer
34955,56,1,504,4,1,1,411,4,Regular Customer
35112,102,1,1349,2,1,1,211,1,Regular Customer
35157,31,1,8018,4,1,3,413,0,Recent Customer
35186,31,1,2259,4,1,1,411,0,Recent Customer
35339,113,1,118,1,1,1,111,1,At Risk Customer
35623,45,4,10123,4,2,4,424,0,Loyal Customer
36007,127,1,9696,1,1,4,114,1,At Risk Customer
36250,86,1,8492,2,1,4,214,4,Regular Customer
36310,88,1,520,2,1,1,211,4,Regular Customer
36450,136,1,4817,1,1,3,113,1,At Risk Customer
36502,85,3,26847,2,2,5,225,4,Loyal Customer
36640,26,1,5160,5,1,3,513,0,Recent Customer
36682,56,1,7563,4,1,3,413,4,Regular Customer
36707,61,1,7864,3,1,3,313,4,Regular Customer
36866,7,2,17635,5,1,5,515,0,Recent Customer
36989,119,1,2200,1,1,1,111,1,At Risk Customer
37093,50,1,5238,4,1,3,413,4,Regular Customer
37183,58,1,5894,4,1,3,413,4,Regular Customer
37191,4,1,13866,5,1,5,515,0,Recent Customer
37288,81,1,2656,3,1,2,312,4,Regular Customer
37382,108,1,2306,2,1,2,212,1,At Risk Customer
37574,33,1,3213,4,1,2,412,0,Recent Customer
37845,25,1,15472,5,1,5,515,0,Recent Customer
37972,44,1,4358,4,1,2,412,0,Regular Customer
38015,105,2,5947,2,1,3,213,1,At Risk Customer
38102,112,1,723,1,1,1,111,1,At Risk Customer
38103,31,7,37358,4,2,5,425,0,VIP Customer
38245,114,1,7262,1,1,3,113,1,At Risk Customer
38711,59,2,14702,3,1,5,315,4,Regular Customer
38878,88,1,17088,2,1,5,215,4,Regular Customer
39203,2,1,14643,5,1,5,515,0,Recent Customer
39272,82,1,617,3,1,1,311,4,Regular Customer
39467,46,1,4944,4,1,3,413,0,Regular Customer
39480,84,4,27061,3,2,5,325,4,VIP Customer
39706,128,1,3904,1,1,2,112,1,At Risk Customer
39985,18,1,2239,5,1,1,511,0,Recent Customer
40024,38,1,6414,4,1,3,413,0,Regular Customer
40050,116,1,47,1,1,1,111,1,At Risk Customer
40175,107,1,3554,2,1,2,212,1,At Risk Customer
40251,92,1,4522,2,1,2,212,4,Regular Customer
40353,56,1,3861,4,1,2,412,4,Regular Customer
40618,124,1,2028,1,1,1,111,1,At Risk Customer
40802,135,1,3620,1,1,2,112,1,At Risk Customer
40879,106,1,144,2,1,1,211,1,At Risk Customer
41016,122,1,5288,1,1,3,113,1,At Risk Customer
41098,85,1,19892,2,1,5,215,4,High Value Customer
41278,123,1,16156,1,1,5,115,1,At Risk Customer
41386,136,1,120,1,1,1,111,1,At Risk Customer
41416,7,1,4424,5,1,2,512,0,Recent Customer
41529,133,1,17824,1,1,5,115,1,At Risk Customer
41903,87,1,9170,2,1,4,214,4,Regular Customer
42011,31,1,14874,4,1,5,415,0,Recent Customer
42040,106,1,2394,2,1,2,212,1,At Risk Customer
42059,124,1,9100,1,1,4,114,1,At Risk Customer
42168,3,1,858,5,1,1,511,0,Recent Customer
42192,136,1,13496,1,1,4,114,1,At Risk Customer
42261,44,1,2800,4,1,2,412,0,Regular Customer
42326,85,1,14168,2,1,5,215,4,Regular Customer
42435,101,1,2298,2,1,2,212,1,Regular Customer
42552,11,13,81276,5,2,5,525,0,VIP Customer
42669,49,1,10971,4,1,4,414,4,Regular Customer
42857,53,1,5968,4,1,3,413,4,Regular Customer
42942,103,1,10197,2,1,4,214,1,Regular Customer
43176,4,2,15155,5,1,5,515,0,Recent Customer
43354,93,1,6468,2,1,3,213,1,Regular Customer
43393,123,1,7296,1,1,3,113,1,At Risk Customer
43605,88,1,8752,2,1,4,214,4,Regular Customer
43643,43,1,4241,4,1,2,412,0,Regular Customer
43687,28,1,9120,5,1,4,514,0,Recent Customer
43770,128,1,5744,1,1,3,113,1,At Risk Customer
43775,94,1,11145,2,1,4,214,1,Regular Customer
43804,87,1,1913,2,1,1,211,4,Regular Customer
44326,52,1,19380,4,1,5,415,4,High Value Customer
44566,51,1,1640,4,1,1,411,4,Regular Customer
44880,37,2,4774,4,1,3,413,0,Recent Customer
44885,113,1,8838,1,1,4,114,1,At Risk Customer
45018,99,2,30605,2,1,5,215,1,High Value Customer
45113,52,1,19388,4,1,5,415,4,High Value Customer
45183,58,1,5244,4,1,3,413,4,Regular Customer
45270,11,1,1012,5,1,1,511,0,Recent Customer
45512,103,1,8850,2,1,4,214,1,Regular Customer
45825,78,2,21531,3,1,5,315,4,High Value Customer
45870,81,2,7337,3,1,3,313,4,Regular Customer
45969,17,1,633,5,1,1,511,0,Recent Customer
46167,124,2,853,1,1,1,111,1,At Risk Customer
46535,94,4,42832,2,2,5,225,1,VIP Customer
46568,61,1,9652,3,1,4,314,4,Regular Customer
46748,13,1,3130,5,1,2,512,0,Recent Customer
46805,115,1,5919,1,1,3,113,1,At Risk Customer
46841,37,1,1904,4,1,1,411,0,Recent Customer
47004,86,1,2850,2,1,2,212,4,Regular Customer
47029,137,2,2460,1,1,2,112,1,At Risk Customer
47153,9,1,10116,5,1,4,514,0,Recent Customer
47197,52,1,19116,4,1,5,415,4,High Value Customer
47433,3,1,6918,5,1,3,513,0,Recent Customer
47467,123,1,2660,1,1,2,112,1,At Risk Customer
47582,50,1,1996,4,1,1,411,4,Regular Customer
47803,8,2,6603,5,1,3,513,0,Recent Customer
48168,37,1,17496,4,1,5,415,0,Recent Customer
48245,46,1,3142,4,1,2,412,0,Regular Customer
48703,82,1,2203,3,1,1,311,4,Regular Customer
48728,70,3,4214,3,2,2,322,4,Loyal Customer
48768,125,1,12831,1,1,4,114,1,At Risk Customer
48820,57,34,170502,4,2,5,425,4,VIP Customer
48896,129,1,1964,1,1,1,111,1,At Risk Customer
49120,110,1,3460,2,1,2,212,1,At Risk Customer
49158,85,1,14992,2,1,5,215,4,Regular Customer
49266,4,1,3834,5,1,2,512,0,Recent Customer
49275,124,1,13263,1,1,4,114,1,At Risk Customer
49347,73,1,19356,3,1,5,315,4,High Value Customer
49384,87,1,3444,2,1,2,212,4,Regular Customer
50340,38,1,6532,4,1,3,413,0,Regular Customer
50467,94,1,4559,2,1,2,212,1,Regular Customer
50555,84,1,6045,3,1,3,313,4,Regular Customer
50687,8,1,4870,5,1,3,513,0,Recent Customer
50847,110,1,7578,2,1,3,213,1,At Risk Customer
50921,107,2,27264,2,1,5,215,1,High Value Customer
51304,35,1,15908,4,1,5,415,0,Recent Customer
51591,32,1,9940,4,1,4,414,0,Recent Customer
51595,129,2,3010,1,1,2,112,1,At Risk Customer
51613,76,1,3573,3,1,2,312,4,Regular Customer
51670,58,1,17128,4,1,5,415,4,Regular Customer
51676,135,1,2913,1,1,2,112,1,At Risk Customer
51831,133,2,3673,1,1,2,112,1,At Risk Customer
51951,69,1,15416,3,1,5,315,4,Regular Customer
52108,106,1,8460,2,1,4,214,1,At Risk Customer
52183,50,1,102,4,1,1,411,4,Regular Customer
52305,32,1,1282,4,1,1,411,0,Recent Customer
52363,23,1,9507,5,1,4,514,0,Recent Customer
52406,27,1,19396,5,1,5,515,0,High Value Customer
52452,94,1,4838,2,1,3,213,1,Regular Customer
52484,73,1,7182,3,1,3,313,4,Regular Customer
52493,19,1,2302,5,1,2,512,0,Recent Customer
52674,91,1,3630,2,1,2,212,4,Regular Customer
52701,24,1,2372,5,1,2,512,0,Recent Customer
52860,92,1,1729,2,1,1,211,4,Regular Customer
52940,85,1,8214,2,1,3,213,4,Regular Customer
52967,20,1,5834,5,1,3,513,0,Recent Customer
53051,66,3,36064,3,2,5,325,4,Loyal Customer
53164,10,2,5457,5,1,3,513,0,Recent Customer
53181,106,1,220,2,1,1,211,1,At Risk Customer
53691,53,1,600,4,1,1,411,4,Regular Customer
53842,120,64,349358,1,2,5,125,3,VIP Customer
53925,79,1,3335,3,1,2,312,4,Regular Customer
53982,91,2,12816,2,1,4,214,4,Regular Customer
54002,111,1,11175,2,1,4,214,1,At Risk Customer
54007,126,1,8344,1,1,4,114,1,At Risk Customer
54011,116,1,1737,1,1,1,111,1,At Risk Customer
54017,72,1,1726,3,1,1,311,4,Regular Customer
54032,120,1,2751,1,1,2,112,1,At Risk Customer
54121,70,1,5444,3,1,3,313,4,Regular Customer
54210,12,1,3053,5,1,2,512,0,Recent Customer
54493,75,2,25482,3,1,5,315,4,High Value Customer
54524,64,3,15535,3,2,5,325,4,Loyal Customer
54535,137,4,16411,1,2,5,125,1,VIP Customer
54639,55,1,4258,4,1,2,412,4,Regular Customer
54672,136,1,2920,1,1,2,112,1,At Risk Customer
54845,26,1,34,5,1,1,511,0,Recent Customer
54958,66,1,4902,3,1,3,313,4,Regular Customer
54960,54,1,6228,4,1,3,413,4,Regular Customer
55018,101,1,4332,2,1,2,212,1,Regular Customer
55023,99,1,3301,2,1,2,212,1,Regular Customer
55135,109,1,13828,2,1,5,215,1,At Risk Customer
55270,113,1,10812,1,1,4,114,1,At Risk Customer
55389,122,7,44958,1,2,5,125,1,VIP Customer
55599,37,1,2398,4,1,2,412,0,Recent Customer
55609,89,1,11724,2,1,4,214,4,Regular Customer
55697,91,1,8112,2,1,3,213,4,Regular Customer
55838,124,4,12634,1,2,4,124,1,Loyal Customer
55843,122,1,2204,1,1,1,111,1,At Risk Customer
55897,6,1,3486,5,1,2,512,0,Recent Customer
56096,17,1,5349,5,1,3,513,0,Recent Customer
56203,52,1,6028,4,1,3,413,4,Regular Customer
56312,91,1,5404,2,1,3,213,4,Regular Customer
56332,112,1,7476,1,1,3,113,1,At Risk Customer
56541,75,1,15348,3,1,5,315,4,Regular Customer
56645,39,1,2094,4,1,1,411,0,Regular Customer
56745,93,1,1354,2,1,1,211,1,Regular Customer
56775,134,2,13165,1,1,4,114,1,At Risk Customer
56971,6,1,915,5,1,1,511,0,Recent Customer
57006,104,1,1980,2,1,1,211,1,Regular Customer
57088,57,1,1588,4,1,1,411,4,Regular Customer
57111,85,1,3431,2,1,2,212,4,Regular Customer
57246,135,1,4710,1,1,3,113,1,At Risk Customer
57499,60,1,4096,3,1,2,312,4,Regular Customer
57559,37,1,954,4,1,1,411,0,Recent Customer
57739,82,1,4996,3,1,3,313,4,Regular Customer
57905,107,44,283029,2,2,5,225,1,VIP Customer
57925,51,1,1710,4,1,1,411,4,Regular Customer
57929,36,1,5067,4,1,3,413,0,Recent Customer
58013,27,1,6350,5,1,3,513,0,Recent Customer
58024,99,2,7549,2,1,3,213,1,Regular Customer
58074,91,1,6610,2,1,3,213,4,Regular Customer
58597,28,2,9966,5,1,4,514,0,Recent Customer
58730,100,1,17300,2,1,5,215,1,Regular Customer
58740,68,1,13086,3,1,4,314,4,Regular Customer
58970,50,1,2956,4,1,2,412,4,Regular Customer
59209,44,1,9490,4,1,4,414,0,Regular Customer
59291,20,2,6562,5,1,3,513,0,Recent Customer
59399,124,1,8223,1,1,3,113,1,At Risk Customer
59604,37,1,4994,4,1,3,413,0,Recent Customer
59776,55,1,14144,4,1,5,415,4,Regular Customer
59784,53,1,1824,4,1,1,411,4,Regular Customer
59803,114,1,648,1,1,1,111,1,At Risk Customer
59832,128,1,567,1,1,1,111,1,At Risk Customer
60025,33,1,4464,4,1,2,412,0,Recent Customer
60099,126,1,3785,1,1,2,112,1,At Risk Customer
60497,72,1,3337,3,1,2,312,4,Regular Customer
60568,94,1,655,2,1,1,211,1,Regular Customer
60711,10,3,16627,5,2,5,525,0,Loyal Customer
60790,52,1,13836,4,1,5,415,4,Regular Customer
61323,123,1,4680,1,1,3,113,1,At Risk Customer
61334,91,1,2090,2,1,1,211,4,Regular Customer
61635,73,1,3248,3,1,2,312,4,Regular Customer
61720,58,1,13617,4,1,4,414,4,Regular Customer
61806,108,1,13448,2,1,4,214,1,At Risk Customer
62004,0,1,15664,5,1,5,515,0,Recent Customer
62058,104,1,13848,2,1,5,215,1,Regular Customer
62139,119,2,7645,1,1,3,113,1,At Risk Customer
62155,132,1,11376,1,1,4,114,1,At Risk Customer
62330,127,1,9568,1,1,4,114,1,At Risk Customer
62368,11,1,1044,5,1,1,511,0,Recent Customer
62377,28,1,2505,5,1,2,512,0,Recent Customer
62434,2,1,2755,5,1,2,512,0,Recent Customer
62489,100,1,5056,2,1,3,213,1,Regular Customer
62602,46,1,13362,4,1,4,414,0,Regular Customer
62656,60,1,8852,3,1,4,314,4,Regular Customer
62679,91,1,4013,2,1,2,212,4,Regular Customer
62694,79,1,617,3,1,1,311,4,Regular Customer
62701,123,1,4508,1,1,2,112,1,At Risk Customer
62762,131,1,20,1,1,1,111,1,At Risk Customer
62893,59,1,4552,3,1,2,312,4,Regular Customer
62990,79,1,1092,3,1,1,311,4,Regular Customer
63140,43,1,2754,4,1,2,412,0,Regular Customer
63156,79,1,8244,3,1,3,313,4,Regular Customer
63181,128,1,9508,1,1,4,114,1,At Risk Customer
63208,102,1,2758,2,1,2,212,1,Regular Customer
63274,72,3,6873,3,2,3,323,4,Loyal Customer
63351,63,1,10860,3,1,4,314,4,Regular Customer
63475,87,1,8008,2,1,3,213,4,Regular Customer
63786,15,2,16898,5,1,5,515,0,Recent Customer
64099,128,1,3682,1,1,2,112,1,At Risk Customer
64444,81,1,802,3,1,1,311,4,Regular Customer
64575,27,1,7842,5,1,3,513,0,Recent Customer
64763,86,2,5737,2,1,3,213,4,Regular Customer
64931,127,5,23098,1,2,5,125,1,VIP Customer
65124,87,1,17388,2,1,5,215,4,Regular Customer
65149,113,1,5584,1,1,3,113,1,At Risk Customer
65210,113,1,5516,1,1,3,113,1,At Risk Customer
65249,108,1,7908,2,1,3,213,1,At Risk Customer
65471,113,1,19976,1,1,5,115,1,High Value Customer
65737,43,1,2664,4,1,2,412,0,Regular Customer
65740,72,2,23570,3,1,5,315,4,High Value Customer
65927,77,1,10386,3,1,4,314,4,Regular Customer
66052,85,1,3753,2,1,2,212,4,Regular Customer
66139,25,1,2530,5,1,2,512,0,Recent Customer
66238,53,1,2218,4,1,1,411,4,Regular Customer
66313,115,1,14715,1,1,5,115,1,At Risk Customer
66317,53,1,4680,4,1,3,413,4,Regular Customer
67015,66,2,11265,3,1,4,314,4,Regular Customer
67264,29,1,5538,5,1,3,513,0,Recent Customer
67301,46,1,9600,4,1,4,414,0,Regular Customer
67370,67,1,2553,3,1,2,312,4,Regular Customer
67712,100,2,2727,2,1,2,212,1,Regular Customer
67744,19,2,5305,5,1,3,513,0,Recent Customer
67803,138,1,6124,1,1,3,113,1,At Risk Customer
68085,130,2,7070,1,1,3,113,1,At Risk Customer
68087,12,1,17676,5,1,5,515,0,Recent Customer
68318,10,2,9372,5,1,4,514,0,Recent Customer
68418,5,1,4239,5,1,2,512,0,Recent Customer
68449,88,1,3758,2,1,2,212,4,Regular Customer
68557,87,2,8579,2,1,4,214,4,Regular Customer
68601,35,1,3865,4,1,2,412,0,Recent Customer
68646,19,1,2571,5,1,2,512,0,Recent Customer
68748,6,1,14004,5,1,5,515,0,Recent Customer
68759,65,1,7842,3,1,3,313,4,Regular Customer
68804,138,1,4452,1,1,2,112,1,At Risk Customer
69044,25,2,1349,5,1,1,511,0,Recent Customer
69072,75,1,4724,3,1,3,313,4,Regular Customer
69301,94,2,7010,2,1,3,213,1,Regular Customer
69442,45,2,33936,4,1,5,415,0,High Value Customer
69543,133,2,16535,1,1,5,115,1,At Risk Customer
69645,67,2,16483,3,1,5,315,4,Regular Customer
69804,108,1,8942,2,1,4,214,1,At Risk Customer
69880,121,1,2614,1,1,2,112,1,At Risk Customer
69982,10,1,4396,5,1,2,512,0,Recent Customer
70570,73,1,13509,3,1,4,314,4,Regular Customer
70678,136,1,12849,1,1,4,114,1,At Risk Customer
70888,35,1,14715,4,1,5,415,0,Recent Customer
70999,52,2,14309,4,1,5,415,4,Regular Customer
71167,6,1,10779,5,1,4,514,0,Recent Customer
71192,89,1,9278,2,1,4,214,4,Regular Customer
71272,89,2,14843,2,1,5,215,4,Regular Customer
71586,11,1,2467,5,1,2,512,0,Recent Customer
71689,33,1,10920,4,1,4,414,0,Recent Customer
71746,3,1,7736,5,1,3,513,0,Recent Customer
71753,51,1,2477,4,1,2,412,4,Regular Customer
71927,137,1,14433,1,1,5,115,1,At Risk Customer
72155,100,1,9045,2,1,4,214,1,Regular Customer
72194,31,1,2197,4,1,1,411,0,Recent Customer
72232,103,1,4850,2,1,3,213,1,Regular Customer
72254,77,2,28735,3,1,5,315,4,High Value Customer
72302,95,2,4969,2,1,3,213,1,Regular Customer
72373,44,1,4934,4,1,3,413,0,Regular Customer
72569,115,1,2796,1,1,2,112,1,At Risk Customer
72783,35,1,13842,4,1,5,415,0,Recent Customer
72828,87,1,7200,2,1,3,213,4,Regular Customer
72944,65,1,2200,3,1,1,311,4,Regular Customer
73029,79,1,4856,3,1,3,313,4,Regular Customer
73292,2,2,16788,5,1,5,515,0,Recent Customer
73306,34,6,69488,4,2,5,425,0,VIP Customer
73341,52,1,3430,4,1,2,412,4,Regular Customer
73356,69,1,2338,3,1,2,312,4,Regular Customer
73483,9,1,3352,5,1,2,512,0,Recent Customer
73501,68,1,12519,3,1,4,314,4,Regular Customer
73567,76,2,18005,3,1,5,315,4,Regular Customer
73635,58,1,1956,4,1,1,411,4,Regular Customer
73645,114,1,8313,1,1,4,114,1,At Risk Customer
73679,115,1,10443,1,1,4,114,1,At Risk Customer
73819,45,1,2280,4,1,1,411,0,Regular Customer
73856,103,3,30584,2,2,5,225,1,Loyal Customer
73867,11,1,1252,5,1,1,511,0,Recent Customer
73963,57,1,3740,4,1,2,412,4,Regular Customer
74080,105,1,2301,2,1,2,212,1,At Risk Customer
74260,61,1,4711,3,1,3,313,4,Regular Customer
74280,58,1,4122,4,1,2,412,4,Regular Customer
74404,79,1,1796,3,1,1,311,4,Regular Customer
74483,105,1,3142,2,1,2,212,1,At Risk Customer
74699,13,1,3340,5,1,2,512,0,Recent Customer
74832,59,1,7888,3,1,3,313,4,Regular Customer
74920,32,2,19445,4,1,5,415,0,High Value Customer
75424,29,10,76986,5,2,5,525,0,VIP Customer
75595,13,1,6084,5,1,3,513,0,Recent Customer
75630,9,3,13310,5,2,4,524,0,Loyal Customer
75653,122,1,4769,1,1,3,113,1,At Risk Customer
75826,52,1,8126,4,1,3,413,4,Regular Customer
76124,11,1,4155,5,1,2,512,0,Recent Customer
76301,52,2,2712,4,1,2,412,4,Regular Customer
76347,87,1,8358,2,1,4,214,4,Regular Customer
76475,53,1,2407,4,1,2,412,4,Regular Customer
76565,111,1,12804,2,1,4,214,1,At Risk Customer
76757,86,185,1174430,2,2,5,225,3,VIP Customer
76913,64,1,5434,3,1,3,313,4,Regular Customer
77032,3,2,26229,5,1,5,515,0,High Value Customer
77215,3,2,12627,5,1,4,514,0,Recent Customer
77253,119,1,12021,1,1,4,114,1,At Risk Customer
77261,3,1,17736,5,1,5,515,0,Recent Customer
77268,18,1,116,5,1,1,511,0,Recent Customer
77524,2,2,16088,5,1,5,515,0,Recent Customer
77659,115,2,19156,1,1,5,115,1,High Value Customer
77669,71,1,4887,3,1,3,313,4,Regular Customer
77868,35,1,13455,4,1,4,414,0,Recent Customer
78006,3,1,175,5,1,1,511,0,Recent Customer
78067,12,1,3411,5,1,2,512,0,Recent Customer
78383,87,1,2974,2,1,2,212,4,Regular Customer
78476,51,1,1580,4,1,1,411,4,Regular Customer
78755,31,1,1234,4,1,1,411,0,Recent Customer
78878,137,1,3568,1,1,2,112,1,At Risk Customer
78882,72,1,3160,3,1,2,312,4,Regular Customer
79201,137,1,17852,1,1,5,115,1,At Risk Customer
79279,87,1,8292,2,1,3,213,4,Regular Customer
79312,31,1,14072,4,1,5,415,0,Recent Customer
79452,95,2,20083,2,1,5,215,1,High Value Customer
79566,99,2,19388,2,1,5,215,1,High Value Customer
79681,119,1,2556,1,1,2,112,1,At Risk Customer
79721,52,3,42754,4,2,5,425,4,Loyal Customer
79743,74,3,23952,3,2,5,325,4,Loyal Customer
80034,35,1,17432,4,1,5,415,0,Recent Customer
80204,25,5,21432,5,2,5,525,0,VIP Customer
80244,25,1,193,5,1,1,511,0,Recent Customer
80267,4,1,15096,5,1,5,515,0,Recent Customer
80364,29,1,6588,5,1,3,513,0,Recent Customer
80434,120,1,4695,1,1,3,113,1,At Risk Customer
80580,64,1,12942,3,1,4,314,4,Regular Customer
80604,129,1,5566,1,1,3,113,1,At Risk Customer
80635,39,1,1629,4,1,1,411,0,Regular Customer
80964,22,1,4023,5,1,2,512,0,Recent Customer
81526,51,1,4101,4,1,2,412,4,Regular Customer
81638,59,2,11853,3,1,4,314,4,Regular Customer
81688,109,1,5979,2,1,3,213,1,At Risk Customer
81742,30,1,7508,5,1,3,513,0,Recent Customer
81811,121,2,18019,1,1,5,115,1,At Risk Customer
82009,26,1,2430,5,1,2,512,0,Recent Customer
82051,6,1,1830,5,1,1,511,0,Recent Customer
82084,29,1,10542,5,1,4,514,0,Recent Customer
82251,66,1,8604,3,1,4,314,4,Regular Customer
82318,73,4,41852,3,2,5,325,4,VIP Customer
82581,65,1,7162,3,1,3,313,4,Regular Customer
82759,32,1,6432,4,1,3,413,0,Recent Customer
82819,127,1,386,1,1,1,111,1,At Risk Customer
83052,67,1,6471,3,1,3,313,4,Regular Customer
83319,112,1,5577,1,1,3,113,1,At Risk Customer
83368,136,1,681,1,1,1,111,1,At Risk Customer
83600,4,4,16751,5,2,5,525,0,VIP Customer
83748,47,1,16412,4,1,5,415,4,Regular Customer
83823,87,1,2776,2,1,2,212,4,Regular Customer
84233,7,2,29124,5,1,5,515,0,High Value Customer
84275,89,1,112,2,1,1,211,4,Regular Customer
84327,109,1,2338,2,1,2,212,1,At Risk Customer
84494,8,1,11928,5,1,4,514,0,Recent Customer
84580,50,1,10821,4,1,4,414,4,Regular Customer
84646,11,1,2588,5,1,2,512,0,Recent Customer
84660,95,1,998,2,1,1,211,1,Regular Customer
84928,78,1,8166,3,1,3,313,4,Regular Customer
85201,71,5,28319,3,2,5,325,4,VIP Customer
85383,65,2,8406,3,1,4,314,4,Regular Customer
85555,108,1,3608,2,1,2,212,1,At Risk Customer
85658,51,2,18812,4,1,5,415,4,High Value Customer
85734,66,15,110069,3,2,5,325,4,VIP Customer
85916,53,1,2098,4,1,1,411,4,Regular Customer
86005,44,1,1374,4,1,1,411,0,Regular Customer
86049,42,1,4230,4,1,2,412,0,Regular Customer
86082,78,1,3661,3,1,2,312,4,Regular Customer
86123,94,1,3422,2,1,2,212,1,Regular Customer
86403,23,1,9674,5,1,4,514,0,Recent Customer
86444,99,1,1727,2,1,1,211,1,Regular Customer
86609,113,1,1331,1,1,1,111,1,At Risk Customer
86669,105,1,80,2,1,1,211,1,At Risk Customer
86690,23,1,3656,5,1,2,512,0,Recent Customer
86810,57,1,2336,4,1,2,412,4,Regular Customer
86982,82,1,4742,3,1,3,313,4,Regular Customer
87226,25,1,19400,5,1,5,515,0,High Value Customer
87364,131,2,21486,1,1,5,115,1,High Value Customer
87380,16,1,9002,5,1,4,514,0,Recent Customer
87559,53,1,4395,4,1,2,412,4,Regular Customer
87660,100,1,7566,2,1,3,213,1,Regular Customer
87886,29,1,14960,5,1,5,515,0,Recent Customer
87891,18,1,14805,5,1,5,515,0,Recent Customer
88182,33,1,11696,4,1,4,414,0,Recent Customer
88183,44,1,5924,4,1,3,413,0,Regular Customer
88361,21,1,472,5,1,1,511,0,Recent Customer
88427,32,1,3601,4,1,2,412,0,Recent Customer
88696,134,1,268,1,1,1,111,1,At Risk Customer
88841,108,1,1824,2,1,1,211,1,At Risk Customer
88920,7,1,6262,5,1,3,513,0,Recent Customer
89000,106,1,152,2,1,1,211,1,At Risk Customer
89237,85,1,4491,2,1,2,212,4,Regular Customer
89426,27,1,6530,5,1,3,513,0,Recent Customer
89656,92,1,12264,2,1,4,214,4,Regular Customer
89783,52,2,4677,4,1,3,413,4,Regular Customer
89882,46,1,4172,4,1,2,412,0,Regular Customer
90080,133,1,10914,1,1,4,114,1,At Risk Customer
90093,89,1,3870,2,1,2,212,4,Regular Customer
90186,16,1,11241,5,1,4,514,0,Recent Customer
90253,118,1,11715,1,1,4,114,1,At Risk Customer
90352,95,1,11823,2,1,4,214,1,Regular Customer
90496,108,2,7450,2,1,3,213,1,At Risk Customer
90565,81,1,35,3,1,1,311,4,Regular Customer
90902,53,1,1301,4,1,1,411,4,Regular Customer
91370,107,1,2040,2,1,1,211,1,At Risk Customer
91900,103,1,3754,2,1,2,212,1,Regular Customer
91913,39,1,6818,4,1,3,413,0,Regular Customer
92098,137,1,4224,1,1,2,112,1,At Risk Customer
92159,53,1,3904,4,1,2,412,4,Regular Customer
92347,102,1,6452,2,1,3,213,1,Regular Customer
92384,134,2,14143,1,1,5,115,1,At Risk Customer
93232,134,1,7392,1,1,3,113,1,At Risk Customer
93328,15,1,3053,5,1,2,512,0,Recent Customer
93424,3,1,7602,5,1,3,513,0,Recent Customer
93652,12,1,4950,5,1,3,513,0,Recent Customer
93887,137,1,14980,1,1,5,115,1,At Risk Customer
93978,81,1,5091,3,1,3,313,4,Regular Customer
94030,54,4,45962,4,2,5,425,4,VIP Customer
94071,63,1,19636,3,1,5,315,4,High Value Customer
94177,101,1,10848,2,1,4,214,1,Regular Customer
94182,45,1,7401,4,1,3,413,0,Regular Customer
94235,55,1,13568,4,1,4,414,4,Regular Customer
94463,79,2,25451,3,1,5,315,4,High Value Customer
94529,120,1,6624,1,1,3,113,1,At Risk Customer
94751,134,1,4628,1,1,2,112,1,At Risk Customer
94832,118,1,2064,1,1,1,111,1,At Risk Customer
94994,72,1,546,3,1,1,311,4,Regular Customer
95059,36,1,417,4,1,1,411,0,Recent Customer
95090,63,1,12316,3,1,4,314,4,Regular Customer
95161,51,1,2708,4,1,2,412,4,Regular Customer
95233,106,1,10113,2,1,4,214,1,At Risk Customer
95536,111,1,17964,2,1,5,215,1,At Risk Customer
95794,106,1,1918,2,1,1,211,1,At Risk Customer
96196,52,1,2652,4,1,2,412,4,Regular Customer
96387,27,1,1905,5,1,1,511,0,Recent Customer
96558,50,1,6530,4,1,3,413,4,Regular Customer
96640,46,1,7698,4,1,3,413,0,Regular Customer
96705,115,1,8712,1,1,4,114,1,At Risk Customer
96947,62,1,4405,3,1,2,312,4,Regular Customer
97209,132,1,9096,1,1,4,114,1,At Risk Customer
97480,65,1,13950,3,1,5,315,4,Regular Customer
97675,64,12,75037,3,2,5,325,4,VIP Customer
97865,22,1,14265,5,1,5,515,0,Recent Customer
97992,88,1,19976,2,1,5,215,4,High Value Customer
98071,112,6,37735,1,2,5,125,1,VIP Customer
98093,29,1,38,5,1,1,511,0,Recent Customer
98364,81,1,730,3,1,1,311,4,Regular Customer
98371,50,1,6636,4,1,3,413,4,Regular Customer
98492,42,1,4636,4,1,2,412,0,Regular Customer
98499,135,1,5925,1,1,3,113,1,At Risk Customer
98772,29,2,18503,5,1,5,515,0,High Value Customer
98799,16,1,3400,5,1,2,512,0,Recent Customer
98887,84,1,7402,3,1,3,313,4,Regular Customer
99015,53,1,688,4,1,1,411,4,Regular Customer
99081,19,1,828,5,1,1,511,0,Recent Customer
99160,6,1,14332,5,1,5,515,0,Recent Customer
99569,47,1,12348,4,1,4,414,4,Regular Customer
99589,11,1,4133,5,1,2,512,0,Recent Customer
99634,95,1,1608,2,1,1,211,1,Regular Customer
99661,127,1,3580,1,1,2,112,1,At Risk Customer
99743,115,1,401,1,1,1,111,1,At Risk Customer
99830,108,2,14474,2,1,5,215,1,At Risk Customer
99915,51,1,2728,4,1,2,412,4,Regular Customer
99962,40,1,3232,4,1,2,412,0,Regular Customer
100012,26,1,15192,5,1,5,515,0,Recent Customer
100020,114,1,2781,1,1,2,112,1,At Risk Customer
100067,53,1,1560,4,1,1,411,4,Regular Customer
100198,39,1,13512,4,1,4,414,0,Regular Customer
100439,15,1,1783,5,1,1,511,0,Recent Customer
100459,82,1,6720,3,1,3,313,4,Regular Customer
100539,102,1,2702,2,1,2,212,1,Regular Customer
100790,29,1,2079,5,1,1,511,0,Recent Customer
100809,63,3,20100,3,2,5,325,4,Loyal Customer
100840,107,1,1533,2,1,1,211,1,At Risk Customer
100852,43,1,18980,4,1,5,415,0,High Value Customer
100894,35,1,18004,4,1,5,415,0,Recent Customer
100988,82,2,2974,3,1,2,312,4,Regular Customer
101161,108,1,3921,2,1,2,212,1,At Risk Customer
101175,32,24,132668,4,2,5,425,0,VIP Customer
101483,131,1,9723,1,1,4,114,1,At Risk Customer
101633,16,1,9560,5,1,4,514,0,Recent Customer
101747,65,1,2354,3,1,2,312,4,Regular Customer
101821,18,1,10383,5,1,4,514,0,Recent Customer
102019,109,2,26760,2,1,5,215,1,High Value Customer
102227,6,1,10460,5,1,4,514,0,Recent Customer
102454,4,1,586,5,1,1,511,0,Recent Customer
102507,67,3,15117,3,2,5,325,4,Loyal Customer
102636,11,1,784,5,1,1,511,0,Recent Customer
102676,93,1,1400,2,1,1,211,1,Regular Customer
102742,115,1,54,1,1,1,111,1,At Risk Customer
102877,59,1,3861,3,1,2,312,4,Regular Customer
102957,25,1,4995,5,1,3,513,0,Recent Customer
103171,9,1,3188,5,1,2,512,0,Recent Customer
103408,68,1,14684,3,1,5,315,4,Regular Customer
103637,60,5,35705,3,2,5,325,4,VIP Customer
103744,31,1,13350,4,1,4,414,0,Recent Customer
103808,58,1,19500,4,1,5,415,4,High Value Customer
103993,52,2,17560,4,1,5,415,4,Regular Customer
104058,79,5,57205,3,2,5,325,4,VIP Customer
104182,117,1,3854,1,1,2,112,1,At Risk Customer
104260,9,1,1004,5,1,1,511,0,Recent Customer
104434,60,1,293,3,1,1,311,4,Regular Customer
104522,91,1,4365,2,1,2,212,4,Regular Customer
104560,55,1,10539,4,1,4,414,4,Regular Customer
104815,127,1,2770,1,1,2,112,1,At Risk Customer
104850,5,1,1096,5,1,1,511,0,Recent Customer
104866,49,1,2770,4,1,2,412,4,Regular Customer
104929,67,1,11192,3,1,4,314,4,Regular Customer
104974,121,2,14154,1,1,5,115,1,At Risk Customer
105003,57,1,4298,4,1,2,412,4,Regular Customer
105033,106,1,2408,2,1,2,212,1,At Risk Customer
105090,8,1,18312,5,1,5,515,0,Recent Customer
105164,84,1,2714,3,1,2,312,4,Regular Customer
105283,86,1,7160,2,1,3,213,4,Regular Customer
105465,20,1,7812,5,1,3,513,0,Recent Customer
105552,44,1,2103,4,1,1,411,0,Regular Customer
105693,32,1,6700,4,1,3,413,0,Recent Customer
105729,31,1,19884,4,1,5,415,0,High Value Customer
105795,100,1,4892,2,1,3,213,1,Regular Customer
105857,23,1,17432,5,1,5,515,0,Recent Customer
106106,127,1,4299,1,1,2,112,1,At Risk Customer
106381,44,1,1585,4,1,1,411,0,Regular Customer
106470,84,1,4741,3,1,3,313,4,Regular Customer
106515,83,1,205,3,1,1,311,4,Regular Customer
106554,60,1,15172,3,1,5,315,4,Regular Customer
106626,52,1,18292,4,1,5,415,4,Regular Customer
106733,107,1,7521,2,1,3,213,1,At Risk Customer
107007,44,1,17004,4,1,5,415,0,Regular Customer
107025,122,1,3920,1,1,2,112,1,At Risk Customer
107314,2,1,17140,5,1,5,515,0,Recent Customer
107692,7,1,5610,5,1,3,513,0,Recent Customer
107797,20,1,4680,5,1,3,513,0,Recent Customer
107935,124,1,3832,1,1,2,112,1,At Risk Customer
107944,91,1,1984,2,1,1,211,4,Regular Customer
107998,38,1,2826,4,1,2,412,0,Regular Customer
108101,122,1,1954,1,1,1,111,1,At Risk Customer
108464,95,1,11583,2,1,4,214,1,Regular Customer
108570,11,1,625,5,1,1,511,0,Recent Customer
108759,116,1,11660,1,1,4,114,1,At Risk Customer
108813,23,1,7724,5,1,3,513,0,Recent Customer
108868,50,1,999,4,1,1,411,4,Regular Customer
108972,105,1,11676,2,1,4,214,1,At Risk Customer
108997,3,1,9177,5,1,4,514,0,Recent Customer
109095,91,1,5799,2,1,3,213,4,Regular Customer
109106,120,1,8388,1,1,4,114,1,At Risk Customer
109184,45,6,45614,4,2,5,425,0,VIP Customer
109246,89,1,3903,2,1,2,212,4,Regular Customer
109293,23,1,5314,5,1,3,513,0,Recent Customer
109357,112,19,129117,1,2,5,125,1,VIP Customer
109408,105,1,5586,2,1,3,213,1,At Risk Customer
109433,77,1,4976,3,1,3,313,4,Regular Customer
109662,39,1,3682,4,1,2,412,0,Regular Customer
109670,64,1,2320,3,1,2,312,4,Regular Customer
109717,131,2,6192,1,1,3,113,1,At Risk Customer
109721,51,1,6958,4,1,3,413,4,Regular Customer
109826,135,1,16580,1,1,5,115,1,At Risk Customer
109850,39,1,848,4,1,1,411,0,Regular Customer
109926,59,1,3806,3,1,2,312,4,Regular Customer
109982,73,1,2468,3,1,2,312,4,Regular Customer
110014,103,1,3773,2,1,2,212,1,Regular Customer
110090,26,1,1322,5,1,1,511,0,Recent Customer
110227,4,1,1954,5,1,1,511,0,Recent Customer
110412,48,2,19663,4,1,5,415,4,High Value Customer
110481,7,1,3860,5,1,2,512,0,Recent Customer
110561,20,2,25851,5,1,5,515,0,High Value Customer
110606,44,1,4962,4,1,3,413,0,Regular Customer
110660,26,1,3352,5,1,2,512,0,Recent Customer
110905,33,1,14904,4,1,5,415,0,Recent Customer
111080,59,1,4809,3,1,3,313,4,Regular Customer
111209,50,1,2424,4,1,2,412,4,Regular Customer
111325,87,1,8661,2,1,4,214,4,Regular Customer
111382,53,1,843,4,1,1,411,4,Regular Customer
111668,74,1,7503,3,1,3,313,4,Regular Customer
111748,8,1,826,5,1,1,511,0,Recent Customer
112167,93,1,3893,2,1,2,212,1,Regular Customer
112253,33,1,1869,4,1,1,411,0,Recent Customer
112257,51,1,2412,4,1,2,412,4,Regular Customer
112323,92,1,73,2,1,1,211,4,Regular Customer
112417,102,1,12441,2,1,4,214,1,Regular Customer
112518,71,1,6372,3,1,3,313,4,Regular Customer
112578,43,1,13164,4,1,4,414,0,Regular Customer
112596,123,1,5548,1,1,3,113,1,At Risk Customer
112757,71,4,18122,3,2,5,325,4,VIP Customer
112855,79,1,1484,3,1,1,311,4,Regular Customer
113028,85,1,6306,2,1,3,213,4,Regular Customer
113137,40,3,17190,4,2,5,425,0,Loyal Customer
113314,44,1,1474,4,1,1,411,0,Regular Customer
113592,17,1,1168,5,1,1,511,0,Recent Customer
113634,52,1,15960,4,1,5,415,4,Regular Customer
113995,66,1,3300,3,1,2,312,4,Regular Customer
114108,27,1,7038,5,1,3,513,0,Recent Customer
114349,49,1,4962,4,1,3,413,4,Regular Customer
114403,46,1,7502,4,1,3,413,0,Regular Customer
114450,10,1,4658,5,1,3,513,0,Recent Customer
114828,7,1,265,5,1,1,511,0,Recent Customer
114903,114,1,10143,1,1,4,114,1,At Risk Customer
114915,42,1,7200,4,1,3,413,0,Regular Customer
115055,66,1,19844,3,1,5,315,4,High Value Customer
115257,42,5,32561,4,2,5,425,0,VIP Customer
115417,87,1,6200,2,1,3,213,4,Regular Customer
115573,31,1,1776,4,1,1,411,0,Recent Customer
115977,86,1,10251,2,1,4,214,4,Regular Customer
116086,123,2,24615,1,1,5,115,1,High Value Customer
116095,67,2,8959,3,1,4,314,4,Regular Customer
116133,92,1,1964,2,1,1,211,4,Regular Customer
116236,61,1,8610,3,1,4,314,4,Regular Customer
116272,85,1,3312,2,1,2,212,4,Regular Customer
116322,23,1,1802,5,1,1,511,0,Recent Customer
116458,58,1,3530,4,1,2,412,4,Regular Customer
116728,29,1,3696,5,1,2,512,0,Recent Customer
116771,28,1,1643,5,1,1,511,0,Recent Customer
116830,10,1,12400,5,1,4,514,0,Recent Customer
116997,81,1,4082,3,1,2,312,4,Regular Customer
117236,95,1,3292,2,1,2,212,1,Regular Customer
117422,117,2,28788,1,1,5,115,1,High Value Customer
117436,115,1,4995,1,1,3,113,1,At Risk Customer
117934,88,3,9063,2,2,4,224,4,Loyal Customer
117973,12,1,848,5,1,1,511,0,Recent Customer
118071,64,1,648,3,1,1,311,4,Regular Customer
118129,81,3,21223,3,2,5,325,4,Loyal Customer
118200,48,1,1800,4,1,1,411,4,Regular Customer
118234,27,1,9070,5,1,4,514,0,Recent Customer
118274,5,1,4738,5,1,3,513,0,Recent Customer
118319,14,1,1108,5,1,1,511,0,Recent Customer
118450,21,2,13520,5,1,4,514,0,Recent Customer
118487,105,1,12189,2,1,4,214,1,At Risk Customer
118543,80,1,6792,3,1,3,313,4,Regular Customer
118580,113,2,8844,1,1,4,114,1,At Risk Customer
118594,53,1,3050,4,1,2,412,4,Regular Customer
118734,103,1,2542,2,1,2,212,1,Regular Customer
118831,84,1,14412,3,1,5,315,4,Regular Customer
118899,70,2,4593,3,1,2,312,4,Regular Customer
118926,50,1,9861,4,1,4,414,4,Regular Customer
119044,12,1,2845,5,1,2,512,0,Recent Customer
119084,66,1,5880,3,1,3,313,4,Regular Customer
119139,29,1,3869,5,1,2,512,0,Recent Customer
119168,76,1,19844,3,1,5,315,4,High Value Customer
119328,88,1,5466,2,1,3,213,4,Regular Customer
119362,52,1,8838,4,1,4,414,4,Regular Customer
119389,52,10,59201,4,2,5,425,4,VIP Customer
119446,10,1,18020,5,1,5,515,0,Recent Customer
119455,135,1,9387,1,1,4,114,1,At Risk Customer
119531,9,1,5080,5,1,3,513,0,Recent Customer
119578,26,2,6244,5,1,3,513,0,Recent Customer
119770,85,1,12615,2,1,4,214,4,Regular Customer
119781,28,1,21,5,1,1,511,0,Recent Customer
119827,44,2,19946,4,1,5,415,0,High Value Customer
120036,92,1,3168,2,1,2,212,4,Regular Customer
120226,122,2,9835,1,1,4,114,1,At Risk Customer
120331,61,1,4053,3,1,2,312,4,Regular Customer
120444,61,3,6540,3,2,3,323,4,Loyal Customer
120511,129,1,7024,1,1,3,113,1,At Risk Customer
120532,130,1,5847,1,1,3,113,1,At Risk Customer
120601,60,1,3336,3,1,2,312,4,Regular Customer
120699,19,2,6590,5,1,3,513,0,Recent Customer
120959,133,1,134,1,1,1,111,1,At Risk Customer
121179,85,1,3355,2,1,2,212,4,Regular Customer
121214,81,1,1117,3,1,1,311,4,Regular Customer
121299,66,4,50388,3,2,5,325,4,VIP Customer
121320,9,2,7346,5,1,3,513,0,Recent Customer
121322,108,1,2415,2,1,2,212,1,At Risk Customer
121370,99,1,13384,2,1,4,214,1,Regular Customer
121481,6,2,825,5,1,1,511,0,Recent Customer
121688,109,11,56659,2,2,5,225,1,VIP Customer
121714,115,1,1592,1,1,1,111,1,At Risk Customer
121775,14,1,3284,5,1,2,512,0,Recent Customer
121914,72,2,16970,3,1,5,315,4,Regular Customer
121951,94,1,7550,2,1,3,213,1,Regular Customer
122126,85,1,3720,2,1,2,212,4,Regular Customer
122153,92,1,8913,2,1,4,214,4,Regular Customer
122239,38,1,62,4,1,1,411,0,Regular Customer
122329,50,2,8795,4,1,4,414,4,Regular Customer
122337,95,1,7548,2,1,3,213,1,Regular Customer
122347,18,1,1540,5,1,1,511,0,Recent Customer
122385,19,1,4042,5,1,2,512,0,Recent Customer
122478,13,1,10372,5,1,4,514,0,Recent Customer
122552,14,1,201,5,1,1,511,0,Recent Customer
122568,124,1,1765,1,1,1,111,1,At Risk Customer
122598,43,1,6496,4,1,3,413,0,Regular Customer
122700,88,1,6312,2,1,3,213,4,Regular Customer
122728,87,1,816,2,1,1,211,4,Regular Customer
122929,119,1,8306,1,1,4,114,1,At Risk Customer
123031,106,1,3754,2,1,2,212,1,At Risk Customer
123036,118,2,26300,1,1,5,115,1,High Value Customer
123291,112,1,14853,1,1,5,115,1,At Risk Customer
123533,72,1,6044,3,1,3,313,4,Regular Customer
123702,101,1,3420,2,1,2,212,1,Regular Customer
123724,31,1,1790,4,1,1,411,0,Recent Customer
124102,90,1,11452,2,1,4,214,4,Regular Customer
124114,70,1,3786,3,1,2,312,4,Regular Customer
124220,34,1,1106,4,1,1,411,0,Recent Customer
124269,60,2,7727,3,1,3,313,4,Regular Customer
124489,25,1,7208,5,1,3,513,0,Recent Customer
124511,114,1,7434,1,1,3,113,1,At Risk Customer
124971,28,1,4605,5,1,2,512,0,Recent Customer
125048,29,1,8338,5,1,4,514,0,Recent Customer
125098,9,1,16016,5,1,5,515,0,Recent Customer
125197,86,1,3300,2,1,2,212,4,Regular Customer
125208,108,1,11316,2,1,4,214,1,At Risk Customer
125307,72,1,8842,3,1,4,314,4,Regular Customer
125643,66,1,6546,3,1,3,313,4,Regular Customer
125651,137,1,3727,1,1,2,112,1,At Risk Customer
125728,57,3,7643,4,2,3,423,4,Loyal Customer
125769,132,2,10191,1,1,4,114,1,At Risk Customer
125998,55,1,1084,4,1,1,411,4,Regular Customer
126139,75,1,9756,3,1,4,314,4,Regular Customer
126230,9,1,5116,5,1,3,513,0,Recent Customer
126393,122,1,2068,1,1,1,111,1,At Risk Customer
126643,18,1,4340,5,1,2,512,0,Recent Customer
126771,58,1,9537,4,1,4,414,4,Regular Customer
126779,136,2,8802,1,1,4,114,1,At Risk Customer
126834,77,3,11462,3,2,4,324,4,Loyal Customer
127240,113,2,13608,1,1,4,114,1,At Risk Customer
127366,86,1,4063,2,1,2,212,4,Regular Customer
127425,85,1,16508,2,1,5,215,4,Regular Customer
127452,45,2,5612,4,1,3,413,0,Regular Customer
127579,12,1,10264,5,1,4,514,0,Recent Customer
127718,10,1,1402,5,1,1,511,0,Recent Customer
127910,106,2,6256,2,1,3,213,1,At Risk Customer
128066,63,1,346,3,1,1,311,4,Regular Customer
128147,63,2,15388,3,1,5,315,4,Regular Customer
128188,66,1,17552,3,1,5,315,4,Regular Customer
128223,106,1,3270,2,1,2,212,1,At Risk Customer
128491,46,1,18560,4,1,5,415,0,High Value Customer
128578,106,1,3994,2,1,2,212,1,At Risk Customer
128727,47,2,12088,4,1,4,414,4,Regular Customer
129046,66,1,478,3,1,1,311,4,Regular Customer
129095,128,1,14835,1,1,5,115,1,At Risk Customer
129198,43,1,1408,4,1,1,411,0,Regular Customer
129237,114,1,7464,1,1,3,113,1,At Risk Customer
129434,79,1,14784,3,1,5,315,4,Regular Customer
129438,119,1,3219,1,1,2,112,1,At Risk Customer
129443,127,1,6108,1,1,3,113,1,At Risk Customer
129642,38,1,2160,4,1,1,411,0,Regular Customer
129689,105,1,5452,2,1,3,213,1,At Risk Customer
129708,54,2,28116,4,1,5,415,4,High Value Customer
129811,7,1,4610,5,1,2,512,0,Recent Customer
129940,74,1,4140,3,1,2,312,4,Regular Customer
130028,69,2,11537,3,1,4,314,4,Regular Customer
130293,81,2,6494,3,1,3,313,4,Regular Customer
130294,49,1,1330,4,1,1,411,4,Regular Customer
130478,128,1,4619,1,1,2,112,1,At Risk Customer
130492,40,3,27979,4,2,5,425,0,Loyal Customer
130658,45,1,15624,4,1,5,415,0,Regular Customer
130847,32,1,4437,4,1,2,412,0,Recent Customer
130917,91,1,4052,2,1,2,212,4,Regular Customer
130968,124,1,2759,1,1,2,112,1,At Risk Customer
130983,22,1,9568,5,1,4,514,0,Recent Customer
131371,34,3,16183,4,2,5,425,0,Loyal Customer
131578,91,1,18052,2,1,5,215,4,Regular Customer
131595,55,1,1234,4,1,1,411,4,Regular Customer
131725,118,1,10208,1,1,4,114,1,At Risk Customer
131764,9,1,17544,5,1,5,515,0,Recent Customer
131768,12,1,7820,5,1,3,513,0,Recent Customer
131861,52,1,1984,4,1,1,411,4,Regular Customer
131954,89,1,4559,2,1,2,212,4,Regular Customer
132066,69,1,714,3,1,1,311,4,Regular Customer
132168,37,1,11361,4,1,4,414,0,Recent Customer
132277,50,3,12728,4,2,4,424,4,Loyal Customer
132645,14,1,2742,5,1,2,512,0,Recent Customer
132676,137,4,18790,1,2,5,125,1,VIP Customer
132727,17,2,5416,5,1,3,513,0,Recent Customer
132804,118,1,10551,1,1,4,114,1,At Risk Customer
132823,67,1,11320,3,1,4,314,4,Regular Customer
132829,38,1,3006,4,1,2,412,0,Regular Customer
132882,58,1,30,4,1,1,411,4,Regular Customer
133120,88,1,1998,2,1,1,211,4,Regular Customer
133166,66,2,6038,3,1,3,313,4,Regular Customer
133456,10,1,2034,5,1,1,511,0,Recent Customer
133632,69,1,9868,3,1,4,314,4,Regular Customer
133645,87,1,7052,2,1,3,213,4,Regular Customer
133777,101,1,1534,2,1,1,211,1,Regular Customer
133817,15,1,12012,5,1,4,514,0,Recent Customer
134169,101,1,18292,2,1,5,215,1,Regular Customer
134248,13,1,4065,5,1,2,512,0,Recent Customer
134290,84,1,2711,3,1,2,312,4,Regular Customer
134360,46,1,11835,4,1,4,414,0,Regular Customer
134407,39,4,17725,4,2,5,425,0,VIP Customer
134524,84,1,387,3,1,1,311,4,Regular Customer
134586,119,1,918,1,1,1,111,1,At Risk Customer
134685,51,1,9534,4,1,4,414,4,Regular Customer
134805,15,1,2499,5,1,2,512,0,Recent Customer
134868,39,1,926,4,1,1,411,0,Regular Customer
135153,60,1,1302,3,1,1,311,4,Regular Customer
135201,88,1,2075,2,1,1,211,4,Regular Customer
135511,84,1,17516,3,1,5,315,4,Regular Customer
135719,3,4,16936,5,2,5,525,0,VIP Customer
135738,64,1,9376,3,1,4,314,4,Regular Customer
135931,71,1,17672,3,1,5,315,4,Regular Customer
135997,130,1,7204,1,1,3,113,1,At Risk Customer
136002,21,1,2338,5,1,2,512,0,Recent Customer
136280,65,1,2321,3,1,2,312,4,Regular Customer
136630,115,1,4146,1,1,2,112,1,At Risk Customer
136855,67,1,1898,3,1,1,311,4,Regular Customer
136903,118,1,6682,1,1,3,113,1,At Risk Customer
137011,47,2,26455,4,1,5,415,4,High Value Customer
137057,21,1,508,5,1,1,511,0,Recent Customer
137110,84,1,2660,3,1,2,312,4,Regular Customer
137223,71,1,584,3,1,1,311,4,Regular Customer
137285,44,2,17274,4,1,5,415,0,Regular Customer
137452,18,1,6831,5,1,3,513,0,Recent Customer
137613,48,1,7779,4,1,3,413,4,Regular Customer
137876,21,2,5944,5,1,3,513,0,Recent Customer
138021,29,3,17542,5,2,5,525,0,Loyal Customer
138131,78,173,1203252,3,2,5,325,3,VIP Customer
138304,66,1,9819,3,1,4,314,4,Regular Customer
138322,39,1,13653,4,1,5,415,0,Regular Customer
138391,113,1,14514,1,1,5,115,1,At Risk Customer
138458,35,1,5384,4,1,3,413,0,Recent Customer
138992,86,1,14376,2,1,5,215,4,Regular Customer
139064,108,1,5240,2,1,3,213,1,At Risk Customer
139392,103,1,4358,2,1,2,212,1,Regular Customer
139696,122,2,28431,1,1,5,115,1,High Value Customer
139805,28,1,5442,5,1,3,513,0,Recent Customer
139850,24,5,31773,5,2,5,525,0,VIP Customer
139891,25,1,2660,5,1,2,512,0,Recent Customer
140115,73,1,937,3,1,1,311,4,Regular Customer
140378,122,1,17760,1,1,5,115,1,At Risk Customer
140568,87,1,3328,2,1,2,212,4,Regular Customer
140572,51,1,7200,4,1,3,413,4,Regular Customer
140810,8,1,1422,5,1,1,511,0,Recent Customer
140884,46,1,2722,4,1,2,412,0,Regular Customer
141016,121,1,3196,1,1,2,112,1,At Risk Customer
141135,45,1,9904,4,1,4,414,0,Regular Customer
141660,7,1,548,5,1,1,511,0,Recent Customer
141701,137,1,9381,1,1,4,114,1,At Risk Customer
141790,21,1,6888,5,1,3,513,0,Recent Customer
141812,27,1,14628,5,1,5,515,0,Recent Customer
141819,19,1,19,5,1,1,511,0,Recent Customer
141889,88,1,12771,2,1,4,214,4,Regular Customer
141905,28,1,8751,5,1,4,514,0,Recent Customer
142099,45,1,13056,4,1,4,414,0,Regular Customer
142284,11,1,12808,5,1,4,514,0,Recent Customer
142511,114,1,1348,1,1,1,111,1,At Risk Customer
142611,40,1,1264,4,1,1,411,0,Regular Customer
142649,84,1,19080,3,1,5,315,4,High Value Customer
142785,121,2,17960,1,1,5,115,1,At Risk Customer
143054,51,1,1000,4,1,1,411,4,Regular Customer
143059,76,3,16240,3,2,5,325,4,Loyal Customer
143136,120,1,4704,1,1,3,113,1,At Risk Customer
143174,18,1,5080,5,1,3,513,0,Recent Customer
143229,49,1,2427,4,1,2,412,4,Regular Customer
143361,47,1,6922,4,1,3,413,4,Regular Customer
143411,38,1,2958,4,1,2,412,0,Regular Customer
143585,63,1,1601,3,1,1,311,4,Regular Customer
143630,93,1,15100,2,1,5,215,1,Regular Customer
143679,105,1,4707,2,1,3,213,1,At Risk Customer
143811,32,1,4445,4,1,2,412,0,Recent Customer
144274,98,2,6946,2,1,3,213,1,Regular Customer
144291,6,1,11304,5,1,4,514,0,Recent Customer
144378,46,1,2814,4,1,2,412,0,Regular Customer
144508,133,1,3688,1,1,2,112,1,At Risk Customer
144513,23,2,9998,5,1,4,514,0,Recent Customer
144730,87,1,3392,2,1,2,212,4,Regular Customer
144849,42,5,35637,4,2,5,425,0,VIP Customer
145261,45,2,5458,4,1,3,413,0,Regular Customer
145274,111,3,28526,2,2,5,225,1,Loyal Customer
145473,128,2,18568,1,1,5,115,1,High Value Customer
145492,65,1,2145,3,1,1,311,4,Regular Customer
145494,15,1,11277,5,1,4,514,0,Recent Customer
145611,137,1,6066,1,1,3,113,1,At Risk Customer
145936,100,2,7368,2,1,3,213,1,Regular Customer
146419,136,1,5691,1,1,3,113,1,At Risk Customer
146458,50,1,772,4,1,1,411,4,Regular Customer
146479,76,1,2354,3,1,2,312,4,Regular Customer
146505,15,1,3095,5,1,2,512,0,Recent Customer
146522,136,1,3016,1,1,2,112,1,At Risk Customer
146547,37,2,3301,4,1,2,412,0,Recent Customer
146643,53,4,14896,4,2,5,425,4,VIP Customer
146698,99,5,10972,2,2,4,224,1,Loyal Customer
146997,68,1,2120,3,1,1,311,4,Regular Customer
147096,137,1,9231,1,1,4,114,1,At Risk Customer
147248,58,2,11835,4,1,4,414,4,Regular Customer
147290,81,1,705,3,1,1,311,4,Regular Customer
147585,87,1,10988,2,1,4,214,4,Regular Customer
147808,45,1,4858,4,1,3,413,0,Regular Customer
147954,107,1,5330,2,1,3,213,1,At Risk Customer
148192,90,1,7326,2,1,3,213,4,Regular Customer
148227,51,1,7100,4,1,3,413,4,Regular Customer
148244,4,1,1236,5,1,1,511,0,Recent Customer
148264,137,1,594,1,1,1,111,1,At Risk Customer
148402,81,1,786,3,1,1,311,4,Regular Customer
148453,85,1,2948,2,1,2,212,4,Regular Customer
148485,69,1,5838,3,1,3,313,4,Regular Customer
148531,65,1,2813,3,1,2,312,4,Regular Customer
148602,115,1,7476,1,1,3,113,1,At Risk Customer
148615,36,1,6204,4,1,3,413,0,Recent Customer
148658,135,1,1208,1,1,1,111,1,At Risk Customer
148811,101,1,6026,2,1,3,213,1,Regular Customer
148853,135,1,2175,1,1,1,111,1,At Risk Customer
148923,28,1,7845,5,1,3,513,0,Recent Customer
149166,85,1,13636,2,1,5,215,4,Regular Customer
149194,107,1,6525,2,1,3,213,1,At Risk Customer
149420,54,1,16944,4,1,5,415,4,Regular Customer
149673,114,1,12531,1,1,4,114,1,At Risk Customer
149854,108,4,10031,2,2,4,224,1,Loyal Customer
149978,101,3,13104,2,2,4,224,1,Loyal Customer
149990,96,1,662,2,1,1,211,1,Regular Customer
150133,112,1,1848,1,1,1,111,1,At Risk Customer
150184,31,1,11364,4,1,4,414,0,Recent Customer
150421,77,1,4875,3,1,3,313,4,Regular Customer
150651,50,8,59529,4,2,5,425,4,VIP Customer
150737,94,1,2477,2,1,2,212,1,Regular Customer
150928,85,1,9498,2,1,4,214,4,Regular Customer
150983,67,1,1234,3,1,1,311,4,Regular Customer
151077,16,1,5751,5,1,3,513,0,Recent Customer
151138,37,1,4317,4,1,2,412,0,Recent Customer
151280,28,1,2588,5,1,2,512,0,Recent Customer
151448,73,1,14892,3,1,5,315,4,Regular Customer
151476,63,2,3671,3,1,2,312,4,Regular Customer
151498,107,1,10024,2,1,4,214,1,At Risk Customer
151740,93,1,615,2,1,1,211,1,Regular Customer
151847,130,1,2748,1,1,2,112,1,At Risk Customer
152089,29,1,12813,5,1,4,514,0,Recent Customer
152357,51,2,17148,4,1,5,415,4,Regular Customer
152381,125,1,11850,1,1,4,114,1,At Risk Customer
152404,128,1,1982,1,1,1,111,1,At Risk Customer
152420,84,4,38775,3,2,5,325,4,VIP Customer
152693,30,4,34428,5,2,5,525,0,VIP Customer
152793,24,1,9814,5,1,4,514,0,Recent Customer
152887,60,1,3366,3,1,2,312,4,Regular Customer
152891,80,1,2765,3,1,2,312,4,Regular Customer
152902,2,1,9729,5,1,4,514,0,Recent Customer
152963,0,349,2165150,5,2,5,525,2,VIP Customer
153018,18,1,10332,5,1,4,514,0,Recent Customer
153118,2,3,34196,5,2,5,525,0,Loyal Customer
153121,7,1,6466,5,1,3,513,0,Recent Customer
153312,16,1,4396,5,1,2,512,0,Recent Customer
153431,125,1,1460,1,1,1,111,1,At Risk Customer
153514,29,1,1831,5,1,1,511,0,Recent Customer
153536,47,1,10832,4,1,4,414,4,Regular Customer
153711,136,2,7367,1,1,3,113,1,At Risk Customer
153780,46,2,1099,4,1,1,411,0,Regular Customer
153934,66,1,17596,3,1,5,315,4,Regular Customer
154116,57,2,8940,4,1,4,414,4,Regular Customer
154155,3,1,11286,5,1,4,514,0,Recent Customer
154217,87,3,2579,2,2,2,222,4,Loyal Customer
154352,55,1,4397,4,1,2,412,4,Regular Customer
154454,106,1,1065,2,1,1,211,1,At Risk Customer
154476,99,1,626,2,1,1,211,1,Regular Customer
154503,37,1,3270,4,1,2,412,0,Recent Customer
154559,45,1,1138,4,1,1,411,0,Regular Customer
154613,73,1,5032,3,1,3,313,4,Regular Customer
154662,131,1,4809,1,1,3,113,1,At Risk Customer
154689,114,2,12873,1,1,4,114,1,At Risk Customer
154766,98,1,3855,2,1,2,212,1,Regular Customer
154771,52,1,5392,4,1,3,413,4,Regular Customer
154919,59,3,22464,3,2,5,325,4,Loyal Customer
154959,76,1,3693,3,1,2,312,4,Regular Customer
154970,88,3,15579,2,2,5,225,4,Loyal Customer
155060,3,1,1137,5,1,1,511,0,Recent Customer
155086,24,6,31749,5,2,5,525,0,VIP Customer
155171,128,1,4708,1,1,3,113,1,At Risk Customer
155278,96,1,4361,2,1,2,212,1,Regular Customer
155340,8,1,2326,5,1,2,512,0,Recent Customer
155701,125,1,9448,1,1,4,114,1,At Risk Customer
155977,7,1,936,5,1,1,511,0,Recent Customer
156002,100,1,5064,2,1,3,213,1,Regular Customer
156036,21,1,3023,5,1,2,512,0,Recent Customer
156382,30,1,18556,5,1,5,515,0,High Value Customer
156391,80,1,3234,3,1,2,312,4,Regular Customer
156453,114,1,927,1,1,1,111,1,At Risk Customer
156622,137,1,217,1,1,1,111,1,At Risk Customer
156674,44,1,5186,4,1,3,413,0,Regular Customer
156700,85,1,1070,2,1,1,211,4,Regular Customer
156883,10,1,10700,5,1,4,514,0,Recent Customer
156957,136,2,9510,1,1,4,114,1,At Risk Customer
156973,107,1,4322,2,1,2,212,1,At Risk Customer
157119,115,2,12771,1,1,4,114,1,At Risk Customer
157122,59,1,9702,3,1,4,314,4,Regular Customer
157195,24,1,1372,5,1,1,511,0,Recent Customer
157419,98,6,39719,2,2,5,225,1,VIP Customer
157482,29,1,3324,5,1,2,512,0,Recent Customer
157614,117,1,6176,1,1,3,113,1,At Risk Customer
157616,51,1,1850,4,1,1,411,4,Regular Customer
157737,135,1,15232,1,1,5,115,1,At Risk Customer
157882,62,1,5320,3,1,3,313,4,Regular Customer
157998,69,1,2813,3,1,2,312,4,Regular Customer
158090,108,1,7856,2,1,3,213,1,At Risk Customer
158161,30,1,2385,5,1,2,512,0,Recent Customer
158287,124,1,11961,1,1,4,114,1,At Risk Customer
158456,92,1,4546,2,1,2,212,4,Regular Customer
158533,100,2,6816,2,1,3,213,1,Regular Customer
158558,56,2,15309,4,1,5,415,4,Regular Customer
158701,34,4,17166,4,2,5,425,0,VIP Customer
158720,55,3,12954,4,2,4,424,4,Loyal Customer
159004,88,1,12768,2,1,4,214,4,Regular Customer
159030,59,1,692,3,1,1,311,4,Regular Customer
159619,71,2,5255,3,1,3,313,4,Regular Customer
159827,34,1,8280,4,1,3,413,0,Recent Customer
160095,88,1,2771,2,1,2,212,4,Regular Customer
160369,39,1,3378,4,1,2,412,0,Regular Customer
160371,119,1,6792,1,1,3,113,1,At Risk Customer
160561,73,1,411,3,1,1,311,4,Regular Customer
160821,25,1,14994,5,1,5,515,0,Recent Customer
160862,71,1,3568,3,1,2,312,4,Regular Customer
161047,85,1,1617,2,1,1,211,4,Regular Customer
161529,108,1,8788,2,1,4,214,1,At Risk Customer
161617,88,3,7869,2,2,3,223,4,Loyal Customer
161626,29,1,9684,5,1,4,514,0,Recent Customer
161675,78,1,7722,3,1,3,313,4,Regular Customer
161883,60,1,1824,3,1,1,311,4,Regular Customer
161926,133,2,8136,1,1,3,113,1,At Risk Customer
162009,4,1,9472,5,1,4,514,0,Recent Customer
162313,45,1,14392,4,1,5,415,0,Regular Customer
162385,129,2,15349,1,1,5,115,1,At Risk Customer
162448,130,1,9204,1,1,4,114,1,At Risk Customer
162576,68,1,5844,3,1,3,313,4,Regular Customer
162815,109,1,4641,2,1,2,212,1,At Risk Customer
162932,28,1,2044,5,1,1,511,0,Recent Customer
163049,14,3,31368,5,2,5,525,0,Loyal Customer
163083,64,2,15203,3,1,5,315,4,Regular Customer
163156,44,2,16984,4,1,5,415,0,Regular Customer
163365,120,1,4936,1,1,3,113,1,At Risk Customer
163561,106,92,571762,2,2,5,225,3,VIP Customer
163632,70,2,7100,3,1,3,313,4,Regular Customer
163691,7,1,1644,5,1,1,511,0,Recent Customer
163700,77,1,11307,3,1,4,314,4,Regular Customer
163711,72,5,30085,3,2,5,325,4,VIP Customer
163836,67,1,1297,3,1,1,311,4,Regular Customer
164002,73,2,13002,3,1,4,314,4,Regular Customer
164303,63,1,1720,3,1,1,311,4,Regular Customer
164630,94,1,7642,2,1,3,213,1,Regular Customer
164985,117,1,17300,1,1,5,115,1,At Risk Customer
164995,96,2,24280,2,1,5,215,1,High Value Customer
165003,30,1,8774,5,1,4,514,0,Recent Customer
165257,14,1,6356,5,1,3,513,0,Recent Customer
165440,70,1,2084,3,1,1,311,4,Regular Customer
165696,86,1,544,2,1,1,211,4,Regular Customer
165710,22,1,10185,5,1,4,514,0,Recent Customer
165718,91,1,9550,2,1,4,214,4,Regular Customer
165843,51,4,18302,4,2,5,425,4,VIP Customer
166027,24,2,4788,5,1,3,513,0,Recent Customer
166173,106,1,5420,2,1,3,213,1,At Risk Customer
166371,109,1,3167,2,1,2,212,1,At Risk Customer
166590,73,4,25197,3,2,5,325,4,VIP Customer
166605,6,1,3801,5,1,2,512,0,Recent Customer
166787,127,1,3025,1,1,2,112,1,At Risk Customer
167086,4,1,6692,5,1,3,513,0,Recent Customer
167101,42,1,10902,4,1,4,414,0,Regular Customer
167336,11,1,3995,5,1,2,512,0,Recent Customer
167394,8,1,2458,5,1,2,512,0,Recent Customer
167489,108,2,17748,2,1,5,215,1,At Risk Customer
167506,38,1,1182,4,1,1,411,0,Regular Customer
167511,73,3,3965,3,2,2,322,4,Loyal Customer
167556,101,1,19312,2,1,5,215,1,High Value Customer
167876,100,1,8754,2,1,4,214,1,Regular Customer
167887,11,1,1590,5,1,1,511,0,Recent Customer
168008,118,1,14748,1,1,5,115,1,At Risk Customer
168135,3,1,15644,5,1,5,515,0,Recent Customer
168272,133,1,1347,1,1,1,111,1,At Risk Customer
168289,137,1,2235,1,1,1,111,1,At Risk Customer
168505,63,1,2324,3,1,2,312,4,Regular Customer
168684,81,1,624,3,1,1,311,4,Regular Customer
168685,107,6,49713,2,2,5,225,1,VIP Customer
168761,97,1,14325,2,1,5,215,1,Regular Customer
168889,94,1,10383,2,1,4,214,1,Regular Customer
168932,18,1,9774,5,1,4,514,0,Recent Customer
169103,119,1,3580,1,1,2,112,1,At Risk Customer
169111,116,1,1260,1,1,1,111,1,At Risk Customer
169151,17,8,69306,5,2,5,525,0,VIP Customer
169328,67,1,2601,3,1,2,312,4,Regular Customer
169369,136,4,36781,1,2,5,125,1,VIP Customer
169436,61,1,1228,3,1,1,311,4,Regular Customer
169486,68,2,9504,3,1,4,314,4,Regular Customer
169576,26,1,16236,5,1,5,515,0,Recent Customer
169589,94,3,37062,2,2,5,225,1,Loyal Customer
169803,58,1,9020,4,1,4,414,4,Regular Customer
169902,13,1,2958,5,1,2,512,0,Recent Customer
170096,128,1,19032,1,1,5,115,1,High Value Customer
170130,8,1,14728,5,1,5,515,0,Recent Customer
170470,133,14,80110,1,2,5,125,1,VIP Customer
170618,102,2,7235,2,1,3,213,1,Regular Customer
170791,3,2,18035,5,1,5,515,0,Recent Customer
171070,67,1,361,3,1,1,311,4,Regular Customer
171135,79,3,18225,3,2,5,325,4,Loyal Customer
171174,64,1,7648,3,1,3,313,4,Regular Customer
171308,73,1,617,3,1,1,311,4,Regular Customer
171376,3,2,9076,5,1,4,514,0,Recent Customer
171457,91,1,887,2,1,1,211,4,Regular Customer
171560,136,1,7308,1,1,3,113,1,At Risk Customer
171598,132,1,4712,1,1,3,113,1,At Risk Customer
171688,42,1,4119,4,1,2,412,0,Regular Customer
171693,136,1,7592,1,1,3,113,1,At Risk Customer
171718,7,33,192381,5,2,5,525,0,VIP Customer
171743,86,1,7722,2,1,3,213,4,Regular Customer
171785,29,1,19320,5,1,5,515,0,High Value Customer
172015,28,1,8752,5,1,4,514,0,Recent Customer
172104,31,1,4794,4,1,3,413,0,Recent Customer
172132,61,1,972,3,1,1,311,4,Regular Customer
172244,111,1,2301,2,1,2,212,1,At Risk Customer
172467,9,2,10907,5,1,4,514,0,Recent Customer
172623,100,1,6260,2,1,3,213,1,Regular Customer
172634,138,1,3930,1,1,2,112,1,At Risk Customer
173019,45,1,7320,4,1,3,413,0,Regular Customer
173056,60,5,6778,3,2,3,323,4,Loyal Customer
173405,74,1,7252,3,1,3,313,4,Regular Customer
173494,22,1,2704,5,1,2,512,0,Recent Customer
173517,17,1,496,5,1,1,511,0,Recent Customer
173657,4,2,8698,5,1,4,514,0,Recent Customer
173863,3,31,156019,5,2,5,525,0,VIP Customer
173931,51,2,13770,4,1,5,415,4,Regular Customer
174405,52,1,12508,4,1,4,414,4,Regular Customer
174494,86,1,17156,2,1,5,215,4,Regular Customer
174823,6,1,11272,5,1,4,514,0,Recent Customer
174972,53,11,64310,4,2,5,425,4,VIP Customer
174983,136,1,2890,1,1,2,112,1,At Risk Customer
175106,46,2,11268,4,1,4,414,0,Regular Customer
175586,84,1,8690,3,1,4,314,4,Regular Customer
175709,45,1,2188,4,1,1,411,0,Regular Customer
175771,62,1,2800,3,1,2,312,4,Regular Customer
175801,56,13,114346,4,2,5,425,4,VIP Customer
175822,70,1,10148,3,1,4,314,4,Regular Customer
175888,9,1,14886,5,1,5,515,0,Recent Customer
175890,8,3,12570,5,2,4,524,0,Loyal Customer
175940,45,1,3320,4,1,2,412,0,Regular Customer
176153,58,1,1512,4,1,1,411,4,Regular Customer
176356,19,1,11022,5,1,4,514,0,Recent Customer
176379,138,1,842,1,1,1,111,1,At Risk Customer
176491,126,1,11392,1,1,4,114,1,At Risk Customer
176615,117,1,938,1,1,1,111,1,At Risk Customer
176878,131,2,9310,1,1,4,114,1,At Risk Customer
176892,125,1,6236,1,1,3,113,1,At Risk Customer
176939,41,1,1928,4,1,1,411,0,Regular Customer
176986,73,1,17808,3,1,5,315,4,Regular Customer
177211,17,8,60616,5,2,5,525,0,VIP Customer
177257,4,1,2261,5,1,1,511,0,Recent Customer
177488,127,1,14540,1,1,5,115,1,At Risk Customer
177537,80,1,19636,3,1,5,315,4,High Value Customer
177547,124,1,2229,1,1,1,111,1,At Risk Customer
178066,109,1,5274,2,1,3,213,1,At Risk Customer
178281,33,1,1236,4,1,1,411,0,Recent Customer
178888,64,1,7443,3,1,3,313,4,Regular Customer
178902,77,5,24064,3,2,5,325,4,VIP Customer
178925,127,1,17976,1,1,5,115,1,At Risk Customer
179034,81,1,6320,3,1,3,313,4,Regular Customer
179091,114,1,11668,1,1,4,114,1,At Risk Customer
179210,47,1,1234,4,1,1,411,4,Regular Customer
179314,77,3,12874,3,2,4,324,4,Loyal Customer
179353,33,2,12448,4,1,4,414,0,Recent Customer
179362,45,1,15640,4,1,5,415,0,Regular Customer
179448,96,1,4018,2,1,2,212,1,Regular Customer
179772,85,3,9824,2,2,4,224,4,Loyal Customer
179972,27,1,3874,5,1,2,512,0,Recent Customer
180133,136,1,3996,1,1,2,112,1,At Risk Customer
180275,30,1,3740,5,1,2,512,0,Recent Customer
180504,113,1,7548,1,1,3,113,1,At Risk Customer
180648,45,1,8978,4,1,4,414,0,Regular Customer
180776,58,1,18044,4,1,5,415,4,Regular Customer
180810,135,1,1326,1,1,1,111,1,At Risk Customer
180818,46,1,146,4,1,1,411,0,Regular Customer
181041,131,1,344,1,1,1,111,1,At Risk Customer
181252,134,1,7962,1,1,3,113,1,At Risk Customer
181318,100,1,6452,2,1,3,213,1,Regular Customer
181723,80,1,8946,3,1,4,314,4,Regular Customer
181727,43,1,13156,4,1,4,414,0,Regular Customer
181771,84,1,5796,3,1,3,313,4,Regular Customer
181889,127,1,11466,1,1,4,114,1,At Risk Customer
181972,81,1,4188,3,1,2,312,4,Regular Customer
182047,86,1,7340,2,1,3,213,4,Regular Customer
182055,95,2,19342,2,1,5,215,1,High Value Customer
182143,135,3,21571,1,2,5,125,1,Loyal Customer
182156,113,4,27615,1,2,5,125,1,VIP Customer
182406,31,1,4875,4,1,3,413,0,Recent Customer
182428,25,1,3164,5,1,2,512,0,Recent Customer
182451,29,1,271,5,1,1,511,0,Recent Customer
182582,80,1,2454,3,1,2,312,4,Regular Customer
182637,7,1,10578,5,1,4,514,0,Recent Customer
182994,38,1,1408,4,1,1,411,0,Regular Customer
183206,119,1,4909,1,1,3,113,1,At Risk Customer
183620,111,1,15124,2,1,5,215,1,At Risk Customer
184607,79,1,5240,3,1,3,313,4,Regular Customer
184974,105,1,1890,2,1,1,211,1,At Risk Customer
185025,134,1,2796,1,1,2,112,1,At Risk Customer
185172,122,2,18732,1,1,5,115,1,High Value Customer
185242,127,1,7710,1,1,3,113,1,At Risk Customer
185269,110,1,8126,2,1,3,213,1,At Risk Customer
185483,120,1,8424,1,1,4,114,1,At Risk Customer
185552,115,1,6831,1,1,3,113,1,At Risk Customer
185564,118,5,17951,1,2,5,125,1,VIP Customer
185643,124,1,876,1,1,1,111,1,At Risk Customer
185790,86,3,18945,2,2,5,225,4,Loyal Customer
185928,82,2,10410,3,1,4,314,4,Regular Customer
185947,75,1,11160,3,1,4,314,4,Regular Customer
185971,37,1,3906,4,1,2,412,0,Recent Customer
186080,75,1,19040,3,1,5,315,4,High Value Customer
186223,49,1,1676,4,1,1,411,4,Regular Customer
186445,92,1,8156,2,1,3,213,4,Regular Customer
186588,103,1,6834,2,1,3,213,1,Regular Customer
186733,97,1,1362,2,1,1,211,1,Regular Customer
186774,11,1,15004,5,1,5,515,0,Recent Customer
186927,53,10,82234,4,2,5,425,4,VIP Customer
187035,42,2,7852,4,1,3,413,0,Regular Customer
187196,36,1,4558,4,1,2,412,0,Recent Customer
187302,106,1,162,2,1,1,211,1,At Risk Customer
187327,84,1,4998,3,1,3,313,4,Regular Customer
187404,129,1,10196,1,1,4,114,1,At Risk Customer
187536,18,1,4934,5,1,3,513,0,Recent Customer
187991,15,2,24042,5,1,5,515,0,High Value Customer
188096,102,1,894,2,1,1,211,1,Regular Customer
188116,36,10,38191,4,2,5,425,0,VIP Customer
188120,117,1,10650,1,1,4,114,1,At Risk Customer
188270,16,1,8406,5,1,4,514,0,Recent Customer
188684,60,1,12688,3,1,4,314,4,Regular Customer
188716,118,1,632,1,1,1,111,1,At Risk Customer
189240,106,2,12462,2,1,4,214,1,At Risk Customer
189377,74,1,12916,3,1,4,314,4,Regular Customer
189381,10,1,274,5,1,1,511,0,Recent Customer
189384,109,2,15489,2,1,5,215,1,At Risk Customer
189473,58,1,5084,4,1,3,413,4,Regular Customer
189702,12,1,4860,5,1,3,513,0,Recent Customer
189838,25,1,5010,5,1,3,513,0,Recent Customer
189934,49,1,4934,4,1,3,413,4,Regular Customer
190037,47,1,13401,4,1,4,414,4,Regular Customer
190159,93,1,1737,2,1,1,211,1,Regular Customer
190644,19,1,3366,5,1,2,512,0,Recent Customer
190672,138,3,23856,1,2,5,125,1,Loyal Customer
190678,17,1,10755,5,1,4,514,0,Recent Customer
190756,116,1,8128,1,1,3,113,1,At Risk Customer
190867,118,1,1383,1,1,1,111,1,At Risk Customer
190940,104,1,590,2,1,1,211,1,Regular Customer
191153,70,1,9890,3,1,4,314,4,Regular Customer
191439,109,1,11736,2,1,4,214,1,At Risk Customer
191448,47,1,2648,4,1,2,412,4,Regular Customer
191477,35,2,6842,4,1,3,413,0,Recent Customer
191576,35,1,8208,4,1,3,413,0,Recent Customer
191632,21,1,118,5,1,1,511,0,Recent Customer
191637,25,8,28831,5,2,5,525,0,VIP Customer
191886,65,2,9639,3,1,4,314,4,Regular Customer
191952,121,1,2161,1,1,1,111,1,At Risk Customer
191994,120,1,108,1,1,1,111,1,At Risk Customer
192030,78,1,7334,3,1,3,313,4,Regular Customer
192298,45,1,3322,4,1,2,412,0,Regular Customer
192352,47,2,784,4,1,1,411,4,Regular Customer
192511,54,1,10215,4,1,4,414,4,Regular Customer
192595,93,1,3819,2,1,2,212,1,Regular Customer
192619,35,1,11496,4,1,4,414,0,Recent Customer
192890,66,6,28914,3,2,5,325,4,VIP Customer
193036,103,1,18740,2,1,5,215,1,High Value Customer
193126,87,1,5552,2,1,3,213,4,Regular Customer
193268,67,1,5136,3,1,3,313,4,Regular Customer
193622,67,1,8324,3,1,4,314,4,Regular Customer
193864,18,1,57,5,1,1,511,0,Recent Customer
193924,95,1,9672,2,1,4,214,1,Regular Customer
193936,38,1,7080,4,1,3,413,0,Regular Customer
194416,113,1,570,1,1,1,111,1,At Risk Customer
194560,71,1,7496,3,1,3,313,4,Regular Customer
194644,25,1,9364,5,1,4,514,0,Recent Customer
194818,76,1,17588,3,1,5,315,4,Regular Customer
195248,100,1,6392,2,1,3,213,1,Regular Customer
195534,127,1,618,1,1,1,111,1,At Risk Customer
195623,100,1,4576,2,1,2,212,1,Regular Customer
195657,36,1,12795,4,1,4,414,0,Recent Customer
195721,113,2,10262,1,1,4,114,1,At Risk Customer
195807,86,1,4834,2,1,3,213,4,Regular Customer
195911,63,1,1008,3,1,1,311,4,Regular Customer
195919,45,1,576,4,1,1,411,0,Regular Customer
196024,31,3,13224,4,2,4,424,0,Loyal Customer
196046,108,1,1840,2,1,1,211,1,At Risk Customer
196080,94,1,340,2,1,1,211,1,Regular Customer
196114,115,1,3795,1,1,2,112,1,At Risk Customer
196128,106,2,24744,2,1,5,215,1,High Value Customer
196181,85,5,30864,2,2,5,225,4,VIP Customer
196502,108,1,9482,2,1,4,214,1,At Risk Customer
196902,72,1,7192,3,1,3,313,4,Regular Customer
197230,134,1,5920,1,1,3,113,1,At Risk Customer
197290,45,1,8514,4,1,4,414,0,Regular Customer
197366,72,1,5602,3,1,3,313,4,Regular Customer
197491,45,1,1290,4,1,1,411,0,Regular Customer
197547,123,1,7566,1,1,3,113,1,At Risk Customer
197548,129,1,13263,1,1,4,114,1,At Risk Customer
197559,132,1,16000,1,1,5,115,1,At Risk Customer
197591,97,1,336,2,1,1,211,1,Regular Customer
197686,96,2,4302,2,1,2,212,1,Regular Customer
197879,130,1,15864,1,1,5,115,1,At Risk Customer
197926,10,1,4692,5,1,3,513,0,Recent Customer
197971,70,1,6288,3,1,3,313,4,Regular Customer
198045,41,2,10778,4,1,4,414,0,Regular Customer
198145,98,1,3097,2,1,2,212,1,Regular Customer
198153,15,10,81558,5,2,5,525,0,VIP Customer
198270,2,104,673650,5,2,5,525,3,VIP Customer
198299,66,1,4225,3,1,2,312,4,Regular Customer
198573,16,4,19881,5,2,5,525,0,VIP Customer
198764,102,1,12416,2,1,4,214,1,Regular Customer
198921,72,1,1351,3,1,1,311,4,Regular Customer
199033,35,1,5220,4,1,3,413,0,Recent Customer
199153,26,1,1341,5,1,1,511,0,Recent Customer
199297,79,1,6099,3,1,3,313,4,Regular Customer
199473,64,1,765,3,1,1,311,4,Regular Customer
199880,102,1,1204,2,1,1,211,1,Regular Customer
199919,128,1,6940,1,1,3,113,1,At Risk Customer
199929,116,1,3900,1,1,2,112,1,At Risk Customer
200073,65,2,8556,3,1,4,314,4,Regular Customer
200161,136,1,1016,1,1,1,111,1,At Risk Customer
200262,72,1,19304,3,1,5,315,4,High Value Customer
200329,128,1,4920,1,1,3,113,1,At Risk Customer
200442,85,2,20994,2,1,5,215,4,High Value Customer
200454,38,1,7632,4,1,3,413,0,Regular Customer
200559,53,4,16016,4,2,5,425,4,VIP Customer
200742,39,1,13328,4,1,4,414,0,Regular Customer
200824,77,1,1619,3,1,1,311,4,Regular Customer
201005,125,1,4699,1,1,3,113,1,At Risk Customer
201024,87,1,3246,2,1,2,212,4,Regular Customer
201183,36,2,25360,4,1,5,415,0,High Value Customer
201495,134,3,24591,1,2,5,125,1,Loyal Customer
201690,84,1,5836,3,1,3,313,4,Regular Customer
201718,94,1,2794,2,1,2,212,1,Regular Customer
202009,136,1,5516,1,1,3,113,1,At Risk Customer
202080,34,2,14336,4,1,5,415,0,Recent Customer
202290,81,1,6678,3,1,3,313,4,Regular Customer
202410,74,1,250,3,1,1,311,4,Regular Customer
202449,118,1,884,1,1,1,111,1,At Risk Customer
202825,24,1,11226,5,1,4,514,0,Recent Customer
202835,44,1,315,4,1,1,411,0,Regular Customer
203017,37,2,13686,4,1,5,415,0,Recent Customer
203051,123,3,13514,1,2,4,124,1,Loyal Customer
203197,24,1,4606,5,1,2,512,0,Recent Customer
203225,67,1,2352,3,1,2,312,4,Regular Customer
203482,113,1,3220,1,1,2,112,1,At Risk Customer
203490,66,3,23265,3,2,5,325,4,Loyal Customer
203525,20,1,4774,5,1,3,513,0,Recent Customer
203561,134,1,2649,1,1,2,112,1,At Risk Customer
203639,114,2,10856,1,1,4,114,1,At Risk Customer
203828,26,2,11542,5,1,4,514,0,Recent Customer
203851,64,1,4611,3,1,2,312,4,Regular Customer
203955,19,1,2808,5,1,2,512,0,Recent Customer
203974,50,1,2918,4,1,2,412,4,Regular Customer
204097,77,1,4387,3,1,2,312,4,Regular Customer
204101,61,1,6992,3,1,3,313,4,Regular Customer
204180,136,2,8103,1,1,3,113,1,At Risk Customer
204276,42,1,5200,4,1,3,413,0,Regular Customer
204328,44,1,6324,4,1,3,413,0,Regular Customer
204341,80,1,2784,3,1,2,312,4,Regular Customer
204392,83,1,3120,3,1,2,312,4,Regular Customer
204458,69,1,2176,3,1,1,311,4,Regular Customer
204496,81,1,4192,3,1,2,312,4,Regular Customer
204831,93,1,1714,2,1,1,211,1,Regular Customer
204853,35,1,1343,4,1,1,411,0,Recent Customer
204995,91,1,2545,2,1,2,212,4,Regular Customer
205085,88,1,14120,2,1,5,215,4,Regular Customer
205139,93,1,13005,2,1,4,214,1,Regular Customer
205203,6,1,100,5,1,1,511,0,Recent Customer
205453,16,1,764,5,1,1,511,0,Recent Customer
205501,46,1,4892,4,1,3,413,0,Regular Customer
206021,135,1,7796,1,1,3,113,1,At Risk Customer
206078,121,1,9783,1,1,4,114,1,At Risk Customer
206238,87,1,608,2,1,1,211,4,Regular Customer
206291,34,1,9016,4,1,4,414,0,Recent Customer
207043,105,1,4785,2,1,3,213,1,At Risk Customer
207157,72,1,4974,3,1,3,313,4,Regular Customer
207360,13,1,14136,5,1,5,515,0,Recent Customer
207663,25,3,36333,5,2,5,525,0,Loyal Customer
207737,124,1,5488,1,1,3,113,1,At Risk Customer
207917,107,1,3312,2,1,2,212,1,At Risk Customer
208352,31,1,3912,4,1,2,412,0,Recent Customer
208452,85,1,1385,2,1,1,211,4,Regular Customer
208539,74,1,10623,3,1,4,314,4,Regular Customer
208560,106,2,16730,2,1,5,215,1,At Risk Customer
208662,11,3,19073,5,2,5,525,0,Loyal Customer
208678,108,1,5436,2,1,3,213,1,At Risk Customer
208998,133,1,2816,1,1,2,112,1,At Risk Customer
209170,116,1,4746,1,1,3,113,1,At Risk Customer
209317,35,1,4934,4,1,3,413,0,Recent Customer
209372,72,1,10380,3,1,4,314,4,Regular Customer
209395,44,1,5376,4,1,3,413,0,Regular Customer
209415,26,1,12288,5,1,4,514,0,Recent Customer
209453,43,1,2904,4,1,2,412,0,Regular Customer
209550,39,1,4535,4,1,2,412,0,Regular Customer
209557,60,1,324,3,1,1,311,4,Regular Customer
209591,125,1,2790,1,1,2,112,1,At Risk Customer
209895,6,1,14613,5,1,5,515,0,Recent Customer
209918,134,2,7201,1,1,3,113,1,At Risk Customer
209959,123,1,4380,1,1,2,112,1,At Risk Customer
209964,126,3,19713,1,2,5,125,1,Loyal Customer
210176,126,1,16484,1,1,5,115,1,At Risk Customer
210282,67,1,2436,3,1,2,312,4,Regular Customer
210349,52,1,1779,4,1,1,411,4,Regular Customer
210388,115,1,1626,1,1,1,111,1,At Risk Customer
210644,63,4,32492,3,2,5,325,4,VIP Customer
210860,129,1,490,1,1,1,111,1,At Risk Customer
211122,20,1,17928,5,1,5,515,0,Recent Customer
211130,42,1,4419,4,1,2,412,0,Regular Customer
211211,127,1,7215,1,1,3,113,1,At Risk Customer
211269,105,1,3417,2,1,2,212,1,At Risk Customer
211278,93,1,13452,2,1,4,214,1,Regular Customer
211300,83,1,2475,3,1,2,312,4,Regular Customer
211412,48,2,16914,4,1,5,415,4,Regular Customer
211550,78,1,1172,3,1,1,311,4,Regular Customer
211574,98,2,12445,2,1,4,214,1,Regular Customer
211590,114,1,13941,1,1,5,115,1,At Risk Customer
211706,59,3,29038,3,2,5,325,4,Loyal Customer
211887,88,1,14625,2,1,5,215,4,Regular Customer
212213,54,1,3155,4,1,2,412,4,Regular Customer
212442,133,2,7120,1,1,3,113,1,At Risk Customer
212610,72,1,7401,3,1,3,313,4,Regular Customer
212886,35,1,4628,4,1,2,412,0,Recent Customer
213089,97,1,9668,2,1,4,214,1,Regular Customer
213098,103,1,3821,2,1,2,212,1,Regular Customer
213137,79,1,3544,3,1,2,312,4,Regular Customer
213145,102,18,95507,2,2,5,225,1,VIP Customer
213213,132,1,207,1,1,1,111,1,At Risk Customer
213240,108,1,6952,2,1,3,213,1,At Risk Customer
213276,76,2,34832,3,1,5,315,4,High Value Customer
213323,23,1,10065,5,1,4,514,0,Recent Customer
213330,45,1,3387,4,1,2,412,0,Regular Customer
213378,25,1,2123,5,1,1,511,0,Recent Customer
213393,92,1,13593,2,1,4,214,4,Regular Customer
213467,38,1,7342,4,1,3,413,0,Regular Customer
213518,77,1,4682,3,1,3,313,4,Regular Customer
213865,42,1,8823,4,1,4,414,0,Regular Customer
213901,7,1,3433,5,1,2,512,0,Recent Customer
213910,91,1,7494,2,1,3,213,4,Regular Customer
214083,45,1,2829,4,1,2,412,0,Regular Customer
214105,38,2,11443,4,1,4,414,0,Regular Customer
214193,31,2,11264,4,1,4,414,0,Recent Customer
214421,134,1,12324,1,1,4,114,1,At Risk Customer
214426,73,1,4916,3,1,3,313,4,Regular Customer
214479,14,5,28958,5,2,5,525,0,VIP Customer
214762,93,1,3104,2,1,2,212,1,Regular Customer
214786,53,1,1994,4,1,1,411,4,Regular Customer
214957,78,1,7080,3,1,3,313,4,Regular Customer
214985,129,1,585,1,1,1,111,1,At Risk Customer
215049,53,6,26003,4,2,5,425,4,VIP Customer
215082,53,1,2372,4,1,2,412,4,Regular Customer
215257,80,1,2540,3,1,2,312,4,Regular Customer
215474,89,1,448,2,1,1,211,4,Regular Customer
215703,55,1,4353,4,1,2,412,4,Regular Customer
215902,110,1,17808,2,1,5,215,1,At Risk Customer
216020,60,1,580,3,1,1,311,4,Regular Customer
216160,129,1,8912,1,1,4,114,1,At Risk Customer
216471,68,2,9411,3,1,4,314,4,Regular Customer
216650,137,1,120,1,1,1,111,1,At Risk Customer
216662,12,2,23340,5,1,5,515,0,High Value Customer
216984,64,1,2736,3,1,2,312,4,Regular Customer
216994,83,1,3697,3,1,2,312,4,Regular Customer
217089,95,1,2192,2,1,1,211,1,Regular Customer
217214,92,1,6088,2,1,3,213,4,Regular Customer
217419,40,2,20586,4,1,5,415,0,High Value Customer
217712,93,1,3214,2,1,2,212,1,Regular Customer
217773,109,1,8788,2,1,4,214,1,At Risk Customer
217982,93,1,854,2,1,1,211,1,Regular Customer
218081,77,1,3358,3,1,2,312,4,Regular Customer
218217,133,2,1105,1,1,1,111,1,At Risk Customer
218274,42,1,11349,4,1,4,414,0,Regular Customer
218469,71,1,4609,3,1,2,312,4,Regular Customer
218640,91,1,144,2,1,1,211,4,Regular Customer
218648,36,22,129242,4,2,5,425,0,VIP Customer
218658,18,1,3963,5,1,2,512,0,Recent Customer
218828,21,6,38072,5,2,5,525,0,VIP Customer
218871,124,1,4505,1,1,2,112,1,At Risk Customer
219013,123,1,5356,1,1,3,113,1,At Risk Customer
219105,63,1,4149,3,1,2,312,4,Regular Customer
219332,80,1,6230,3,1,3,313,4,Regular Customer
219588,11,2,23162,5,1,5,515,0,High Value Customer
219768,10,1,5072,5,1,3,513,0,Recent Customer
219788,66,13,43711,3,2,5,325,4,VIP Customer
219874,30,1,9922,5,1,4,514,0,Recent Customer
219932,43,1,16120,4,1,5,415,0,Regular Customer
220099,24,1,17832,5,1,5,515,0,Recent Customer
220296,89,1,2940,2,1,2,212,4,Regular Customer
220300,23,1,9675,5,1,4,514,0,Recent Customer
220379,125,1,4866,1,1,3,113,1,At Risk Customer
220386,124,1,1103,1,1,1,111,1,At Risk Customer
220404,79,1,1563,3,1,1,311,4,Regular Customer
220481,46,1,16964,4,1,5,415,0,Regular Customer
220840,73,4,8779,3,2,4,324,4,Loyal Customer
220911,87,1,4219,2,1,2,212,4,Regular Customer
220948,115,1,4329,1,1,2,112,1,At Risk Customer
221046,86,1,10041,2,1,4,214,4,Regular Customer
221055,74,1,7731,3,1,3,313,4,Regular Customer
221099,97,2,26826,2,1,5,215,1,High Value Customer
221176,137,1,232,1,1,1,111,1,At Risk Customer
221190,106,1,2968,2,1,2,212,1,At Risk Customer
221211,60,1,243,3,1,1,311,4,Regular Customer
221249,118,3,19204,1,2,5,125,1,Loyal Customer
221331,14,1,12092,5,1,4,514,0,Recent Customer
221662,1,1,248,5,1,1,511,0,Recent Customer
221764,117,1,19124,1,1,5,115,1,High Value Customer
221809,113,1,8228,1,1,3,113,1,At Risk Customer
221868,15,2,8940,5,1,4,514,0,Recent Customer
221900,101,1,5817,2,1,3,213,1,Regular Customer
221998,68,1,4866,3,1,3,313,4,Regular Customer
222046,77,17,73142,3,2,5,325,4,VIP Customer
222174,74,2,3528,3,1,2,312,4,Regular Customer
222350,128,2,14798,1,1,5,115,1,At Risk Customer
222411,39,1,3552,4,1,2,412,0,Regular Customer
222425,39,1,2467,4,1,2,412,0,Regular Customer
222459,130,1,9888,1,1,4,114,1,At Risk Customer
222475,52,1,2224,4,1,1,411,4,Regular Customer
222534,81,1,6500,3,1,3,313,4,Regular Customer
222570,71,1,1286,3,1,1,311,4,Regular Customer
222575,78,1,925,3,1,1,311,4,Regular Customer
222696,94,1,7204,2,1,3,213,1,Regular Customer
223283,78,1,7192,3,1,3,313,4,Regular Customer
223303,130,1,7658,1,1,3,113,1,At Risk Customer
223493,58,1,2754,4,1,2,412,4,Regular Customer
223972,37,1,56,4,1,1,411,0,Recent Customer
223996,126,2,21288,1,1,5,115,1,High Value Customer
224248,33,1,2148,4,1,1,411,0,Recent Customer
224497,110,1,9224,2,1,4,214,1,At Risk Customer
224553,8,1,6420,5,1,3,513,0,Recent Customer
224732,47,3,24167,4,2,5,425,4,Loyal Customer
224773,74,1,1786,3,1,1,311,4,Regular Customer
224777,53,2,7972,4,1,3,413,4,Regular Customer
224781,15,1,1822,5,1,1,511,0,Recent Customer
224841,96,1,2222,2,1,1,211,1,Regular Customer
224855,53,2,20740,4,1,5,415,4,High Value Customer
224928,93,3,24460,2,2,5,225,1,Loyal Customer
225006,135,1,6609,1,1,3,113,1,At Risk Customer
225030,48,1,12932,4,1,4,414,4,Regular Customer
225043,41,2,8157,4,1,3,413,0,Regular Customer
225053,87,1,18752,2,1,5,215,4,High Value Customer
225109,61,1,15488,3,1,5,315,4,Regular Customer
225267,10,1,1972,5,1,1,511,0,Recent Customer
225607,46,1,2025,4,1,1,411,0,Regular Customer
225633,20,1,4881,5,1,3,513,0,Recent Customer
225737,136,1,3531,1,1,2,112,1,At Risk Customer
225810,27,1,3684,5,1,2,512,0,Recent Customer
225852,64,2,16512,3,1,5,315,4,Regular Customer
225865,92,1,927,2,1,1,211,4,Regular Customer
225936,34,1,14392,4,1,5,415,0,Recent Customer
225990,100,1,2004,2,1,1,211,1,Regular Customer
226068,123,1,1224,1,1,1,111,1,At Risk Customer
226075,106,1,486,2,1,1,211,1,At Risk Customer
226080,40,1,1142,4,1,1,411,0,Regular Customer
226088,81,1,14865,3,1,5,315,4,Regular Customer
226117,119,1,2388,1,1,2,112,1,At Risk Customer
226251,55,1,2000,4,1,1,411,4,Regular Customer
226296,35,1,6202,4,1,3,413,0,Recent Customer
226308,98,1,3069,2,1,2,212,1,Regular Customer
226445,14,2,24652,5,1,5,515,0,High Value Customer
226547,108,1,2712,2,1,2,212,1,At Risk Customer
226726,83,1,6950,3,1,3,313,4,Regular Customer
226943,124,1,3166,1,1,2,112,1,At Risk Customer
226999,46,1,2504,4,1,2,412,0,Regular Customer
227054,126,1,450,1,1,1,111,1,At Risk Customer
227091,113,53,265628,1,2,5,125,3,VIP Customer
227174,93,1,1720,2,1,1,211,1,Regular Customer
227343,58,1,16184,4,1,5,415,4,Regular Customer
227571,128,1,4089,1,1,2,112,1,At Risk Customer
227781,7,4,15613,5,2,5,525,0,VIP Customer
227926,17,5,21648,5,2,5,525,0,VIP Customer
228040,119,1,11973,1,1,4,114,1,At Risk Customer
228175,67,1,468,3,1,1,311,4,Regular Customer
228280,113,2,16682,1,1,5,115,1,At Risk Customer
228608,6,1,580,5,1,1,511,0,Recent Customer
228610,130,1,485,1,1,1,111,1,At Risk Customer
228703,106,1,10784,2,1,4,214,1,At Risk Customer
229076,52,1,2058,4,1,1,411,4,Regular Customer
229157,112,1,8572,1,1,4,114,1,At Risk Customer
229291,67,1,9924,3,1,4,314,4,Regular Customer
229321,95,1,13892,2,1,5,215,1,Regular Customer
229432,46,1,2776,4,1,2,412,0,Regular Customer
229502,13,1,3819,5,1,2,512,0,Recent Customer
229737,126,2,8942,1,1,4,114,1,At Risk Customer
229841,59,1,3222,3,1,2,312,4,Regular Customer
229868,72,1,4833,3,1,3,313,4,Regular Customer
229872,116,1,10251,1,1,4,114,1,At Risk Customer
230215,3,3,17564,5,2,5,525,0,Loyal Customer
230233,80,1,3736,3,1,2,312,4,Regular Customer
230237,70,2,10273,3,1,4,314,4,Regular Customer
230380,115,1,3673,1,1,2,112,1,At Risk Customer
230478,114,1,12855,1,1,4,114,1,At Risk Customer
230498,93,1,3148,2,1,2,212,1,Regular Customer
230526,74,1,11580,3,1,4,314,4,Regular Customer
230847,48,1,2104,4,1,1,411,4,Regular Customer
231047,55,2,18708,4,1,5,415,4,High Value Customer
231131,26,1,11920,5,1,4,514,0,Recent Customer
231156,54,1,832,4,1,1,411,4,Regular Customer
231275,94,1,14226,2,1,5,215,1,Regular Customer
231565,137,1,1012,1,1,1,111,1,At Risk Customer
231570,24,2,14425,5,1,5,515,0,Recent Customer
231740,74,1,2877,3,1,2,312,4,Regular Customer
231908,33,1,1153,4,1,1,411,0,Recent Customer
232097,72,1,14424,3,1,5,315,4,Regular Customer
232133,111,1,2740,2,1,2,212,1,At Risk Customer
232227,134,1,14140,1,1,5,115,1,At Risk Customer
232235,126,1,4053,1,1,2,112,1,At Risk Customer
232275,116,1,1194,1,1,1,111,1,At Risk Customer
232278,73,1,1506,3,1,1,311,4,Regular Customer
232309,63,4,18369,3,2,5,325,4,VIP Customer
232337,98,1,11022,2,1,4,214,1,Regular Customer
232491,101,1,4421,2,1,2,212,1,Regular Customer
232605,127,1,3665,1,1,2,112,1,At Risk Customer
232636,57,1,2303,4,1,2,412,4,Regular Customer
233038,62,1,19880,3,1,5,315,4,High Value Customer
233054,65,1,2442,3,1,2,312,4,Regular Customer
233092,29,1,2196,5,1,1,511,0,Recent Customer
233156,92,1,2674,2,1,2,212,4,Regular Customer
233297,54,3,15716,4,2,5,425,4,Loyal Customer
233323,28,1,6226,5,1,3,513,0,Recent Customer
233349,96,1,3531,2,1,2,212,1,Regular Customer
233733,13,1,3136,5,1,2,512,0,Recent Customer
233862,134,1,867,1,1,1,111,1,At Risk Customer
233899,101,1,4708,2,1,3,213,1,Regular Customer
233979,93,12,78372,2,2,5,225,1,VIP Customer
234161,112,1,18656,1,1,5,115,1,High Value Customer
234318,135,1,4065,1,1,2,112,1,At Risk Customer
234475,114,1,2349,1,1,2,112,1,At Risk Customer
234593,40,2,19188,4,1,5,415,0,High Value Customer
234870,119,1,1042,1,1,1,111,1,At Risk Customer
234941,130,2,18964,1,1,5,115,1,High Value Customer
235067,81,1,2788,3,1,2,312,4,Regular Customer
235387,87,1,3232,2,1,2,212,4,Regular Customer
235392,127,2,11942,1,1,4,114,1,At Risk Customer
235460,2,1,6476,5,1,3,513,0,Recent Customer
235498,59,1,2342,3,1,2,312,4,Regular Customer
235560,137,1,4768,1,1,3,113,1,At Risk Customer
235606,81,1,5325,3,1,3,313,4,Regular Customer
235906,114,1,3650,1,1,2,112,1,At Risk Customer
236158,81,1,7326,3,1,3,313,4,Regular Customer
236211,97,1,2132,2,1,1,211,1,Regular Customer
236213,30,2,18875,5,1,5,515,0,High Value Customer
236229,67,1,17704,3,1,5,315,4,Regular Customer
236392,75,1,3534,3,1,2,312,4,Regular Customer
236507,134,1,6712,1,1,3,113,1,At Risk Customer
236545,65,2,14661,3,1,5,315,4,Regular Customer
236747,33,1,5270,4,1,3,413,0,Recent Customer
236800,99,1,960,2,1,1,211,1,Regular Customer
236963,22,1,1654,5,1,1,511,0,Recent Customer
237072,13,1,8936,5,1,4,514,0,Recent Customer
237262,71,1,11108,3,1,4,314,4,Regular Customer
237278,136,1,519,1,1,1,111,1,At Risk Customer
237286,70,1,9562,3,1,4,314,4,Regular Customer
237326,78,2,14585,3,1,5,315,4,Regular Customer
237408,124,1,7140,1,1,3,113,1,At Risk Customer
237434,87,1,3520,2,1,2,212,4,Regular Customer
237467,1,1,12744,5,1,4,514,0,Recent Customer
237497,125,1,19016,1,1,5,115,1,High Value Customer
237521,125,1,9800,1,1,4,114,1,At Risk Customer
237573,56,1,29,4,1,1,411,4,Regular Customer
237614,102,1,1074,2,1,1,211,1,Regular Customer
237865,63,3,18296,3,2,5,325,4,Loyal Customer
237886,4,1,4628,5,1,2,512,0,Recent Customer
238199,42,2,5470,4,1,3,413,0,Regular Customer
238270,1,1,11037,5,1,4,514,0,Recent Customer
238300,49,1,2922,4,1,2,412,4,Regular Customer
238432,8,1,4536,5,1,2,512,0,Recent Customer
238437,62,1,9855,3,1,4,314,4,Regular Customer
238442,88,1,740,2,1,1,211,4,Regular Customer
238511,103,1,9939,2,1,4,214,1,Regular Customer
238722,66,1,2176,3,1,1,311,4,Regular Customer
238781,40,1,927,4,1,1,411,0,Regular Customer
238831,127,1,7308,1,1,3,113,1,At Risk Customer
238847,116,1,3111,1,1,2,112,1,At Risk Customer
239279,17,1,4558,5,1,2,512,0,Recent Customer
239319,100,1,372,2,1,1,211,1,Regular Customer
239362,64,1,9459,3,1,4,314,4,Regular Customer
239439,12,1,2483,5,1,2,512,0,Recent Customer
239564,82,4,19316,3,2,5,325,4,VIP Customer
239825,50,1,9704,4,1,4,414,4,Regular Customer
239974,62,1,4392,3,1,2,312,4,Regular Customer
240176,46,1,6324,4,1,3,413,0,Regular Customer
240222,61,1,5694,3,1,3,313,4,Regular Customer
240290,6,1,7665,5,1,3,513,0,Recent Customer
240463,127,1,12812,1,1,4,114,1,At Risk Customer
240496,47,1,10372,4,1,4,414,4,Regular Customer
240556,120,2,19976,1,1,5,115,1,High Value Customer
240564,115,1,4360,1,1,2,112,1,At Risk Customer
240645,110,1,3265,2,1,2,212,1,At Risk Customer
240800,18,1,6852,5,1,3,513,0,Recent Customer
240998,92,16,120155,2,2,5,225,4,VIP Customer
241145,62,3,19744,3,2,5,325,4,Loyal Customer
241246,110,2,13766,2,1,5,215,1,At Risk Customer
241356,45,2,23174,4,1,5,415,0,High Value Customer
241583,66,1,3904,3,1,2,312,4,Regular Customer
241743,24,1,2229,5,1,1,511,0,Recent Customer
241863,102,1,1680,2,1,1,211,1,Regular Customer
242105,16,5,22445,5,2,5,525,0,VIP Customer
242485,75,1,5658,3,1,3,313,4,Regular Customer
242520,95,1,12896,2,1,4,214,1,Regular Customer
242567,42,1,7884,4,1,3,413,0,Regular Customer
242654,44,3,14730,4,2,5,425,0,Loyal Customer
242663,35,1,743,4,1,1,411,0,Recent Customer
242740,39,1,892,4,1,1,411,0,Regular Customer
242826,26,1,2776,5,1,2,512,0,Recent Customer
242861,46,1,8384,4,1,4,414,0,Regular Customer
242985,73,1,7659,3,1,3,313,4,Regular Customer
243025,85,3,26236,2,2,5,225,4,Loyal Customer
243070,57,2,7788,4,1,3,413,4,Regular Customer
243182,51,1,14871,4,1,5,415,4,Regular Customer
243572,120,1,1416,1,1,1,111,1,At Risk Customer
243592,137,1,666,1,1,1,111,1,At Risk Customer
243636,86,2,11051,2,1,4,214,4,Regular Customer
243939,51,1,1234,4,1,1,411,4,Regular Customer
244123,14,5,14183,5,2,5,525,0,VIP Customer
244468,61,2,6478,3,1,3,313,4,Regular Customer
244531,35,1,7524,4,1,3,413,0,Recent Customer
244553,111,1,7222,2,1,3,213,1,At Risk Customer
244556,46,1,2022,4,1,1,411,0,Regular Customer
244583,116,1,3561,1,1,2,112,1,At Risk Customer
244603,127,1,14256,1,1,5,115,1,At Risk Customer
244756,26,5,39463,5,2,5,525,0,VIP Customer
244835,36,2,19691,4,1,5,415,0,High Value Customer
244838,109,1,2104,2,1,1,211,1,At Risk Customer
244853,91,4,18697,2,2,5,225,4,VIP Customer
245293,103,2,6579,2,1,3,213,1,Regular Customer
245608,86,1,8290,2,1,3,213,4,Regular Customer
245765,25,1,2081,5,1,1,511,0,Recent Customer
245770,65,1,17312,3,1,5,315,4,Regular Customer
245823,18,2,20467,5,1,5,515,0,High Value Customer
245983,20,1,2340,5,1,2,512,0,Recent Customer
246158,119,2,15330,1,1,5,115,1,At Risk Customer
246235,87,1,11744,2,1,4,214,4,Regular Customer
246785,37,7,51636,4,2,5,425,0,VIP Customer
246796,44,2,19231,4,1,5,415,0,High Value Customer
246828,124,2,6966,1,1,3,113,1,At Risk Customer
246992,120,1,2486,1,1,2,112,1,At Risk Customer
247005,134,1,7832,1,1,3,113,1,At Risk Customer
247024,6,1,19376,5,1,5,515,0,High Value Customer
247235,4,132,855064,5,2,5,525,3,VIP Customer
247247,60,1,3852,3,1,2,312,4,Regular Customer
247560,23,1,1986,5,1,1,511,0,Recent Customer
247916,116,1,6903,1,1,3,113,1,At Risk Customer
247967,17,1,2278,5,1,1,511,0,Recent Customer
248411,72,2,17526,3,1,5,315,4,Regular Customer
248428,113,1,3670,1,1,2,112,1,At Risk Customer
248503,119,1,3992,1,1,2,112,1,At Risk Customer
248599,54,2,19869,4,1,5,415,4,High Value Customer
248671,102,2,3844,2,1,2,212,1,Regular Customer
248679,78,30,206418,3,2,5,325,4,VIP Customer
248810,85,1,3720,2,1,2,212,4,Regular Customer
248845,70,1,6228,3,1,3,313,4,Regular Customer
248848,34,1,4264,4,1,2,412,0,Recent Customer
248925,4,2,11635,5,1,4,514,0,Recent Customer
249017,116,1,2113,1,1,1,111,1,At Risk Customer
249053,81,1,9712,3,1,4,314,4,Regular Customer
249061,136,1,2520,1,1,2,112,1,At Risk Customer
249074,123,1,4351,1,1,2,112,1,At Risk Customer
249247,108,1,13512,2,1,4,214,1,At Risk Customer
249286,137,1,9724,1,1,4,114,1,At Risk Customer
249439,70,1,9872,3,1,4,314,4,Regular Customer
249658,7,1,1208,5,1,1,511,0,Recent Customer
249902,116,1,7480,1,1,3,113,1,At Risk Customer
250080,53,1,7500,4,1,3,413,4,Regular Customer
250139,62,2,9354,3,1,4,314,4,Regular Customer
250146,44,3,18461,4,2,5,425,0,Loyal Customer
250187,70,1,11097,3,1,4,314,4,Regular Customer
250252,128,2,8140,1,1,3,113,1,At Risk Customer
250357,124,1,4758,1,1,3,113,1,At Risk Customer
250372,99,3,10107,2,2,4,224,1,Loyal Customer
250393,72,1,16228,3,1,5,315,4,Regular Customer
250437,117,1,1646,1,1,1,111,1,At Risk Customer
250527,97,1,1113,2,1,1,211,1,Regular Customer
250678,11,1,7410,5,1,3,513,0,Recent Customer
250943,92,1,3646,2,1,2,212,4,Regular Customer
251091,120,1,4128,1,1,2,112,1,At Risk Customer
251707,11,2,12312,5,1,4,514,0,Recent Customer
251892,107,1,14679,2,1,5,215,1,At Risk Customer
251942,136,1,9890,1,1,4,114,1,At Risk Customer
252249,94,1,4188,2,1,2,212,1,Regular Customer
252258,58,1,6956,4,1,3,413,4,Regular Customer
252415,73,1,1584,3,1,1,311,4,Regular Customer
252492,49,1,766,4,1,1,411,4,Regular Customer
252812,27,1,676,5,1,1,511,0,Recent Customer
252840,104,2,30907,2,1,5,215,1,High Value Customer
252977,65,1,1779,3,1,1,311,4,Regular Customer
253004,134,1,4772,1,1,3,113,1,At Risk Customer
253109,29,2,17916,5,1,5,515,0,Recent Customer
253213,45,2,8235,4,1,3,413,0,Regular Customer
253328,46,1,6236,4,1,3,413,0,Regular Customer
253365,110,2,8228,2,1,3,213,1,At Risk Customer
253371,33,1,4092,4,1,2,412,0,Recent Customer
253391,112,1,2988,1,1,2,112,1,At Risk Customer
253399,9,1,2290,5,1,1,511,0,Recent Customer
253756,136,1,2976,1,1,2,112,1,At Risk Customer
253867,71,1,3307,3,1,2,312,4,Regular Customer
253920,70,1,6260,3,1,3,313,4,Regular Customer
253924,106,1,1128,2,1,1,211,1,At Risk Customer
254126,27,1,4188,5,1,2,512,0,Recent Customer
254130,102,1,4296,2,1,2,212,1,Regular Customer
254146,127,4,18735,1,2,5,125,1,VIP Customer
254328,64,16,85333,3,2,5,325,4,VIP Customer
254367,68,1,880,3,1,1,311,4,Regular Customer
254579,19,1,4683,5,1,3,513,0,Recent Customer
254621,108,1,1422,2,1,1,211,1,At Risk Customer
254754,23,1,8976,5,1,4,514,0,Recent Customer
254893,81,2,9502,3,1,4,314,4,Regular Customer
255006,10,1,4756,5,1,3,513,0,Recent Customer
255309,105,1,10760,2,1,4,214,1,At Risk Customer
255389,88,1,2132,2,1,1,211,4,Regular Customer
255393,107,2,10876,2,1,4,214,1,At Risk Customer
255918,12,4,27150,5,2,5,525,0,VIP Customer
256094,38,2,22158,4,1,5,415,0,High Value Customer
256429,11,2,4744,5,1,3,513,0,Recent Customer
256465,115,1,2757,1,1,2,112,1,At Risk Customer
256505,107,1,17016,2,1,5,215,1,At Risk Customer
256544,136,1,2655,1,1,2,112,1,At Risk Customer
256726,70,1,4808,3,1,3,313,4,Regular Customer
256781,19,1,16812,5,1,5,515,0,Recent Customer
256821,44,1,13224,4,1,4,414,0,Regular Customer
256877,46,1,3734,4,1,2,412,0,Regular Customer
256880,117,1,10425,1,1,4,114,1,At Risk Customer
257248,10,1,13160,5,1,4,514,0,Recent Customer
257291,60,1,11622,3,1,4,314,4,Regular Customer
257462,44,1,19920,4,1,5,415,0,High Value Customer
257726,49,2,14014,4,1,5,415,4,Regular Customer
257912,32,1,4282,4,1,2,412,0,Recent Customer
258107,47,1,1256,4,1,1,411,4,Regular Customer
258317,18,2,18176,5,1,5,515,0,Recent Customer
258336,23,1,488,5,1,1,511,0,Recent Customer
258434,116,1,9324,1,1,4,114,1,At Risk Customer
258502,126,1,4945,1,1,3,113,1,At Risk Customer
258538,136,1,19048,1,1,5,115,1,High Value Customer
259050,35,1,4171,4,1,2,412,0,Recent Customer
259169,78,1,3576,3,1,2,312,4,Regular Customer
259178,50,1,426,4,1,1,411,4,Regular Customer
259214,126,1,14421,1,1,5,115,1,At Risk Customer
259278,110,6,45423,2,2,5,225,1,VIP Customer
259305,52,1,8520,4,1,4,414,4,Regular Customer
259827,30,1,10041,5,1,4,514,0,Recent Customer
259928,129,1,3236,1,1,2,112,1,At Risk Customer
260032,56,1,4063,4,1,2,412,4,Regular Customer
260491,99,1,464,2,1,1,211,1,Regular Customer
260578,113,1,2572,1,1,2,112,1,At Risk Customer
260753,138,1,12252,1,1,4,114,1,At Risk Customer
260868,118,1,3905,1,1,2,112,1,At Risk Customer
260971,7,1,3732,5,1,2,512,0,Recent Customer
261238,7,4,16025,5,2,5,525,0,VIP Customer
261301,110,1,4052,2,1,2,212,1,At Risk Customer
261325,63,1,6942,3,1,3,313,4,Regular Customer
261362,122,1,593,1,1,1,111,1,At Risk Customer
261507,36,1,10668,4,1,4,414,0,Recent Customer
261643,42,1,2467,4,1,2,412,0,Regular Customer
261667,60,1,8180,3,1,3,313,4,Regular Customer
261693,32,1,12420,4,1,4,414,0,Recent Customer
261694,37,1,10860,4,1,4,414,0,Recent Customer
261793,96,1,11565,2,1,4,214,1,Regular Customer
261807,55,1,11476,4,1,4,414,4,Regular Customer
261883,92,1,5274,2,1,3,213,4,Regular Customer
261889,124,1,2537,1,1,2,112,1,At Risk Customer
261902,24,2,5011,5,1,3,513,0,Recent Customer
262357,34,3,27262,4,2,5,425,0,Loyal Customer
262508,73,1,2931,3,1,2,312,4,Regular Customer
262607,108,1,13096,2,1,4,214,1,At Risk Customer
263161,93,1,5410,2,1,3,213,1,Regular Customer
263205,98,1,1171,2,1,1,211,1,Regular Customer
263391,107,2,9172,2,1,4,214,1,At Risk Customer
263462,104,2,19520,2,1,5,215,1,High Value Customer
263733,21,2,12828,5,1,4,514,0,Recent Customer
263746,43,1,6188,4,1,3,413,0,Regular Customer
263783,38,1,1532,4,1,1,411,0,Regular Customer
263974,121,1,14156,1,1,5,115,1,At Risk Customer
264044,44,1,3437,4,1,2,412,0,Regular Customer
264190,61,2,19111,3,1,5,315,4,High Value Customer
264361,37,1,7680,4,1,3,413,0,Recent Customer
264398,107,1,5722,2,1,3,213,1,At Risk Customer
264597,126,1,15344,1,1,5,115,1,At Risk Customer
264607,125,1,2459,1,1,2,112,1,At Risk Customer
264653,56,1,5310,4,1,3,413,4,Regular Customer
264716,98,2,3758,2,1,2,212,1,Regular Customer
264734,96,1,9508,2,1,4,214,1,Regular Customer
264810,43,1,866,4,1,1,411,0,Regular Customer
264847,3,1,17724,5,1,5,515,0,Recent Customer
264883,81,2,6370,3,1,3,313,4,Regular Customer
264899,62,1,3540,3,1,2,312,4,Regular Customer
265273,129,1,2592,1,1,2,112,1,At Risk Customer
265295,58,1,2564,4,1,2,412,4,Regular Customer
265486,23,2,2024,5,1,1,511,0,Recent Customer
265568,78,1,10659,3,1,4,314,4,Regular Customer
265643,61,1,5504,3,1,3,313,4,Regular Customer
265645,125,1,4781,1,1,3,113,1,At Risk Customer
265778,11,4,21569,5,2,5,525,0,VIP Customer
265832,95,1,9123,2,1,4,214,1,Regular Customer
265897,64,3,1680,3,2,1,321,4,Loyal Customer
265968,9,1,11817,5,1,4,514,0,Recent Customer
266201,22,1,4200,5,1,2,512,0,Recent Customer
266350,51,1,5067,4,1,3,413,4,Regular Customer
266417,138,2,7876,1,1,3,113,1,At Risk Customer
266464,1,1,3405,5,1,2,512,0,Recent Customer
266582,94,1,18892,2,1,5,215,1,High Value Customer
266610,51,1,13086,4,1,4,414,4,Regular Customer
266666,118,1,1383,1,1,1,111,1,At Risk Customer
266693,104,1,672,2,1,1,211,1,Regular Customer
266762,106,1,11084,2,1,4,214,1,At Risk Customer
266892,42,1,2598,4,1,2,412,0,Regular Customer
267116,64,1,5370,3,1,3,313,4,Regular Customer
267136,23,1,14280,5,1,5,515,0,Recent Customer
267357,105,1,1177,2,1,1,211,1,At Risk Customer
267731,60,1,3328,3,1,2,312,4,Regular Customer
267735,71,1,8072,3,1,3,313,4,Regular Customer
267818,49,1,2000,4,1,1,411,4,Regular Customer
267822,87,1,15844,2,1,5,215,4,Regular Customer
267861,51,1,7902,4,1,3,413,4,Regular Customer
267973,52,1,3292,4,1,2,412,4,Regular Customer
268155,76,2,28122,3,1,5,315,4,High Value Customer
268221,71,1,480,3,1,1,311,4,Regular Customer
268239,47,1,5724,4,1,3,413,4,Regular Customer
268264,94,1,5898,2,1,3,213,1,Regular Customer
268342,116,1,1524,1,1,1,111,1,At Risk Customer
268385,102,1,1417,2,1,1,211,1,Regular Customer
268428,106,2,3221,2,1,2,212,1,At Risk Customer
268430,78,1,9807,3,1,4,314,4,Regular Customer
268571,60,1,4281,3,1,2,312,4,Regular Customer
268657,76,2,9212,3,1,4,314,4,Regular Customer
268741,135,1,1797,1,1,1,111,1,At Risk Customer
268994,74,1,4908,3,1,3,313,4,Regular Customer
268999,81,1,738,3,1,1,311,4,Regular Customer
269109,94,1,2769,2,1,2,212,1,Regular Customer
269127,119,10,48454,1,2,5,125,1,VIP Customer
269245,51,1,1602,4,1,1,411,4,Regular Customer
269284,116,1,8734,1,1,4,114,1,At Risk Customer
269434,122,1,7425,1,1,3,113,1,At Risk Customer
269448,20,1,4254,5,1,2,512,0,Recent Customer
269618,100,1,1773,2,1,1,211,1,Regular Customer
269635,131,1,5228,1,1,3,113,1,At Risk Customer
269813,55,1,1594,4,1,1,411,4,Regular Customer
269879,86,1,4338,2,1,2,212,4,Regular Customer
270248,32,1,2326,4,1,2,412,0,Recent Customer
270362,123,2,1567,1,1,1,111,1,At Risk Customer
270464,36,2,5125,4,1,3,413,0,Recent Customer
270492,101,1,794,2,1,1,211,1,Regular Customer
270562,31,1,5028,4,1,3,413,0,Recent Customer
270632,10,1,7821,5,1,3,513,0,Recent Customer
270876,136,1,8349,1,1,4,114,1,At Risk Customer
271086,32,1,4916,4,1,3,413,0,Recent Customer
271333,127,1,5320,1,1,3,113,1,At Risk Customer
271410,77,1,715,3,1,1,311,4,Regular Customer
271466,54,1,2647,4,1,2,412,4,Regular Customer
271486,45,2,10352,4,1,4,414,0,Regular Customer
271719,78,1,684,3,1,1,311,4,Regular Customer
271800,127,1,2944,1,1,2,112,1,At Risk Customer
271884,91,1,11328,2,1,4,214,4,Regular Customer
272096,127,1,3063,1,1,2,112,1,At Risk Customer
272457,112,2,6444,1,1,3,113,1,At Risk Customer
272853,74,2,4763,3,1,3,313,4,Regular Customer
272883,51,4,29792,4,2,5,425,4,VIP Customer
273341,94,4,25424,2,2,5,225,1,VIP Customer
273362,58,1,4317,4,1,2,412,4,Regular Customer
273385,108,1,4650,2,1,2,212,1,At Risk Customer
273406,109,6,46608,2,2,5,225,1,VIP Customer
273431,107,1,2178,2,1,1,211,1,At Risk Customer
273600,75,4,43445,3,2,5,325,4,VIP Customer
273630,116,2,2955,1,1,2,112,1,At Risk Customer
273697,50,1,5416,4,1,3,413,4,Regular Customer
273772,49,3,26054,4,2,5,425,4,Loyal Customer
273814,50,1,5754,4,1,3,413,4,Regular Customer
273853,24,1,11586,5,1,4,514,0,Recent Customer
273910,51,4,19036,4,2,5,425,4,VIP Customer
274064,60,1,10554,3,1,4,314,4,Regular Customer
274152,102,1,285,2,1,1,211,1,Regular Customer
274515,48,1,9426,4,1,4,414,4,Regular Customer
274886,61,1,7124,3,1,3,313,4,Regular Customer
274980,60,2,570,3,1,1,311,4,Regular Customer
274981,4,1,397,5,1,1,511,0,Recent Customer
275428,22,1,11769,5,1,4,514,0,Recent Customer
275692,58,1,2702,4,1,2,412,4,Regular Customer
275715,64,1,11836,3,1,4,314,4,Regular Customer
275823,80,1,3837,3,1,2,312,4,Regular Customer
275832,113,1,3606,1,1,2,112,1,At Risk Customer
275833,68,1,1750,3,1,1,311,4,Regular Customer
275836,69,1,339,3,1,1,311,4,Regular Customer
275846,86,1,11214,2,1,4,214,4,Regular Customer
276016,32,1,14416,4,1,5,415,0,Recent Customer
276034,37,1,11625,4,1,4,414,0,Recent Customer
276149,123,1,6610,1,1,3,113,1,At Risk Customer
276165,121,1,9856,1,1,4,114,1,At Risk Customer
276207,72,1,3661,3,1,2,312,4,Regular Customer
276382,82,1,3470,3,1,2,312,4,Regular Customer
276464,133,1,8798,1,1,4,114,1,At Risk Customer
276579,123,1,884,1,1,1,111,1,At Risk Customer
276809,21,1,132,5,1,1,511,0,Recent Customer
277349,56,1,4957,4,1,3,413,4,Regular Customer
277476,80,1,16252,3,1,5,315,4,Regular Customer
277488,87,1,9672,2,1,4,214,4,Regular Customer
277576,73,1,7932,3,1,3,313,4,Regular Customer
277873,59,1,12939,3,1,4,314,4,Regular Customer
277968,100,1,3620,2,1,2,212,1,Regular Customer
278041,80,1,12152,3,1,4,314,4,Regular Customer
278088,42,1,19132,4,1,5,415,0,High Value Customer
278097,120,1,927,1,1,1,111,1,At Risk Customer
278171,115,1,13194,1,1,4,114,1,At Risk Customer
278265,19,1,10377,5,1,4,514,0,Recent Customer
278574,126,1,3006,1,1,2,112,1,At Risk Customer
278647,25,1,4452,5,1,2,512,0,Recent Customer
278771,69,3,7931,3,2,3,323,4,Loyal Customer
278831,114,1,16028,1,1,5,115,1,At Risk Customer
278940,129,5,29801,1,2,5,125,1,VIP Customer
278967,31,1,11511,4,1,4,414,0,Recent Customer
279034,21,1,14667,5,1,5,515,0,Recent Customer
279142,95,1,1782,2,1,1,211,1,Regular Customer
279193,31,1,2534,4,1,2,412,0,Recent Customer
279406,116,7,50968,1,2,5,125,1,VIP Customer
279466,50,1,4032,4,1,2,412,4,Regular Customer
279677,83,1,3565,3,1,2,312,4,Regular Customer
279856,36,1,6120,4,1,3,413,0,Recent Customer
279876,94,2,6386,2,1,3,213,1,Regular Customer
280031,112,1,3345,1,1,2,112,1,At Risk Customer
280361,21,13,90689,5,2,5,525,0,VIP Customer
280692,99,1,8002,2,1,3,213,1,Regular Customer
280722,115,1,7947,1,1,3,113,1,At Risk Customer
280750,54,1,3012,4,1,2,412,4,Regular Customer
280912,136,1,923,1,1,1,111,1,At Risk Customer
281161,17,1,2226,5,1,1,511,0,Recent Customer
281202,71,1,3088,3,1,2,312,4,Regular Customer
281359,136,1,18044,1,1,5,115,1,At Risk Customer
281553,71,2,11224,3,1,4,314,4,Regular Customer
281703,37,1,7401,4,1,3,413,0,Recent Customer
281778,16,1,193,5,1,1,511,0,Recent Customer
281978,118,1,6780,1,1,3,113,1,At Risk Customer
282233,133,1,5428,1,1,3,113,1,At Risk Customer
282289,84,3,31632,3,2,5,325,4,Loyal Customer
282440,21,2,37724,5,1,5,515,0,High Value Customer
282705,109,1,4800,2,1,3,213,1,At Risk Customer
282887,30,2,10776,5,1,4,514,0,Recent Customer
283269,49,1,1377,4,1,1,411,4,Regular Customer
283477,11,13,42153,5,2,5,525,0,VIP Customer
283553,12,2,10707,5,1,4,514,0,Recent Customer
283568,91,1,3696,2,1,2,212,4,Regular Customer
283604,58,1,9537,4,1,4,414,4,Regular Customer
283621,60,4,21792,3,2,5,325,4,VIP Customer
283858,45,1,6816,4,1,3,413,0,Regular Customer
284251,95,1,3205,2,1,2,212,1,Regular Customer
284451,137,1,1154,1,1,1,111,1,At Risk Customer
284631,133,1,8812,1,1,4,114,1,At Risk Customer
284767,47,1,4500,4,1,2,412,4,Regular Customer
285368,90,2,20579,2,1,5,215,4,High Value Customer
285372,75,1,192,3,1,1,311,4,Regular Customer
285918,121,1,1283,1,1,1,111,1,At Risk Customer
286535,128,1,19228,1,1,5,115,1,High Value Customer
286553,119,1,4760,1,1,3,113,1,At Risk Customer
286616,104,75,407257,2,2,5,225,3,VIP Customer
286780,103,1,3646,2,1,2,212,1,Regular Customer
286790,105,1,1363,2,1,1,211,1,At Risk Customer
286923,77,1,231,3,1,1,311,4,Regular Customer
287007,122,2,22917,1,1,5,115,1,High Value Customer
287022,126,1,6488,1,1,3,113,1,At Risk Customer
287434,136,1,10806,1,1,4,114,1,At Risk Customer
287470,24,1,4380,5,1,2,512,0,Recent Customer
287930,134,3,21674,1,2,5,125,1,Loyal Customer
287996,36,1,19976,4,1,5,415,0,High Value Customer
288003,115,1,8534,1,1,4,114,1,At Risk Customer
288061,91,2,1244,2,1,1,211,4,Regular Customer
288362,51,1,11874,4,1,4,414,4,Regular Customer
288422,115,1,6544,1,1,3,113,1,At Risk Customer
288474,103,1,8307,2,1,4,214,1,Regular Customer
288488,80,2,24482,3,1,5,315,4,High Value Customer
288615,66,1,4317,3,1,2,312,4,Regular Customer
288665,86,1,4767,2,1,3,213,4,Regular Customer
288699,72,1,6788,3,1,3,313,4,Regular Customer
288843,25,1,18340,5,1,5,515,0,Recent Customer
288932,67,2,11865,3,1,4,314,4,Regular Customer
288956,123,2,17906,1,1,5,115,1,At Risk Customer
289019,114,2,21726,1,1,5,115,1,High Value Customer
289113,15,1,8002,5,1,3,513,0,Recent Customer
289401,75,1,3640,3,1,2,312,4,Regular Customer
289418,32,1,1230,4,1,1,411,0,Recent Customer
289481,11,1,7536,5,1,3,513,0,Recent Customer
289491,72,1,4899,3,1,3,313,4,Regular Customer
289743,124,1,1028,1,1,1,111,1,At Risk Customer
290073,64,1,12378,3,1,4,314,4,Regular Customer
290201,36,1,4143,4,1,2,412,0,Recent Customer
290203,47,1,749,4,1,1,411,4,Regular Customer
290246,45,1,4121,4,1,2,412,0,Regular Customer
290356,80,1,2943,3,1,2,312,4,Regular Customer
290528,12,1,11860,5,1,4,514,0,Recent Customer
290565,110,1,1479,2,1,1,211,1,At Risk Customer
290976,11,1,7792,5,1,3,513,0,Recent Customer
291195,122,1,369,1,1,1,111,1,At Risk Customer
291283,106,2,9776,2,1,4,214,1,At Risk Customer
291284,120,1,4442,1,1,2,112,1,At Risk Customer
291285,38,1,4546,4,1,2,412,0,Regular Customer
291472,93,2,7057,2,1,3,213,1,Regular Customer
291482,89,3,23193,2,2,5,225,4,Loyal Customer
291938,122,1,4356,1,1,2,112,1,At Risk Customer
291984,56,1,8733,4,1,4,414,4,Regular Customer
292065,67,1,6436,3,1,3,313,4,Regular Customer
292102,70,3,27900,3,2,5,325,4,Loyal Customer
292344,74,2,4555,3,1,2,312,4,Regular Customer
292365,116,2,12024,1,1,4,114,1,At Risk Customer
292466,127,1,3371,1,1,2,112,1,At Risk Customer
292675,16,1,3991,5,1,2,512,0,Recent Customer
292706,43,2,2157,4,1,1,411,0,Regular Customer
292806,78,1,3493,3,1,2,312,4,Regular Customer
293077,115,1,14280,1,1,5,115,1,At Risk Customer
293206,109,1,13076,2,1,4,214,1,At Risk Customer
293501,74,1,19908,3,1,5,315,4,High Value Customer
293600,102,1,16232,2,1,5,215,1,Regular Customer
294027,62,1,12276,3,1,4,314,4,Regular Customer
294088,4,2,3905,5,1,2,512,0,Recent Customer
294152,57,1,10899,4,1,4,414,4,Regular Customer
294255,56,3,616,4,2,1,421,4,Loyal Customer
294269,122,1,14322,1,1,5,115,1,At Risk Customer
294308,2,2,13078,5,1,4,514,0,Recent Customer
294377,49,1,8814,4,1,4,414,4,Regular Customer
294572,66,1,9892,3,1,4,314,4,Regular Customer
294613,29,1,6236,5,1,3,513,0,Recent Customer
294706,46,1,1236,4,1,1,411,0,Regular Customer
294970,93,1,8600,2,1,4,214,1,Regular Customer
294978,88,1,9267,2,1,4,214,4,Regular Customer
294981,85,1,1685,2,1,1,211,4,Regular Customer
295158,12,1,18396,5,1,5,515,0,Recent Customer
295182,37,1,16252,4,1,5,415,0,Recent Customer
295185,114,1,11192,1,1,4,114,1,At Risk Customer
295217,119,1,1100,1,1,1,111,1,At Risk Customer
295220,109,1,550,2,1,1,211,1,At Risk Customer
295358,60,1,6872,3,1,3,313,4,Regular Customer
295384,52,1,1736,4,1,1,411,4,Regular Customer
295435,36,1,7090,4,1,3,413,0,Recent Customer
295588,54,2,25426,4,1,5,415,4,High Value Customer
295727,20,1,10005,5,1,4,514,0,Recent Customer
295742,67,1,2711,3,1,2,312,4,Regular Customer
296024,81,1,538,3,1,1,311,4,Regular Customer
296167,22,1,8487,5,1,4,514,0,Recent Customer
296218,101,1,17100,2,1,5,215,1,Regular Customer
296267,9,1,7814,5,1,3,513,0,Recent Customer
296401,108,2,13407,2,1,4,214,1,At Risk Customer
296424,135,1,2217,1,1,1,111,1,At Risk Customer
296431,42,1,14644,4,1,5,415,0,Regular Customer
296575,57,2,22040,4,1,5,415,4,High Value Customer
296577,128,3,16308,1,2,5,125,1,Loyal Customer
296947,15,1,1812,5,1,1,511,0,Recent Customer
297008,68,1,6956,3,1,3,313,4,Regular Customer
297120,133,2,1286,1,1,1,111,1,At Risk Customer
297634,12,1,2292,5,1,2,512,0,Recent Customer
297639,127,1,16888,1,1,5,115,1,At Risk Customer
297795,5,1,729,5,1,1,511,0,Recent Customer
297868,4,1,7647,5,1,3,513,0,Recent Customer
298070,131,1,787,1,1,1,111,1,At Risk Customer
298140,86,1,304,2,1,1,211,4,Regular Customer
298235,15,1,1367,5,1,1,511,0,Recent Customer
298508,54,2,7528,4,1,3,413,4,Regular Customer
298539,28,1,4882,5,1,3,513,0,Recent Customer
298911,49,1,9855,4,1,4,414,4,Regular Customer
299049,124,1,7120,1,1,3,113,1,At Risk Customer
299094,86,1,3456,2,1,2,212,4,Regular Customer
299259,77,1,2571,3,1,2,312,4,Regular Customer
299518,85,1,4939,2,1,3,213,4,Regular Customer
299636,113,1,4254,1,1,2,112,1,At Risk Customer
299720,94,2,21982,2,1,5,215,1,High Value Customer
299845,49,1,1629,4,1,1,411,4,Regular Customer
300055,87,1,3644,2,1,2,212,4,Regular Customer
300118,86,1,14212,2,1,5,215,4,Regular Customer
300210,115,1,5108,1,1,3,113,1,At Risk Customer
300259,85,1,9988,2,1,4,214,4,Regular Customer
300272,74,1,6772,3,1,3,313,4,Regular Customer
300311,138,1,9078,1,1,4,114,1,At Risk Customer
300384,84,1,29,3,1,1,311,4,Regular Customer
300421,45,1,1676,4,1,1,411,0,Regular Customer
300506,52,1,3008,4,1,2,412,4,Regular Customer
300882,107,1,12348,2,1,4,214,1,At Risk Customer
300941,81,1,19188,3,1,5,315,4,High Value Customer
301177,71,1,1484,3,1,1,311,4,Regular Customer
301189,36,1,19976,4,1,5,415,0,High Value Customer
301201,106,1,9162,2,1,4,214,1,At Risk Customer
301341,110,1,14949,2,1,5,215,1,At Risk Customer
301487,48,1,13257,4,1,4,414,4,Regular Customer
301496,65,3,9419,3,2,4,324,4,Loyal Customer
301846,102,1,16252,2,1,5,215,1,Regular Customer
302022,18,1,2019,5,1,1,511,0,Recent Customer
302094,44,1,3925,4,1,2,412,0,Regular Customer
302183,60,1,6144,3,1,3,313,4,Regular Customer
302190,24,2,6922,5,1,3,513,0,Recent Customer
302394,104,1,11853,2,1,4,214,1,Regular Customer
302488,92,1,16532,2,1,5,215,4,Regular Customer
302544,94,1,2854,2,1,2,212,1,Regular Customer
302769,117,3,8170,1,2,3,123,1,Loyal Customer
303083,4,2,10323,5,1,4,514,0,Recent Customer
303100,65,1,3807,3,1,2,312,4,Regular Customer
303182,87,1,14982,2,1,5,215,4,Regular Customer
303244,94,1,3580,2,1,2,212,1,Regular Customer
303381,23,47,336617,5,2,5,525,3,VIP Customer
303406,74,1,8592,3,1,4,314,4,Regular Customer
303412,52,6,60860,4,2,5,425,4,VIP Customer
303436,102,1,1604,2,1,1,211,1,Regular Customer
303466,123,1,4994,1,1,3,113,1,At Risk Customer
303469,94,1,6780,2,1,3,213,1,Regular Customer
303480,93,1,7304,2,1,3,213,1,Regular Customer
303586,129,1,2840,1,1,2,112,1,At Risk Customer
303706,81,1,1992,3,1,1,311,4,Regular Customer
304325,91,2,17344,2,1,5,215,4,Regular Customer
304328,128,1,1533,1,1,1,111,1,At Risk Customer
304654,113,1,3846,1,1,2,112,1,At Risk Customer
304854,81,1,4742,3,1,3,313,4,Regular Customer
304883,24,2,7583,5,1,3,513,0,Recent Customer
305234,108,1,3576,2,1,2,212,1,At Risk Customer
305404,61,2,19374,3,1,5,315,4,High Value Customer
305493,125,2,20278,1,1,5,115,1,High Value Customer
305506,102,1,4538,2,1,2,212,1,Regular Customer
305782,68,1,5176,3,1,3,313,4,Regular Customer
305819,8,1,1882,5,1,1,511,0,Recent Customer
306049,109,1,3770,2,1,2,212,1,At Risk Customer
306294,35,1,760,4,1,1,411,0,Recent Customer
306462,88,1,6052,2,1,3,213,4,Regular Customer
306586,67,1,556,3,1,1,311,4,Regular Customer
306731,56,1,18640,4,1,5,415,4,High Value Customer
306738,74,1,617,3,1,1,311,4,Regular Customer
306821,134,1,2816,1,1,2,112,1,At Risk Customer
306887,53,1,13866,4,1,5,415,4,Regular Customer
307169,26,1,4870,5,1,3,513,0,Recent Customer
307264,109,1,8380,2,1,4,214,1,At Risk Customer
307276,138,1,18980,1,1,5,115,1,High Value Customer
307488,85,1,1284,2,1,1,211,4,Regular Customer
307607,106,2,4327,2,1,2,212,1,At Risk Customer
307781,25,1,4087,5,1,2,512,0,Recent Customer
307797,57,1,12195,4,1,4,414,4,Regular Customer
307943,92,1,1234,2,1,1,211,4,Regular Customer
308096,128,1,337,1,1,1,111,1,At Risk Customer
308204,121,1,6382,1,1,3,113,1,At Risk Customer
308270,109,1,18396,2,1,5,215,1,At Risk Customer
308342,113,1,6096,1,1,3,113,1,At Risk Customer
308392,48,1,3417,4,1,2,412,4,Regular Customer
308421,46,3,6489,4,2,3,423,0,Loyal Customer
308437,108,1,1756,2,1,1,211,1,At Risk Customer
308506,70,1,1492,3,1,1,311,4,Regular Customer
308563,78,1,13614,3,1,4,314,4,Regular Customer
308565,95,1,10340,2,1,4,214,1,Regular Customer
308623,129,1,3114,1,1,2,112,1,At Risk Customer
308817,120,1,6046,1,1,3,113,1,At Risk Customer
308859,73,1,1428,3,1,1,311,4,Regular Customer
309192,30,1,7076,5,1,3,513,0,Recent Customer
309265,23,1,544,5,1,1,511,0,Recent Customer
309435,126,1,7524,1,1,3,113,1,At Risk Customer
309647,109,1,4277,2,1,2,212,1,At Risk Customer
309763,69,3,22434,3,2,5,325,4,Loyal Customer
309843,58,1,346,4,1,1,411,4,Regular Customer
309864,2,1,1270,5,1,1,511,0,Recent Customer
309939,136,1,7150,1,1,3,113,1,At Risk Customer
310032,11,2,10340,5,1,4,514,0,Recent Customer
310277,116,1,1104,1,1,1,111,1,At Risk Customer
310326,22,1,14217,5,1,5,515,0,Recent Customer
310353,131,1,9618,1,1,4,114,1,At Risk Customer
310425,88,1,574,2,1,1,211,4,Regular Customer
310432,24,1,4972,5,1,3,513,0,Recent Customer
310500,106,1,3094,2,1,2,212,1,At Risk Customer
310685,106,2,16779,2,1,5,215,1,At Risk Customer
310748,25,1,3508,5,1,2,512,0,Recent Customer
310789,32,1,2752,4,1,2,412,0,Recent Customer
310867,67,1,2015,3,1,1,311,4,Regular Customer
310883,75,1,12340,3,1,4,314,4,Regular Customer
311205,95,2,21145,2,1,5,215,1,High Value Customer
311402,107,1,2546,2,1,2,212,1,At Risk Customer
311522,16,1,7820,5,1,3,513,0,Recent Customer
311640,32,1,5444,4,1,3,413,0,Recent Customer
311886,88,1,19040,2,1,5,215,4,High Value Customer
312000,19,1,3098,5,1,2,512,0,Recent Customer
312036,72,1,1566,3,1,1,311,4,Regular Customer
312082,97,1,9834,2,1,4,214,1,Regular Customer
312100,93,1,787,2,1,1,211,1,Regular Customer
312164,50,1,8516,4,1,4,414,4,Regular Customer
312233,43,1,9537,4,1,4,414,0,Regular Customer
312459,61,2,16246,3,1,5,315,4,Regular Customer
312582,66,4,26012,3,2,5,325,4,VIP Customer
312587,26,1,3861,5,1,2,512,0,Recent Customer
312771,78,1,2467,3,1,2,312,4,Regular Customer
312976,49,1,7152,4,1,3,413,4,Regular Customer
313075,13,1,7820,5,1,3,513,0,Recent Customer
313138,122,1,3342,1,1,2,112,1,At Risk Customer
313179,86,1,922,2,1,1,211,4,Regular Customer
313267,88,1,7464,2,1,3,213,4,Regular Customer
313346,23,1,10020,5,1,4,514,0,Recent Customer
313350,52,1,580,4,1,1,411,4,Regular Customer
313563,86,1,3557,2,1,2,212,4,Regular Customer
314377,88,1,14568,2,1,5,215,4,Regular Customer
314388,52,1,7965,4,1,3,413,4,Regular Customer
314475,58,2,7784,4,1,3,413,4,Regular Customer
314555,88,1,19888,2,1,5,215,4,High Value Customer
314683,64,1,6792,3,1,3,313,4,Regular Customer
314747,103,1,5112,2,1,3,213,1,Regular Customer
314809,85,2,4020,2,1,2,212,4,Regular Customer
315018,94,1,7878,2,1,3,213,1,Regular Customer
315028,124,1,1551,1,1,1,111,1,At Risk Customer
315252,94,1,7296,2,1,3,213,1,Regular Customer
315490,65,1,2751,3,1,2,312,4,Regular Customer
315721,65,1,952,3,1,1,311,4,Regular Customer
315753,101,1,12609,2,1,4,214,1,Regular Customer
315951,123,1,1611,1,1,1,111,1,At Risk Customer
316041,4,1,10812,5,1,4,514,0,Recent Customer
316151,46,1,9674,4,1,4,414,0,Regular Customer
316213,107,3,14610,2,2,5,225,1,Loyal Customer
316216,86,1,4146,2,1,2,212,4,Regular Customer
316850,13,20,117133,5,2,5,525,0,VIP Customer
316968,80,2,8226,3,1,3,313,4,Regular Customer
317190,23,1,11008,5,1,4,514,0,Recent Customer
317198,83,1,8010,3,1,3,313,4,Regular Customer
317233,65,2,22636,3,1,5,315,4,High Value Customer
317553,121,1,4692,1,1,3,113,1,At Risk Customer
317601,81,1,18556,3,1,5,315,4,High Value Customer
317833,24,2,10557,5,1,4,514,0,Recent Customer
317906,55,3,23221,4,2,5,425,4,Loyal Customer
318197,71,1,3120,3,1,2,312,4,Regular Customer
318471,76,1,1090,3,1,1,311,4,Regular Customer
318506,135,1,14276,1,1,5,115,1,At Risk Customer
318843,128,2,22555,1,1,5,115,1,High Value Customer
319380,92,2,9850,2,1,4,214,4,Regular Customer
319457,79,1,17480,3,1,5,315,4,Regular Customer
319468,132,1,9484,1,1,4,114,1,At Risk Customer
319482,107,3,20905,2,2,5,225,1,Loyal Customer
319880,109,1,927,2,1,1,211,1,At Risk Customer
320097,111,1,9338,2,1,4,214,1,At Risk Customer
320142,46,2,3628,4,1,2,412,0,Regular Customer
320192,52,1,4029,4,1,2,412,4,Regular Customer
320195,17,1,4203,5,1,2,512,0,Recent Customer
320205,65,1,956,3,1,1,311,4,Regular Customer
320272,31,2,1132,4,1,1,411,0,Recent Customer
320434,112,2,19238,1,1,5,115,1,High Value Customer
320547,86,2,6516,2,1,3,213,4,Regular Customer
320626,10,2,18468,5,1,5,515,0,High Value Customer
320871,51,1,6676,4,1,3,413,4,Regular Customer
320928,6,1,19544,5,1,5,515,0,High Value Customer
320993,73,1,5256,3,1,3,313,4,Regular Customer
321061,88,4,13078,2,2,4,224,4,Loyal Customer
321109,130,1,3311,1,1,2,112,1,At Risk Customer
321381,103,2,9413,2,1,4,214,1,Regular Customer
321418,88,1,13616,2,1,4,214,4,Regular Customer
321452,107,1,6372,2,1,3,213,1,At Risk Customer
321555,51,1,519,4,1,1,411,4,Regular Customer
321571,74,1,6776,3,1,3,313,4,Regular Customer
321577,29,2,4388,5,1,2,512,0,Recent Customer
321588,66,1,7503,3,1,3,313,4,Regular Customer
321756,137,1,10914,1,1,4,114,1,At Risk Customer
321766,52,1,12168,4,1,4,414,4,Regular Customer
321851,58,1,9422,4,1,4,414,4,Regular Customer
322055,95,1,2115,2,1,1,211,1,Regular Customer
322310,45,1,9280,4,1,4,414,0,Regular Customer
322355,48,1,3870,4,1,2,412,4,Regular Customer
322407,109,2,26467,2,1,5,215,1,High Value Customer
322411,23,1,118,5,1,1,511,0,Recent Customer
322645,96,1,7480,2,1,3,213,1,Regular Customer
322733,5,1,6423,5,1,3,513,0,Recent Customer
322871,54,2,25444,4,1,5,415,4,High Value Customer
323143,124,1,11548,1,1,4,114,1,At Risk Customer
323221,135,1,7384,1,1,3,113,1,At Risk Customer
323507,84,3,29872,3,2,5,325,4,Loyal Customer
323687,22,3,8700,5,2,4,524,0,Loyal Customer
323691,50,1,13980,4,1,5,415,4,Regular Customer
323896,42,1,11853,4,1,4,414,0,Regular Customer
323945,30,1,12200,5,1,4,514,0,Recent Customer
324330,113,1,4684,1,1,3,113,1,At Risk Customer
324620,48,1,4887,4,1,3,413,4,Regular Customer
324681,23,1,948,5,1,1,511,0,Recent Customer
325061,92,1,4960,2,1,3,213,4,Regular Customer
325157,7,1,9900,5,1,4,514,0,Recent Customer
325188,54,1,2928,4,1,2,412,4,Regular Customer
325190,11,1,1296,5,1,1,511,0,Recent Customer
325393,126,1,17684,1,1,5,115,1,At Risk Customer
325589,66,1,5595,3,1,3,313,4,Regular Customer
325641,45,1,5628,4,1,3,413,0,Regular Customer
325687,98,2,9219,2,1,4,214,1,Regular Customer
325833,34,4,27509,4,2,5,425,0,VIP Customer
326049,24,2,18151,5,1,5,515,0,Recent Customer
326233,45,1,1343,4,1,1,411,0,Regular Customer
326274,111,1,3184,2,1,2,212,1,At Risk Customer
326304,33,1,10767,4,1,4,414,0,Recent Customer
326595,32,1,5920,4,1,3,413,0,Recent Customer
326689,32,1,223,4,1,1,411,0,Recent Customer
327031,27,3,9158,5,2,4,524,0,Loyal Customer
327094,116,1,8944,1,1,4,114,1,At Risk Customer
327098,87,1,1048,2,1,1,211,4,Regular Customer
327302,51,1,12744,4,1,4,414,4,Regular Customer
327372,75,1,19300,3,1,5,315,4,High Value Customer
327414,88,3,8192,2,2,3,223,4,Loyal Customer
327437,115,2,19766,1,1,5,115,1,High Value Customer
327493,136,1,927,1,1,1,111,1,At Risk Customer
327548,110,1,18400,2,1,5,215,1,At Risk Customer
327581,122,1,14936,1,1,5,115,1,At Risk Customer
327687,16,2,1256,5,1,1,511,0,Recent Customer
327734,73,1,2090,3,1,1,311,4,Regular Customer
327932,29,1,700,5,1,1,511,0,Recent Customer
328055,41,6,40881,4,2,5,425,0,VIP Customer
328126,108,1,4448,2,1,2,212,1,At Risk Customer
328219,136,2,3240,1,1,2,112,1,At Risk Customer
328309,121,1,14040,1,1,5,115,1,At Risk Customer
328322,8,2,4677,5,1,3,513,0,Recent Customer
328364,83,1,886,3,1,1,311,4,Regular Customer
328466,136,1,1304,1,1,1,111,1,At Risk Customer
328736,112,2,11119,1,1,4,114,1,At Risk Customer
328795,93,1,8084,2,1,3,213,1,Regular Customer
328911,84,1,4441,3,1,2,312,4,Regular Customer
329044,52,1,9616,4,1,4,414,4,Regular Customer
329154,45,1,5502,4,1,3,413,0,Regular Customer
329190,82,2,11138,3,1,4,314,4,Regular Customer
329317,72,4,19602,3,2,5,325,4,VIP Customer
329397,100,1,3456,2,1,2,212,1,Regular Customer
329490,19,1,2712,5,1,2,512,0,Recent Customer
329879,119,1,2794,1,1,2,112,1,At Risk Customer
329963,46,1,8754,4,1,4,414,0,Regular Customer
330035,70,1,3612,3,1,2,312,4,Regular Customer
330222,16,1,4426,5,1,2,512,0,Recent Customer
330412,86,2,5384,2,1,3,213,4,Regular Customer
330418,121,1,3994,1,1,2,112,1,At Risk Customer
330461,69,1,1172,3,1,1,311,4,Regular Customer
330462,128,1,2596,1,1,2,112,1,At Risk Customer
330565,30,1,11736,5,1,4,514,0,Recent Customer
330628,23,1,2080,5,1,1,511,0,Recent Customer
330672,94,2,5324,2,1,3,213,1,Regular Customer
330675,119,1,385,1,1,1,111,1,At Risk Customer
330865,79,9,30120,3,2,5,325,4,VIP Customer
330959,127,1,4282,1,1,2,112,1,At Risk Customer
331000,59,1,8772,3,1,4,314,4,Regular Customer
331162,28,1,1227,5,1,1,511,0,Recent Customer
331270,5,2,21410,5,1,5,515,0,High Value Customer
331366,56,4,20152,4,2,5,425,4,VIP Customer
331610,82,1,436,3,1,1,311,4,Regular Customer
331639,116,1,12576,1,1,4,114,1,At Risk Customer
331673,125,2,24354,1,1,5,115,1,High Value Customer
331713,126,1,315,1,1,1,111,1,At Risk Customer
331807,49,1,7779,4,1,3,413,4,Regular Customer
331815,137,1,4557,1,1,2,112,1,At Risk Customer
331925,31,11,53289,4,2,5,425,0,VIP Customer
331980,81,1,11022,3,1,4,314,4,Regular Customer
332225,57,1,3768,4,1,2,412,4,Regular Customer
332232,18,1,12630,5,1,4,514,0,Recent Customer
332997,104,1,3926,2,1,2,212,1,Regular Customer
333147,71,1,9108,3,1,4,314,4,Regular Customer
333296,93,4,20875,2,2,5,225,1,VIP Customer
333607,9,1,12810,5,1,4,514,0,Recent Customer
333746,108,1,2040,2,1,1,211,1,At Risk Customer
334079,74,1,11988,3,1,4,314,4,Regular Customer
334292,31,1,3808,4,1,2,412,0,Recent Customer
334469,6,2,14998,5,1,5,515,0,Recent Customer
334471,63,3,17395,3,2,5,325,4,Loyal Customer
334518,67,1,1830,3,1,1,311,4,Regular Customer
334686,42,3,12276,4,2,4,424,0,Loyal Customer
334690,70,3,4850,3,2,3,323,4,Loyal Customer
334748,78,1,18232,3,1,5,315,4,Regular Customer
334971,32,1,2506,4,1,2,412,0,Recent Customer
335184,84,1,6288,3,1,3,313,4,Regular Customer
335188,85,1,8946,2,1,4,214,4,Regular Customer
335297,105,1,2910,2,1,2,212,1,At Risk Customer
335628,77,1,5248,3,1,3,313,4,Regular Customer
335768,83,1,7348,3,1,3,313,4,Regular Customer
336088,88,1,7342,2,1,3,213,4,Regular Customer
336149,43,2,22300,4,1,5,415,0,High Value Customer
336290,99,2,11561,2,1,4,214,1,Regular Customer
336360,79,1,5010,3,1,3,313,4,Regular Customer
336577,53,1,328,4,1,1,411,4,Regular Customer
336596,39,1,7434,4,1,3,413,0,Regular Customer
336757,58,1,8744,4,1,4,414,4,Regular Customer
336940,71,1,1302,3,1,1,311,4,Regular Customer
337282,106,1,18204,2,1,5,215,1,At Risk Customer
337316,30,1,19888,5,1,5,515,0,High Value Customer
337338,30,1,7404,5,1,3,513,0,Recent Customer
337411,99,1,1858,2,1,1,211,1,Regular Customer
337718,92,1,5679,2,1,3,213,4,Regular Customer
337843,93,2,16470,2,1,5,215,1,Regular Customer
338364,26,1,5384,5,1,3,513,0,Recent Customer
338429,95,1,374,2,1,1,211,1,Regular Customer
338801,107,1,2822,2,1,2,212,1,At Risk Customer
338911,30,1,11204,5,1,4,514,0,Recent Customer
339526,23,7,65048,5,2,5,525,0,VIP Customer
339765,117,1,11715,1,1,4,114,1,At Risk Customer
339811,85,1,4532,2,1,2,212,4,Regular Customer
339944,74,1,2584,3,1,2,312,4,Regular Customer
340001,129,2,2530,1,1,2,112,1,At Risk Customer
340007,51,1,2418,4,1,2,412,4,Regular Customer
340182,102,2,18960,2,1,5,215,1,High Value Customer
340196,8,1,2259,5,1,1,511,0,Recent Customer
340689,72,1,14412,3,1,5,315,4,Regular Customer
340753,79,1,9807,3,1,4,314,4,Regular Customer
340941,88,1,7218,2,1,3,213,4,Regular Customer
341098,101,1,8517,2,1,4,214,1,Regular Customer
341179,44,1,5476,4,1,3,413,0,Regular Customer
341188,75,1,13400,3,1,4,314,4,Regular Customer
341195,116,1,15620,1,1,5,115,1,At Risk Customer
341353,32,1,10767,4,1,4,414,0,Recent Customer
341418,54,1,6624,4,1,3,413,4,Regular Customer
341443,14,3,6915,5,2,3,523,0,Loyal Customer
341476,127,1,1527,1,1,1,111,1,At Risk Customer
341714,29,1,2488,5,1,2,512,0,Recent Customer
341900,58,2,7836,4,1,3,413,4,Regular Customer
342236,128,1,2667,1,1,2,112,1,At Risk Customer
342244,40,1,11,4,1,1,411,0,Regular Customer
342306,107,2,15686,2,1,5,215,1,At Risk Customer
342381,84,1,16700,3,1,5,315,4,Regular Customer
342540,53,1,11452,4,1,4,414,4,Regular Customer
342640,7,1,3742,5,1,2,512,0,Recent Customer
342707,129,2,8396,1,1,4,114,1,At Risk Customer
343016,24,1,8662,5,1,4,514,0,Recent Customer
343137,99,2,9862,2,1,4,214,1,Regular Customer
343221,9,1,12348,5,1,4,514,0,Recent Customer
343270,101,1,884,2,1,1,211,1,Regular Customer
343274,95,1,6652,2,1,3,213,1,Regular Customer
343283,15,1,7356,5,1,3,513,0,Recent Customer
343404,100,1,251,2,1,1,211,1,Regular Customer
343412,84,1,2204,3,1,1,311,4,Regular Customer
343559,123,4,1528,1,2,1,121,1,Loyal Customer
343659,76,1,10236,3,1,4,314,4,Regular Customer
343835,129,1,15180,1,1,5,115,1,At Risk Customer
343950,85,1,1666,2,1,1,211,4,Regular Customer
344013,50,1,10797,4,1,4,414,4,Regular Customer
344271,81,1,6219,3,1,3,313,4,Regular Customer
344293,44,2,26238,4,1,5,415,0,High Value Customer
344688,81,1,17588,3,1,5,315,4,Regular Customer
344727,77,2,12805,3,1,4,314,4,Regular Customer
344959,114,1,1814,1,1,1,111,1,At Risk Customer
345160,62,2,19566,3,1,5,315,4,High Value Customer
345244,60,2,10068,3,1,4,314,4,Regular Customer
345276,93,9,31350,2,2,5,225,1,VIP Customer
345425,25,1,6642,5,1,3,513,0,Recent Customer
345558,68,1,5138,3,1,3,313,4,Regular Customer
345560,38,1,54,4,1,1,411,0,Regular Customer
345673,66,1,7990,3,1,3,313,4,Regular Customer
345781,138,1,6471,1,1,3,113,1,At Risk Customer
345850,87,1,13876,2,1,5,215,4,Regular Customer
345939,32,1,14928,4,1,5,415,0,Recent Customer
346127,39,3,12356,4,2,4,424,0,Loyal Customer
346132,81,1,228,3,1,1,311,4,Regular Customer
346166,136,1,6500,1,1,3,113,1,At Risk Customer
346276,114,1,11464,1,1,4,114,1,At Risk Customer
346288,92,1,4098,2,1,2,212,4,Regular Customer
346346,122,1,3752,1,1,2,112,1,At Risk Customer
346366,42,1,1383,4,1,1,411,0,Regular Customer
346435,44,1,4111,4,1,2,412,0,Regular Customer
346453,46,1,3350,4,1,2,412,0,Regular Customer
346597,79,9,66589,3,2,5,325,4,VIP Customer
346615,136,1,456,1,1,1,111,1,At Risk Customer
346657,5,1,932,5,1,1,511,0,Recent Customer
346760,75,1,753,3,1,1,311,4,Regular Customer
346832,2,1,5560,5,1,3,513,0,Recent Customer
346862,45,2,7910,4,1,3,413,0,Regular Customer
346907,126,1,12572,1,1,4,114,1,At Risk Customer
346981,73,1,520,3,1,1,311,4,Regular Customer
347176,11,1,710,5,1,1,511,0,Recent Customer
347354,127,1,14924,1,1,5,115,1,At Risk Customer
347454,74,1,978,3,1,1,311,4,Regular Customer
347598,79,6,17665,3,2,5,325,4,VIP Customer
347610,2,5,23033,5,2,5,525,0,VIP Customer
347686,15,2,11196,5,1,4,514,0,Recent Customer
347697,64,1,5744,3,1,3,313,4,Regular Customer
347756,84,2,6411,3,1,3,313,4,Regular Customer
347814,95,1,4910,2,1,3,213,1,Regular Customer
347819,134,1,3017,1,1,2,112,1,At Risk Customer
347937,89,1,4848,2,1,3,213,4,Regular Customer
347953,4,1,794,5,1,1,511,0,Recent Customer
347996,88,1,2856,2,1,2,212,4,Regular Customer
348025,31,1,2008,4,1,1,411,0,Recent Customer
348159,38,1,1133,4,1,1,411,0,Regular Customer
348256,87,1,672,2,1,1,211,4,Regular Customer
348399,25,2,4092,5,1,2,512,0,Recent Customer
348484,120,1,5552,1,1,3,113,1,At Risk Customer
348579,52,1,2828,4,1,2,412,4,Regular Customer
348755,100,1,1105,2,1,1,211,1,Regular Customer
348983,17,1,7236,5,1,3,513,0,Recent Customer
348985,52,1,2304,4,1,2,412,4,Regular Customer
349186,85,1,12687,2,1,4,214,4,Regular Customer
349352,84,1,9267,3,1,4,314,4,Regular Customer
349390,9,1,48,5,1,1,511,0,Recent Customer
349686,57,1,9636,4,1,4,414,4,Regular Customer
349713,7,2,4431,5,1,2,512,0,Recent Customer
349879,132,1,10988,1,1,4,114,1,At Risk Customer
350026,73,1,11370,3,1,4,314,4,Regular Customer
350045,19,1,11200,5,1,4,514,0,Recent Customer
350176,99,1,11016,2,1,4,214,1,Regular Customer
350453,52,1,5064,4,1,3,413,4,Regular Customer
350566,104,112,772952,2,2,5,225,3,VIP Customer
350678,44,1,5010,4,1,3,413,0,Regular Customer
350733,10,1,2788,5,1,2,512,0,Recent Customer
350839,80,1,10527,3,1,4,314,4,Regular Customer
351199,51,2,14358,4,1,5,415,4,Regular Customer
351211,54,2,4027,4,1,2,412,4,Regular Customer
351630,67,1,1016,3,1,1,311,4,Regular Customer
351661,38,1,2467,4,1,2,412,0,Regular Customer
351730,49,1,10983,4,1,4,414,4,Regular Customer
351979,77,1,1000,3,1,1,311,4,Regular Customer
352193,104,1,4995,2,1,3,213,1,Regular Customer
353070,31,1,7916,4,1,3,413,0,Recent Customer
353096,111,1,14052,2,1,5,215,1,At Risk Customer
353143,111,1,11148,2,1,4,214,1,At Risk Customer
353262,78,1,5272,3,1,3,313,4,Regular Customer
353389,134,1,13503,1,1,4,114,1,At Risk Customer
353643,30,1,10497,5,1,4,514,0,Recent Customer
353891,68,1,2249,3,1,1,311,4,Regular Customer
353930,80,1,13724,3,1,5,315,4,Regular Customer
354324,106,1,5868,2,1,3,213,1,At Risk Customer
354368,63,1,1269,3,1,1,311,4,Regular Customer
354436,29,1,580,5,1,1,511,0,Recent Customer
354447,85,2,15303,2,1,5,215,4,Regular Customer
354554,96,3,19230,2,2,5,225,1,Loyal Customer
354579,71,2,14838,3,1,5,315,4,Regular Customer
354660,21,2,24185,5,1,5,515,0,High Value Customer
354704,26,1,1812,5,1,1,511,0,Recent Customer
354751,94,1,11250,2,1,4,214,1,Regular Customer
354752,10,1,3383,5,1,2,512,0,Recent Customer
354764,60,1,11067,3,1,4,314,4,Regular Customer
354766,80,3,23762,3,2,5,325,4,Loyal Customer
355053,46,1,9948,4,1,4,414,0,Regular Customer
355056,67,1,570,3,1,1,311,4,Regular Customer
355146,130,3,27455,1,2,5,125,1,Loyal Customer
355297,0,1,3839,5,1,2,512,0,Recent Customer
355334,87,1,1566,2,1,1,211,4,Regular Customer
355392,30,1,7196,5,1,3,513,0,Recent Customer
355706,125,1,3259,1,1,2,112,1,At Risk Customer
355834,8,5,28926,5,2,5,525,0,VIP Customer
355934,44,1,1454,4,1,1,411,0,Regular Customer
356231,25,1,1765,5,1,1,511,0,Recent Customer
356300,22,1,8670,5,1,4,514,0,Recent Customer
356329,11,1,1666,5,1,1,511,0,Recent Customer
356340,70,1,6750,3,1,3,313,4,Regular Customer
356571,42,1,13575,4,1,4,414,0,Regular Customer
356818,72,2,21024,3,1,5,315,4,High Value Customer
356890,122,1,4441,1,1,2,112,1,At Risk Customer
357181,94,1,7366,2,1,3,213,1,Regular Customer
357339,100,1,3220,2,1,2,212,1,Regular Customer
357597,135,1,9372,1,1,4,114,1,At Risk Customer
357740,33,1,15428,4,1,5,415,0,Recent Customer
358407,113,1,8408,1,1,4,114,1,At Risk Customer
358516,101,13,44043,2,2,5,225,1,VIP Customer
358631,84,1,10986,3,1,4,314,4,Regular Customer
358674,53,1,4063,4,1,2,412,4,Regular Customer
358806,62,2,15009,3,1,5,315,4,Regular Customer
359044,35,1,69,4,1,1,411,0,Recent Customer
359094,93,1,6624,2,1,3,213,1,Regular Customer
359145,88,1,2048,2,1,1,211,4,Regular Customer
359146,14,1,3946,5,1,2,512,0,Recent Customer
359293,16,1,200,5,1,1,511,0,Recent Customer
359448,42,1,3699,4,1,2,412,0,Regular Customer
359647,67,1,14271,3,1,5,315,4,Regular Customer
359681,115,1,7834,1,1,3,113,1,At Risk Customer
359742,91,1,2116,2,1,1,211,4,Regular Customer
359890,42,1,6636,4,1,3,413,0,Regular Customer
359914,29,1,5022,5,1,3,513,0,Recent Customer
359960,36,1,9212,4,1,4,414,0,Recent Customer
360237,133,1,4185,1,1,2,112,1,At Risk Customer
360394,67,1,565,3,1,1,311,4,Regular Customer
360552,39,2,10324,4,1,4,414,0,Regular Customer
360742,79,1,4653,3,1,3,313,4,Regular Customer
360945,84,1,8768,3,1,4,314,4,Regular Customer
361041,30,1,14748,5,1,5,515,0,Recent Customer
361066,41,1,2690,4,1,2,412,0,Regular Customer
361291,17,2,9916,5,1,4,514,0,Recent Customer
361302,109,1,18052,2,1,5,215,1,At Risk Customer
361339,16,1,4001,5,1,2,512,0,Recent Customer
361387,108,2,19735,2,1,5,215,1,High Value Customer
361527,123,1,2882,1,1,2,112,1,At Risk Customer
361876,124,2,7331,1,1,3,113,1,At Risk Customer
361960,87,1,3120,2,1,2,212,4,Regular Customer
362141,136,1,184,1,1,1,111,1,At Risk Customer
362910,121,1,14283,1,1,5,115,1,At Risk Customer
363277,11,2,13372,5,1,4,514,0,Recent Customer
363402,32,1,7698,4,1,3,413,0,Recent Customer
363577,24,1,4837,5,1,3,513,0,Recent Customer
363924,58,1,1668,4,1,1,411,4,Regular Customer
364073,47,1,2792,4,1,2,412,4,Regular Customer
364212,134,1,1840,1,1,1,111,1,At Risk Customer
364536,94,1,8130,2,1,3,213,1,Regular Customer
364726,135,1,2711,1,1,2,112,1,At Risk Customer
364892,53,1,19108,4,1,5,415,4,High Value Customer
365060,54,1,16428,4,1,5,415,4,Regular Customer
365135,105,1,1740,2,1,1,211,1,At Risk Customer
365136,79,1,3062,3,1,2,312,4,Regular Customer
365194,52,1,1038,4,1,1,411,4,Regular Customer
365315,137,2,8749,1,1,4,114,1,At Risk Customer
365347,66,1,2938,3,1,2,312,4,Regular Customer
365832,50,1,4228,4,1,2,412,4,Regular Customer
365845,83,1,3223,3,1,2,312,4,Regular Customer
365905,31,1,9088,4,1,4,414,0,Recent Customer
365962,9,3,18007,5,2,5,525,0,Loyal Customer
366202,109,1,8136,2,1,3,213,1,At Risk Customer
366204,105,1,4050,2,1,2,212,1,At Risk Customer
366331,66,1,9456,3,1,4,314,4,Regular Customer
366364,86,1,1264,2,1,1,211,4,Regular Customer
366382,10,2,14904,5,1,5,515,0,Recent Customer
366436,105,1,538,2,1,1,211,1,At Risk Customer
366464,60,1,8751,3,1,4,314,4,Regular Customer
366509,46,1,7602,4,1,3,413,0,Regular Customer
366614,121,1,9640,1,1,4,114,1,At Risk Customer
366681,134,2,10788,1,1,4,114,1,At Risk Customer
366706,80,1,258,3,1,1,311,4,Regular Customer
366742,54,1,6674,4,1,3,413,4,Regular Customer
366799,85,2,24118,2,1,5,215,4,High Value Customer
366911,92,1,2004,2,1,1,211,4,Regular Customer
367079,79,1,5097,3,1,3,313,4,Regular Customer
367087,93,1,4076,2,1,2,212,1,Regular Customer
367291,135,1,2493,1,1,2,112,1,At Risk Customer
367301,116,1,141,1,1,1,111,1,At Risk Customer
367329,100,1,14068,2,1,5,215,1,Regular Customer
367376,109,1,899,2,1,1,211,1,At Risk Customer
367485,15,1,201,5,1,1,511,0,Recent Customer
367586,36,1,4392,4,1,2,412,0,Recent Customer
367862,72,1,9872,3,1,4,314,4,Regular Customer
367987,134,1,4554,1,1,2,112,1,At Risk Customer
368033,73,1,6120,3,1,3,313,4,Regular Customer
368241,53,1,6952,4,1,3,413,4,Regular Customer
368444,6,1,9660,5,1,4,514,0,Recent Customer
368499,11,1,13257,5,1,4,514,0,Recent Customer
368611,117,1,15620,1,1,5,115,1,At Risk Customer
368787,113,1,1182,1,1,1,111,1,At Risk Customer
368807,119,1,309,1,1,1,111,1,At Risk Customer
368819,89,1,2172,2,1,1,211,4,Regular Customer
369102,71,1,17404,3,1,5,315,4,Regular Customer
369168,66,2,17122,3,1,5,315,4,Regular Customer
369254,22,1,6042,5,1,3,513,0,Recent Customer
369374,24,1,14577,5,1,5,515,0,Recent Customer
369432,59,1,12260,3,1,4,314,4,Regular Customer
369433,5,1,6831,5,1,3,513,0,Recent Customer
369533,66,1,4358,3,1,2,312,4,Regular Customer
369557,135,1,7292,1,1,3,113,1,At Risk Customer
369973,31,1,8060,4,1,3,413,0,Recent Customer
370007,100,1,1844,2,1,1,211,1,Regular Customer
370053,81,1,8062,3,1,3,313,4,Regular Customer
370154,78,1,1397,3,1,1,311,4,Regular Customer
370237,125,2,24204,1,1,5,115,1,High Value Customer
370331,93,1,13533,2,1,4,214,1,Regular Customer
370541,135,1,5566,1,1,3,113,1,At Risk Customer
370552,9,1,4863,5,1,3,513,0,Recent Customer
370681,49,2,23392,4,1,5,415,4,High Value Customer
370723,104,2,5120,2,1,3,213,1,Regular Customer
370759,101,1,9640,2,1,4,214,1,Regular Customer
370800,123,1,4002,1,1,2,112,1,At Risk Customer
370863,125,1,1714,1,1,1,111,1,At Risk Customer
370928,57,1,10640,4,1,4,414,4,Regular Customer
371540,58,1,4464,4,1,2,412,4,Regular Customer
371604,92,48,279855,2,2,5,225,4,VIP Customer
371606,61,94,586488,3,2,5,325,3,VIP Customer
371654,74,1,6980,3,1,3,313,4,Regular Customer
371700,58,2,22290,4,1,5,415,4,High Value Customer
371711,48,1,10215,4,1,4,414,4,Regular Customer
371733,98,1,5190,2,1,3,213,1,Regular Customer
371760,88,1,4644,2,1,2,212,4,Regular Customer
371941,108,1,3304,2,1,2,212,1,At Risk Customer
372048,69,1,131,3,1,1,311,4,Regular Customer
372352,8,1,7683,5,1,3,513,0,Recent Customer
372354,19,1,13533,5,1,4,514,0,Recent Customer
372447,11,1,2491,5,1,2,512,0,Recent Customer
372549,93,1,12112,2,1,4,214,1,Regular Customer
372609,78,1,5658,3,1,3,313,4,Regular Customer
372661,103,1,12729,2,1,4,214,1,Regular Customer
372687,115,1,3186,1,1,2,112,1,At Risk Customer
372748,136,2,5111,1,1,3,113,1,At Risk Customer
373098,19,1,3704,5,1,2,512,0,Recent Customer
373182,88,1,11850,2,1,4,214,4,Regular Customer
373194,67,1,4578,3,1,2,312,4,Regular Customer
373274,94,2,2174,2,1,1,211,1,Regular Customer
373601,74,1,19056,3,1,5,315,4,High Value Customer
373850,85,1,5694,2,1,3,213,4,Regular Customer
373852,15,3,8768,5,2,4,524,0,Loyal Customer
373906,81,1,1953,3,1,1,311,4,Regular Customer
373992,9,1,10052,5,1,4,514,0,Recent Customer
374076,57,1,4730,4,1,3,413,4,Regular Customer
374417,71,1,17988,3,1,5,315,4,Regular Customer
374477,47,1,4976,4,1,3,413,4,Regular Customer
374586,74,1,9206,3,1,4,314,4,Regular Customer
374587,58,1,9818,4,1,4,414,4,Regular Customer
374700,44,1,721,4,1,1,411,0,Regular Customer
374805,15,4,27284,5,2,5,525,0,VIP Customer
374903,114,1,2488,1,1,2,112,1,At Risk Customer
374927,80,1,16136,3,1,5,315,4,Regular Customer
374933,94,2,12300,2,1,4,214,1,Regular Customer
375068,25,2,9168,5,1,4,514,0,Recent Customer
375095,54,1,2856,4,1,2,412,4,Regular Customer
375110,102,1,4472,2,1,2,212,1,Regular Customer
375608,51,1,756,4,1,1,411,4,Regular Customer
375703,117,1,14892,1,1,5,115,1,At Risk Customer
375760,73,1,12108,3,1,4,314,4,Regular Customer
375772,111,1,10,2,1,1,211,1,At Risk Customer
375934,120,2,15148,1,1,5,115,1,At Risk Customer
376236,113,1,636,1,1,1,111,1,At Risk Customer
376250,14,3,12452,5,2,4,524,0,Loyal Customer
376440,61,1,866,3,1,1,311,4,Regular Customer
376507,30,1,8960,5,1,4,514,0,Recent Customer
376557,85,1,4392,2,1,2,212,4,Regular Customer
376591,84,1,2383,3,1,2,312,4,Regular Customer
376721,22,4,19882,5,2,5,525,0,VIP Customer
376837,130,1,5320,1,1,3,113,1,At Risk Customer
376897,72,1,5529,3,1,3,313,4,Regular Customer
376905,64,1,19212,3,1,5,315,4,High Value Customer
377073,112,1,591,1,1,1,111,1,At Risk Customer
377478,111,1,1685,2,1,1,211,1,At Risk Customer
377483,136,1,3638,1,1,2,112,1,At Risk Customer
377569,72,1,4680,3,1,3,313,4,Regular Customer
377699,78,1,572,3,1,1,311,4,Regular Customer
377978,10,2,2827,5,1,2,512,0,Recent Customer
377992,136,2,17103,1,1,5,115,1,At Risk Customer
378296,127,1,9818,1,1,4,114,1,At Risk Customer
378396,103,2,4242,2,1,2,212,1,Regular Customer
379008,138,2,21825,1,1,5,115,1,High Value Customer
379036,54,1,3661,4,1,2,412,4,Regular Customer
379058,96,10,55986,2,2,5,225,1,VIP Customer
379092,109,1,12160,2,1,4,214,1,At Risk Customer
379340,21,1,6736,5,1,3,513,0,Recent Customer
379363,21,1,13672,5,1,5,515,0,Recent Customer
379562,79,1,4551,3,1,2,312,4,Regular Customer
379698,60,1,3357,3,1,2,312,4,Regular Customer
379844,88,1,3197,2,1,2,212,4,Regular Customer
379864,107,1,5280,2,1,3,213,1,At Risk Customer
379894,119,1,1257,1,1,1,111,1,At Risk Customer
379925,41,2,7464,4,1,3,413,0,Regular Customer
379932,136,15,83938,1,2,5,125,1,VIP Customer
380118,132,1,8640,1,1,4,114,1,At Risk Customer
380635,37,1,4352,4,1,2,412,0,Recent Customer
381031,29,1,6614,5,1,3,513,0,Recent Customer
381045,41,2,22848,4,1,5,415,0,High Value Customer
381122,16,1,6729,5,1,3,513,0,Recent Customer
381186,109,1,778,2,1,1,211,1,At Risk Customer
381222,138,1,19244,1,1,5,115,1,High Value Customer
381263,112,1,1346,1,1,1,111,1,At Risk Customer
381345,60,3,3064,3,2,2,322,4,Loyal Customer
381439,72,1,2499,3,1,2,312,4,Regular Customer
381504,47,1,12924,4,1,4,414,4,Regular Customer
381564,35,1,7803,4,1,3,413,0,Recent Customer
381825,74,1,11112,3,1,4,314,4,Regular Customer
381872,26,2,2639,5,1,2,512,0,Recent Customer
381944,27,1,4013,5,1,2,512,0,Recent Customer
382286,11,2,24500,5,1,5,515,0,High Value Customer
382299,14,2,3208,5,1,2,512,0,Recent Customer
382460,7,1,126,5,1,1,511,0,Recent Customer
382473,68,1,2366,3,1,2,312,4,Regular Customer
382509,133,1,4844,1,1,3,113,1,At Risk Customer
382599,119,2,1517,1,1,1,111,1,At Risk Customer
382721,84,1,5860,3,1,3,313,4,Regular Customer
382731,73,1,2816,3,1,2,312,4,Regular Customer
382750,78,1,1832,3,1,1,311,4,Regular Customer
382808,69,1,23,3,1,1,311,4,Regular Customer
382902,39,1,13509,4,1,4,414,0,Regular Customer
382922,11,1,5350,5,1,3,513,0,Recent Customer
383087,20,1,4126,5,1,2,512,0,Recent Customer
383168,90,1,3154,2,1,2,212,4,Regular Customer
383271,52,1,9440,4,1,4,414,4,Regular Customer
383676,78,1,5726,3,1,3,313,4,Regular Customer
383786,7,3,17521,5,2,5,525,0,Loyal Customer
384025,8,1,5976,5,1,3,513,0,Recent Customer
384126,77,6,43172,3,2,5,325,4,VIP Customer
384289,15,1,3811,5,1,2,512,0,Recent Customer
384345,38,1,4419,4,1,2,412,0,Regular Customer
384466,30,2,14195,5,1,5,515,0,Recent Customer
384535,117,1,8148,1,1,3,113,1,At Risk Customer
384851,18,2,7608,5,1,3,513,0,Recent Customer
385071,81,1,7392,3,1,3,313,4,Regular Customer
385345,119,1,2981,1,1,2,112,1,At Risk Customer
385414,82,1,688,3,1,1,311,4,Regular Customer
385715,50,1,4934,4,1,3,413,4,Regular Customer
385779,122,1,3366,1,1,2,112,1,At Risk Customer
385857,59,4,14315,3,2,5,325,4,VIP Customer
386187,24,1,4260,5,1,2,512,0,Recent Customer
386503,73,1,3706,3,1,2,312,4,Regular Customer
386656,123,1,2616,1,1,2,112,1,At Risk Customer
386745,3,1,3264,5,1,2,512,0,Recent Customer
386777,135,1,13752,1,1,5,115,1,At Risk Customer
386796,79,1,12560,3,1,4,314,4,Regular Customer
386842,129,1,9102,1,1,4,114,1,At Risk Customer
386976,2,1,9654,5,1,4,514,0,Recent Customer
387037,61,1,14064,3,1,5,315,4,Regular Customer
387144,58,2,4279,4,1,2,412,4,Regular Customer
387388,81,2,3735,3,1,2,312,4,Regular Customer
387466,90,2,8663,2,1,4,214,4,Regular Customer
387516,58,1,4200,4,1,2,412,4,Regular Customer
387521,38,1,8118,4,1,3,413,0,Regular Customer
387538,77,1,3924,3,1,2,312,4,Regular Customer
387601,73,1,323,3,1,1,311,4,Regular Customer
387860,105,1,8301,2,1,3,213,1,At Risk Customer
387929,91,1,4252,2,1,2,212,4,Regular Customer
387931,77,1,7084,3,1,3,313,4,Regular Customer
388066,3,1,8690,5,1,4,514,0,Recent Customer
388182,46,2,11127,4,1,4,414,0,Regular Customer
388255,129,1,6501,1,1,3,113,1,At Risk Customer
388441,79,1,5226,3,1,3,313,4,Regular Customer
388461,4,2,9798,5,1,4,514,0,Recent Customer
388556,92,1,4503,2,1,2,212,4,Regular Customer
388612,119,3,9408,1,2,4,124,1,Loyal Customer
388679,72,1,13533,3,1,4,314,4,Regular Customer
388893,93,1,9668,2,1,4,214,1,Regular Customer
389030,129,1,4972,1,1,3,113,1,At Risk Customer
389058,81,2,15658,3,1,5,315,4,Regular Customer
389066,111,1,6410,2,1,3,213,1,At Risk Customer
389069,113,1,12820,1,1,4,114,1,At Risk Customer
389287,7,1,17716,5,1,5,515,0,Recent Customer
389361,65,1,6444,3,1,3,313,4,Regular Customer
389441,104,1,10311,2,1,4,214,1,Regular Customer
389503,64,1,2662,3,1,2,312,4,Regular Customer
389532,120,52,344618,1,2,5,125,3,VIP Customer
389694,10,2,8780,5,1,4,514,0,Recent Customer
389757,22,1,7995,5,1,3,513,0,Recent Customer
389780,9,2,17306,5,1,5,515,0,Recent Customer
389947,60,1,9264,3,1,4,314,4,Regular Customer
390022,50,2,8092,4,1,3,413,4,Regular Customer
390023,78,3,7975,3,2,3,323,4,Loyal Customer
390258,11,1,6693,5,1,3,513,0,Recent Customer
390314,105,1,19976,2,1,5,215,1,High Value Customer
390426,103,1,704,2,1,1,211,1,Regular Customer
390499,8,2,24904,5,1,5,515,0,High Value Customer
390547,11,1,8238,5,1,3,513,0,Recent Customer
390625,8,1,63,5,1,1,511,0,Recent Customer
390743,8,2,4386,5,1,2,512,0,Recent Customer
390770,61,1,731,3,1,1,311,4,Regular Customer
390888,35,1,581,4,1,1,411,0,Recent Customer
390933,11,1,5996,5,1,3,513,0,Recent Customer
391066,124,2,12483,1,1,4,114,1,At Risk Customer
391094,10,1,11583,5,1,4,514,0,Recent Customer
391231,128,2,4725,1,1,3,113,1,At Risk Customer
391258,14,1,6972,5,1,3,513,0,Recent Customer
391281,37,1,2971,4,1,2,412,0,Recent Customer
391300,7,1,7980,5,1,3,513,0,Recent Customer
391329,128,2,24245,1,1,5,115,1,High Value Customer
391446,136,1,7106,1,1,3,113,1,At Risk Customer
391657,123,4,19318,1,2,5,125,1,VIP Customer
391814,72,3,20951,3,2,5,325,4,Loyal Customer
391939,136,2,10866,1,1,4,114,1,At Risk Customer
391980,133,1,11824,1,1,4,114,1,At Risk Customer
392246,29,3,27930,5,2,5,525,0,Loyal Customer
392296,35,1,7594,4,1,3,413,0,Recent Customer
392404,28,1,3332,5,1,2,512,0,Recent Customer
392448,35,1,3942,4,1,2,412,0,Recent Customer
392507,39,1,1774,4,1,1,411,0,Regular Customer
392739,28,1,1309,5,1,1,511,0,Recent Customer
392741,24,1,2967,5,1,2,512,0,Recent Customer
392826,81,3,9024,3,2,4,324,4,Loyal Customer
392947,98,1,9009,2,1,4,214,1,Regular Customer
393085,27,1,1000,5,1,1,511,0,Recent Customer
393237,119,3,32789,1,2,5,125,1,Loyal Customer
393239,87,1,2864,2,1,2,212,4,Regular Customer
393334,71,1,486,3,1,1,311,4,Regular Customer
393480,134,2,1192,1,1,1,111,1,At Risk Customer
393598,52,1,7209,4,1,3,413,4,Regular Customer
393634,93,1,1578,2,1,1,211,1,Regular Customer
393733,47,1,13470,4,1,4,414,4,Regular Customer
393947,17,1,10560,5,1,4,514,0,Recent Customer
393972,73,5,18907,3,2,5,325,4,VIP Customer
394054,8,1,2508,5,1,2,512,0,Recent Customer
394294,16,1,2530,5,1,2,512,0,Recent Customer
394366,27,1,579,5,1,1,511,0,Recent Customer
394489,29,1,5424,5,1,3,513,0,Recent Customer
394686,121,1,9198,1,1,4,114,1,At Risk Customer
394989,65,3,10638,3,2,4,324,4,Loyal Customer
395411,81,1,7458,3,1,3,313,4,Regular Customer
395510,12,1,2116,5,1,1,511,0,Recent Customer
395522,114,2,13740,1,1,5,115,1,At Risk Customer
395552,48,4,22277,4,2,5,425,4,VIP Customer
395585,93,1,2277,2,1,1,211,1,Regular Customer
395626,64,1,7550,3,1,3,313,4,Regular Customer
395650,73,1,4700,3,1,3,313,4,Regular Customer
395664,123,1,599,1,1,1,111,1,At Risk Customer
395684,64,1,5964,3,1,3,313,4,Regular Customer
395745,131,1,3535,1,1,2,112,1,At Risk Customer
395920,56,1,159,4,1,1,411,4,Regular Customer
395979,131,1,6480,1,1,3,113,1,At Risk Customer
396040,66,1,9868,3,1,4,314,4,Regular Customer
396151,135,1,630,1,1,1,111,1,At Risk Customer
396571,59,7,63697,3,2,5,325,4,VIP Customer
396709,99,1,2424,2,1,2,212,1,Regular Customer
396761,102,3,22761,2,2,5,225,1,Loyal Customer
397078,40,1,6831,4,1,3,413,0,Regular Customer
397091,92,1,9165,2,1,4,214,4,Regular Customer
397111,52,1,5324,4,1,3,413,4,Regular Customer
397272,116,1,3117,1,1,2,112,1,At Risk Customer
397297,14,1,18768,5,1,5,515,0,High Value Customer
397350,105,1,4830,2,1,3,213,1,At Risk Customer
397522,91,1,3149,2,1,2,212,4,Regular Customer
397573,64,1,787,3,1,1,311,4,Regular Customer
397620,77,1,4092,3,1,2,312,4,Regular Customer
397639,73,1,3701,3,1,2,312,4,Regular Customer
397729,116,1,3504,1,1,2,112,1,At Risk Customer
397738,90,2,10588,2,1,4,214,4,Regular Customer
398144,2,1,1865,5,1,1,511,0,Recent Customer
398205,58,8,49582,4,2,5,425,4,VIP Customer
398227,60,1,4954,3,1,3,313,4,Regular Customer
398617,58,1,3290,4,1,2,412,4,Regular Customer
398756,125,1,868,1,1,1,111,1,At Risk Customer
398779,100,1,14456,2,1,5,215,1,Regular Customer
399094,45,1,8022,4,1,3,413,0,Regular Customer
399290,24,1,1391,5,1,1,511,0,Recent Customer
399822,53,2,4050,4,1,2,412,4,Regular Customer
400159,82,2,12825,3,1,4,314,4,Regular Customer
400271,62,1,4994,3,1,3,313,4,Regular Customer
400596,114,1,10395,1,1,4,114,1,At Risk Customer
400676,129,1,408,1,1,1,111,1,At Risk Customer
400737,121,1,6224,1,1,3,113,1,At Risk Customer
400788,57,1,7588,4,1,3,413,4,Regular Customer
400794,43,1,11412,4,1,4,414,0,Regular Customer
400870,4,1,12729,5,1,4,514,0,Recent Customer
400991,42,1,2856,4,1,2,412,0,Regular Customer
401220,84,1,6222,3,1,3,313,4,Regular Customer
401323,65,2,9069,3,1,4,314,4,Regular Customer
401480,133,1,1476,1,1,1,111,1,At Risk Customer
401663,85,1,201,2,1,1,211,4,Regular Customer
401855,92,1,8126,2,1,3,213,4,Regular Customer
401860,101,1,1713,2,1,1,211,1,Regular Customer
401899,84,1,9615,3,1,4,314,4,Regular Customer
401979,19,3,14195,5,2,5,525,0,Loyal Customer
402224,38,1,9944,4,1,4,414,0,Regular Customer
402233,114,1,10938,1,1,4,114,1,At Risk Customer
402416,119,3,30440,1,2,5,125,1,Loyal Customer
402529,92,1,1913,2,1,1,211,4,Regular Customer
403042,29,1,2496,5,1,2,512,0,Recent Customer
403341,106,1,7446,2,1,3,213,1,At Risk Customer
403374,136,1,618,1,1,1,111,1,At Risk Customer
403492,33,4,21370,4,2,5,425,0,VIP Customer
403643,29,1,8418,5,1,4,514,0,Recent Customer
403777,64,1,16068,3,1,5,315,4,Regular Customer
403958,62,2,1017,3,1,1,311,4,Regular Customer
404036,8,2,12790,5,1,4,514,0,Recent Customer
404061,53,1,3262,4,1,2,412,4,Regular Customer
404146,22,1,19576,5,1,5,515,0,High Value Customer
404403,109,45,245263,2,2,5,225,1,VIP Customer
404798,138,1,16724,1,1,5,115,1,At Risk Customer
404907,105,1,17436,2,1,5,215,1,At Risk Customer
404945,51,1,3855,4,1,2,412,4,Regular Customer
405120,65,1,5715,3,1,3,313,4,Regular Customer
405156,85,4,17645,2,2,5,225,4,VIP Customer
405190,65,1,10964,3,1,4,314,4,Regular Customer
405676,105,1,5316,2,1,3,213,1,At Risk Customer
405759,112,1,1156,1,1,1,111,1,At Risk Customer
405804,134,2,12508,1,1,4,114,1,At Risk Customer
405816,88,1,2444,2,1,2,212,4,Regular Customer
406203,73,1,112,3,1,1,311,4,Regular Customer
406325,112,1,6162,1,1,3,113,1,At Risk Customer
406338,126,1,14757,1,1,5,115,1,At Risk Customer
406584,127,1,4510,1,1,2,112,1,At Risk Customer
406902,38,1,898,4,1,1,411,0,Regular Customer
407086,44,1,12952,4,1,4,414,0,Regular Customer
407277,21,2,15750,5,1,5,515,0,Recent Customer
407393,7,1,6232,5,1,3,513,0,Recent Customer
407522,42,1,2762,4,1,2,412,0,Regular Customer
407615,58,1,8316,4,1,4,414,4,Regular Customer
407633,102,2,9808,2,1,4,214,1,Regular Customer
407740,29,1,6060,5,1,3,513,0,Recent Customer
407747,24,1,4122,5,1,2,512,0,Recent Customer
407750,91,1,9026,2,1,4,214,4,Regular Customer
407800,123,1,3729,1,1,2,112,1,At Risk Customer
407882,63,4,19503,3,2,5,325,4,VIP Customer
408063,64,3,36297,3,2,5,325,4,Loyal Customer
408181,128,1,8913,1,1,4,114,1,At Risk Customer
408300,124,2,34936,1,1,5,115,1,High Value Customer
408446,49,1,11160,4,1,4,414,4,Regular Customer
408630,14,1,8464,5,1,4,514,0,Recent Customer
408637,113,1,10179,1,1,4,114,1,At Risk Customer
408762,79,1,3100,3,1,2,312,4,Regular Customer
408865,95,1,4400,2,1,2,212,1,Regular Customer
408951,123,1,4850,1,1,3,113,1,At Risk Customer
409239,120,1,678,1,1,1,111,1,At Risk Customer
409412,21,1,416,5,1,1,511,0,Recent Customer
409446,99,1,3576,2,1,2,212,1,Regular Customer
409635,54,1,16628,4,1,5,415,4,Regular Customer
409649,115,2,17476,1,1,5,115,1,At Risk Customer
409799,8,1,3977,5,1,2,512,0,Recent Customer
409939,135,1,5328,1,1,3,113,1,At Risk Customer
410094,58,1,1348,4,1,1,411,4,Regular Customer
410170,23,1,17832,5,1,5,515,0,Recent Customer
410314,62,1,18928,3,1,5,315,4,High Value Customer
410385,95,1,2537,2,1,2,212,1,Regular Customer
410452,63,3,23252,3,2,5,325,4,Loyal Customer
410479,59,1,2849,3,1,2,312,4,Regular Customer
410486,89,1,7688,2,1,3,213,4,Regular Customer
410594,125,2,14673,1,1,5,115,1,At Risk Customer
410663,136,1,14625,1,1,5,115,1,At Risk Customer
410791,94,1,5658,2,1,3,213,1,Regular Customer
410801,41,1,9576,4,1,4,414,0,Regular Customer
410841,99,3,9453,2,2,4,224,1,Loyal Customer
411182,78,1,8595,3,1,4,314,4,Regular Customer
411302,10,1,7452,5,1,3,513,0,Recent Customer
411554,22,1,8313,5,1,4,514,0,Recent Customer
411703,106,1,6189,2,1,3,213,1,At Risk Customer
411798,12,2,3077,5,1,2,512,0,Recent Customer
412091,44,1,7347,4,1,3,413,0,Regular Customer
412092,9,1,3196,5,1,2,512,0,Recent Customer
412120,112,1,13302,1,1,4,114,1,At Risk Customer
412234,1,2,391,5,1,1,511,0,Recent Customer
412239,68,1,9465,3,1,4,314,4,Regular Customer
412249,54,1,3408,4,1,2,412,4,Regular Customer
412298,52,1,9472,4,1,4,414,4,Regular Customer
412353,133,1,4710,1,1,3,113,1,At Risk Customer
412374,35,1,10548,4,1,4,414,0,Recent Customer
412403,134,2,16826,1,1,5,115,1,At Risk Customer
412611,39,16,92431,4,2,5,425,0,VIP Customer
412692,46,1,4467,4,1,2,412,0,Regular Customer
412758,77,1,8294,3,1,3,313,4,Regular Customer
412781,58,2,11835,4,1,4,414,4,Regular Customer
413096,104,1,4700,2,1,3,213,1,Regular Customer
413174,10,1,849,5,1,1,511,0,Recent Customer
413313,46,1,1867,4,1,1,411,0,Regular Customer
413498,54,1,7824,4,1,3,413,4,Regular Customer
413676,119,1,7504,1,1,3,113,1,At Risk Customer
413758,81,4,20047,3,2,5,325,4,VIP Customer
413841,67,1,11672,3,1,4,314,4,Regular Customer
413938,60,1,1910,3,1,1,311,4,Regular Customer
414189,3,2,7874,5,1,3,513,0,Recent Customer
414249,57,1,612,4,1,1,411,4,Regular Customer
414307,44,1,14121,4,1,5,415,0,Regular Customer
414326,119,1,4617,1,1,2,112,1,At Risk Customer
414380,73,2,24970,3,1,5,315,4,High Value Customer
414480,54,1,82,4,1,1,411,4,Regular Customer
414616,16,2,21378,5,1,5,515,0,High Value Customer
415080,53,1,2264,4,1,1,411,4,Regular Customer
415285,65,1,758,3,1,1,311,4,Regular Customer
415316,70,1,4186,3,1,2,312,4,Regular Customer
415345,18,1,1089,5,1,1,511,0,Recent Customer
415453,76,2,13756,3,1,5,315,4,Regular Customer
415471,133,1,10536,1,1,4,114,1,At Risk Customer
415617,95,1,4258,2,1,2,212,1,Regular Customer
415676,98,1,4144,2,1,2,212,1,Regular Customer
415859,119,1,986,1,1,1,111,1,At Risk Customer
415893,122,1,8954,1,1,4,114,1,At Risk Customer
415923,77,1,4767,3,1,3,313,4,Regular Customer
416108,95,1,4923,2,1,3,213,1,Regular Customer
416295,71,1,2703,3,1,2,312,4,Regular Customer
416308,127,1,11454,1,1,4,114,1,At Risk Customer
416426,109,1,1676,2,1,1,211,1,At Risk Customer
416496,59,11,77647,3,2,5,325,4,VIP Customer
416697,81,1,2897,3,1,2,312,4,Regular Customer
416702,36,1,3896,4,1,2,412,0,Recent Customer
416882,59,1,2468,3,1,2,312,4,Regular Customer
417076,64,1,15,3,1,1,311,4,Regular Customer
417153,21,1,2226,5,1,1,511,0,Recent Customer
417161,128,1,2022,1,1,1,111,1,At Risk Customer
417215,97,1,7710,2,1,3,213,1,Regular Customer
417312,123,4,29075,1,2,5,125,1,VIP Customer
417594,128,3,15472,1,2,5,125,1,Loyal Customer
418092,22,1,5838,5,1,3,513,0,Recent Customer
418115,65,1,3837,3,1,2,312,4,Regular Customer
418229,4,1,2644,5,1,2,512,0,Recent Customer
418307,57,1,13890,4,1,5,415,4,Regular Customer
418591,85,1,13532,2,1,4,214,4,Regular Customer
418630,65,2,15514,3,1,5,315,4,Regular Customer
418715,97,2,9117,2,1,4,214,1,Regular Customer
418745,18,1,19120,5,1,5,515,0,High Value Customer
418774,132,1,2968,1,1,2,112,1,At Risk Customer
418867,52,2,10990,4,1,4,414,4,Regular Customer
418925,26,1,586,5,1,1,511,0,Recent Customer
418959,73,1,10004,3,1,4,314,4,Regular Customer
418973,34,1,14396,4,1,5,415,0,Recent Customer
419048,108,1,1452,2,1,1,211,1,At Risk Customer
419333,81,1,2021,3,1,1,311,4,Regular Customer
419475,10,2,9216,5,1,4,514,0,Recent Customer
419532,85,1,5205,2,1,3,213,4,Regular Customer
419535,136,1,392,1,1,1,111,1,At Risk Customer
419612,61,1,15036,3,1,5,315,4,Regular Customer
420421,66,1,7092,3,1,3,313,4,Regular Customer
420548,61,1,9150,3,1,4,314,4,Regular Customer
420572,84,1,2369,3,1,2,312,4,Regular Customer
420780,16,1,5556,5,1,3,513,0,Recent Customer
420807,7,1,1178,5,1,1,511,0,Recent Customer
420941,110,1,2820,2,1,2,212,1,At Risk Customer
421085,12,1,7041,5,1,3,513,0,Recent Customer
421133,40,1,3476,4,1,2,412,0,Regular Customer
421440,88,1,16580,2,1,5,215,4,Regular Customer
421656,39,1,14740,4,1,5,415,0,Regular Customer
422045,108,2,13263,2,1,4,214,1,At Risk Customer
422169,42,1,8952,4,1,4,414,0,Regular Customer
422291,75,1,4164,3,1,2,312,4,Regular Customer
422603,65,2,5164,3,1,3,313,4,Regular Customer
422618,16,1,14008,5,1,5,515,0,Recent Customer
422668,114,2,18480,1,1,5,115,1,High Value Customer
422745,127,2,10420,1,1,4,114,1,At Risk Customer
422787,109,1,3484,2,1,2,212,1,At Risk Customer
422894,100,2,11750,2,1,4,214,1,Regular Customer
423185,45,1,7270,4,1,3,413,0,Regular Customer
423686,127,1,721,1,1,1,111,1,At Risk Customer
423912,132,1,13143,1,1,4,114,1,At Risk Customer
424432,116,1,12183,1,1,4,114,1,At Risk Customer
424452,88,1,6528,2,1,3,213,4,Regular Customer
424472,57,4,19733,4,2,5,425,4,VIP Customer
424643,107,1,6068,2,1,3,213,1,At Risk Customer
424706,93,1,6582,2,1,3,213,1,Regular Customer
424759,32,1,1172,4,1,1,411,0,Recent Customer
424807,92,1,3425,2,1,2,212,4,Regular Customer
424884,32,1,7956,4,1,3,413,0,Recent Customer
424955,57,1,2699,4,1,2,412,4,Regular Customer
425069,108,2,9890,2,1,4,214,1,At Risk Customer
425131,75,1,3552,3,1,2,312,4,Regular Customer
425356,39,1,9609,4,1,4,414,0,Regular Customer
425428,18,1,4161,5,1,2,512,0,Recent Customer
425539,125,2,16284,1,1,5,115,1,At Risk Customer
425614,22,1,3941,5,1,2,512,0,Recent Customer
425648,44,1,2992,4,1,2,412,0,Regular Customer
425801,33,1,5196,4,1,3,413,0,Recent Customer
426015,20,1,18804,5,1,5,515,0,High Value Customer
426059,135,1,923,1,1,1,111,1,At Risk Customer
426208,91,1,9280,2,1,4,214,4,Regular Customer
426226,79,1,9556,3,1,4,314,4,Regular Customer
426297,138,1,460,1,1,1,111,1,At Risk Customer
427158,36,1,5256,4,1,3,413,0,Recent Customer
427234,49,1,1617,4,1,1,411,4,Regular Customer
427346,134,1,7065,1,1,3,113,1,At Risk Customer
427353,39,1,8134,4,1,3,413,0,Regular Customer
427421,94,1,15768,2,1,5,215,1,Regular Customer
427504,16,3,16777,5,2,5,525,0,Loyal Customer
427583,59,1,2877,3,1,2,312,4,Regular Customer
427619,28,1,8346,5,1,4,514,0,Recent Customer
427622,7,3,22372,5,2,5,525,0,Loyal Customer
427675,135,1,240,1,1,1,111,1,At Risk Customer
427724,123,2,6294,1,1,3,113,1,At Risk Customer
427756,0,1,939,5,1,1,511,0,Recent Customer
427854,58,1,4671,4,1,3,413,4,Regular Customer
427943,21,1,3728,5,1,2,512,0,Recent Customer
427949,11,1,3843,5,1,2,512,0,Recent Customer
428022,45,1,4747,4,1,3,413,0,Regular Customer
428189,52,1,3838,4,1,2,412,4,Regular Customer
428220,101,1,4512,2,1,2,212,1,Regular Customer
428251,83,1,2726,3,1,2,312,4,Regular Customer
428397,46,1,3287,4,1,2,412,0,Regular Customer
428415,25,1,4272,5,1,2,512,0,Recent Customer
428516,85,1,12800,2,1,4,214,4,Regular Customer
428853,86,1,8266,2,1,3,213,4,Regular Customer
428870,115,1,7810,1,1,3,113,1,At Risk Customer
428886,106,1,8812,2,1,4,214,1,At Risk Customer
428964,127,1,1731,1,1,1,111,1,At Risk Customer
428976,65,1,1524,3,1,1,311,4,Regular Customer
429035,37,13,45522,4,2,5,425,0,VIP Customer
429126,113,1,5058,1,1,3,113,1,At Risk Customer
429139,66,1,18400,3,1,5,315,4,Regular Customer
429169,45,1,9720,4,1,4,414,0,Regular Customer
429195,119,1,2601,1,1,2,112,1,At Risk Customer
429213,105,2,27510,2,1,5,215,1,High Value Customer
429418,138,3,19377,1,2,5,125,1,Loyal Customer
429461,11,2,5471,5,1,3,513,0,Recent Customer
429610,6,1,13620,5,1,4,514,0,Recent Customer
429764,47,1,9722,4,1,4,414,4,Regular Customer
430099,79,1,1271,3,1,1,311,4,Regular Customer
430152,24,1,17900,5,1,5,515,0,Recent Customer
430186,94,1,7348,2,1,3,213,1,Regular Customer
430190,94,1,3642,2,1,2,212,1,Regular Customer
430234,65,1,2347,3,1,2,312,4,Regular Customer
430569,93,1,5500,2,1,3,213,1,Regular Customer
430663,8,4,22181,5,2,5,525,0,VIP Customer
430822,92,2,10639,2,1,4,214,4,Regular Customer
430907,88,1,9972,2,1,4,214,4,Regular Customer
430913,6,12,63658,5,2,5,525,0,VIP Customer
430945,31,1,1682,4,1,1,411,0,Recent Customer
431138,67,1,2253,3,1,1,311,4,Regular Customer
431790,36,1,1172,4,1,1,411,0,Recent Customer
431811,104,1,736,2,1,1,211,1,Regular Customer
431937,68,1,11823,3,1,4,314,4,Regular Customer
431941,78,1,18044,3,1,5,315,4,Regular Customer
431956,128,1,11385,1,1,4,114,1,At Risk Customer
432060,138,1,1625,1,1,1,111,1,At Risk Customer
432140,18,1,570,5,1,1,511,0,Recent Customer
432335,44,1,2450,4,1,2,412,0,Regular Customer
432343,135,1,8332,1,1,4,114,1,At Risk Customer
432345,42,1,14058,4,1,5,415,0,Regular Customer
432404,36,2,8805,4,1,4,414,0,Recent Customer
432499,107,2,175,2,1,1,211,1,At Risk Customer
432569,96,1,4282,2,1,2,212,1,Regular Customer
432644,39,1,8228,4,1,3,413,0,Regular Customer
432814,46,1,8798,4,1,4,414,0,Regular Customer
433031,137,1,982,1,1,1,111,1,At Risk Customer
433067,105,2,12493,2,1,4,214,1,At Risk Customer
433111,19,2,8555,5,1,4,514,0,Recent Customer
433148,129,1,9870,1,1,4,114,1,At Risk Customer
433256,15,1,15880,5,1,5,515,0,Recent Customer
433471,110,1,2867,2,1,2,212,1,At Risk Customer
433583,83,6,32663,3,2,5,325,4,VIP Customer
433786,60,1,206,3,1,1,311,4,Regular Customer
433791,20,2,24546,5,1,5,515,0,High Value Customer
434180,101,2,10135,2,1,4,214,1,Regular Customer
434250,6,2,7441,5,1,3,513,0,Recent Customer
434317,45,1,5151,4,1,3,413,0,Regular Customer
434333,131,1,8709,1,1,4,114,1,At Risk Customer
434418,106,3,14598,2,2,5,225,1,Loyal Customer
434489,101,1,8382,2,1,4,214,1,Regular Customer
434493,136,1,7540,1,1,3,113,1,At Risk Customer
434507,25,1,879,5,1,1,511,0,Recent Customer
434563,80,1,4452,3,1,2,312,4,Regular Customer
434601,85,1,3913,2,1,2,212,4,Regular Customer
434803,3,4,11501,5,2,4,524,0,Loyal Customer
434900,137,1,354,1,1,1,111,1,At Risk Customer
434902,4,1,7636,5,1,3,513,0,Recent Customer
435019,135,1,1736,1,1,1,111,1,At Risk Customer
435041,30,1,550,5,1,1,511,0,Recent Customer
435104,103,1,2468,2,1,2,212,1,Regular Customer
435144,123,1,11289,1,1,4,114,1,At Risk Customer
435336,94,1,5202,2,1,3,213,1,Regular Customer
435495,138,1,1286,1,1,1,111,1,At Risk Customer
435603,15,1,4408,5,1,2,512,0,Recent Customer
435940,114,1,16964,1,1,5,115,1,At Risk Customer
435977,116,2,16759,1,1,5,115,1,At Risk Customer
436023,10,1,18744,5,1,5,515,0,High Value Customer
436334,122,1,1034,1,1,1,111,1,At Risk Customer
436380,93,1,5716,2,1,3,213,1,Regular Customer
436517,18,1,386,5,1,1,511,0,Recent Customer
436639,114,1,3724,1,1,2,112,1,At Risk Customer
436662,92,1,7932,2,1,3,213,4,Regular Customer
436797,99,1,1363,2,1,1,211,1,Regular Customer
436967,14,1,16816,5,1,5,515,0,Recent Customer
437102,87,1,18964,2,1,5,215,4,High Value Customer
437906,25,1,6782,5,1,3,513,0,Recent Customer
437984,81,1,8031,3,1,3,313,4,Regular Customer
438222,76,1,2940,3,1,2,312,4,Regular Customer
438357,113,1,2175,1,1,1,111,1,At Risk Customer
438441,106,47,339943,2,2,5,225,3,VIP Customer
438605,31,1,6424,4,1,3,413,0,Recent Customer
438780,64,8,44211,3,2,5,325,4,VIP Customer
439626,2,1,9116,5,1,4,514,0,Recent Customer
439737,83,1,15472,3,1,5,315,4,Regular Customer
439811,116,2,10665,1,1,4,114,1,At Risk Customer
440136,75,1,5631,3,1,3,313,4,Regular Customer
440213,87,1,4777,2,1,3,213,4,Regular Customer
440289,88,1,12558,2,1,4,214,4,Regular Customer
440481,102,1,2778,2,1,2,212,1,Regular Customer
440486,136,1,4662,1,1,3,113,1,At Risk Customer
440612,129,2,8753,1,1,4,114,1,At Risk Customer
440630,11,1,9772,5,1,4,514,0,Recent Customer
440666,68,1,4134,3,1,2,312,4,Regular Customer
440745,114,1,10701,1,1,4,114,1,At Risk Customer
440802,71,2,6431,3,1,3,313,4,Regular Customer
440899,112,1,7206,1,1,3,113,1,At Risk Customer
440941,60,1,1816,3,1,1,311,4,Regular Customer
441024,11,4,35712,5,2,5,525,0,VIP Customer
441318,114,1,6102,1,1,3,113,1,At Risk Customer
441381,111,1,4803,2,1,3,213,1,At Risk Customer
441470,135,1,17604,1,1,5,115,1,At Risk Customer
441506,58,2,16573,4,1,5,415,4,Regular Customer
441527,61,1,9160,3,1,4,314,4,Regular Customer
441641,135,1,13408,1,1,4,114,1,At Risk Customer
441688,78,1,4484,3,1,2,312,4,Regular Customer
441737,70,1,4521,3,1,2,312,4,Regular Customer
441782,9,1,8934,5,1,4,514,0,Recent Customer
441858,92,1,7587,2,1,3,213,4,Regular Customer
442319,112,1,14216,1,1,5,115,1,At Risk Customer
442692,114,1,512,1,1,1,111,1,At Risk Customer
442771,37,1,19168,4,1,5,415,0,High Value Customer
442882,128,1,422,1,1,1,111,1,At Risk Customer
442911,58,1,5384,4,1,3,413,4,Regular Customer
443006,43,1,18640,4,1,5,415,0,High Value Customer
443013,4,1,2230,5,1,1,511,0,Recent Customer
443200,84,1,8012,3,1,3,313,4,Regular Customer
443581,115,1,982,1,1,1,111,1,At Risk Customer
443938,126,1,8834,1,1,4,114,1,At Risk Customer
444320,71,1,6878,3,1,3,313,4,Regular Customer
444359,22,1,5364,5,1,3,513,0,Recent Customer
444654,56,1,2620,4,1,2,412,4,Regular Customer
444847,91,2,17636,2,1,5,215,4,Regular Customer
445175,87,1,193,2,1,1,211,4,Regular Customer
445226,112,1,8206,1,1,3,113,1,At Risk Customer
445245,17,1,7128,5,1,3,513,0,Recent Customer
445564,118,1,5544,1,1,3,113,1,At Risk Customer
445764,105,1,982,2,1,1,211,1,At Risk Customer
446044,95,1,12696,2,1,4,214,1,Regular Customer
446062,46,1,6284,4,1,3,413,0,Regular Customer
446206,114,3,26672,1,2,5,125,1,Loyal Customer
446252,49,1,2860,4,1,2,412,4,Regular Customer
446421,115,1,4781,1,1,3,113,1,At Risk Customer
446543,21,1,952,5,1,1,511,0,Recent Customer
446718,79,1,1884,3,1,1,311,4,Regular Customer
446730,93,1,2110,2,1,1,211,1,Regular Customer
446744,100,1,10410,2,1,4,214,1,Regular Customer
446931,106,2,4500,2,1,2,212,1,At Risk Customer
446985,37,2,4349,4,1,2,412,0,Recent Customer
447078,72,1,10167,3,1,4,314,4,Regular Customer
447164,115,1,2631,1,1,2,112,1,At Risk Customer
447235,54,1,4292,4,1,2,412,4,Regular Customer
447385,73,1,71,3,1,1,311,4,Regular Customer
447405,85,4,29913,2,2,5,225,4,VIP Customer
447407,85,1,12496,2,1,4,214,4,Regular Customer
447415,135,4,34274,1,2,5,125,1,VIP Customer
447934,52,1,1234,4,1,1,411,4,Regular Customer
447985,104,1,3417,2,1,2,212,1,Regular Customer
448326,77,1,8140,3,1,3,313,4,Regular Customer
448356,54,1,5800,4,1,3,413,4,Regular Customer
448370,57,1,2358,4,1,2,412,4,Regular Customer
448386,70,1,4744,3,1,3,313,4,Regular Customer
448398,91,2,1729,2,1,1,211,4,Regular Customer
449026,42,1,4528,4,1,2,412,0,Regular Customer
449226,132,1,664,1,1,1,111,1,At Risk Customer
449371,58,1,2468,4,1,2,412,4,Regular Customer
449506,16,1,7388,5,1,3,513,0,Recent Customer
449727,3,2,7340,5,1,3,513,0,Recent Customer
449785,72,2,12505,3,1,4,314,4,Regular Customer
449843,52,1,2280,4,1,1,411,4,Regular Customer
450043,99,1,13575,2,1,4,214,1,Regular Customer
450090,51,1,806,4,1,1,411,4,Regular Customer
450098,44,1,14832,4,1,5,415,0,Regular Customer
450190,138,1,8646,1,1,4,114,1,At Risk Customer
450303,11,1,9252,5,1,4,514,0,Recent Customer
450322,98,1,648,2,1,1,211,1,Regular Customer
450579,115,1,9716,1,1,4,114,1,At Risk Customer
450596,23,1,6496,5,1,3,513,0,Recent Customer
450702,43,2,11300,4,1,4,414,0,Regular Customer
450732,50,2,15721,4,1,5,415,4,Regular Customer
450873,102,1,1020,2,1,1,211,1,Regular Customer
450950,92,1,8230,2,1,3,213,4,Regular Customer
450966,44,1,3212,4,1,2,412,0,Regular Customer
450977,113,1,2628,1,1,2,112,1,At Risk Customer
451001,115,1,7468,1,1,3,113,1,At Risk Customer
451072,14,1,3676,5,1,2,512,0,Recent Customer
451106,107,1,570,2,1,1,211,1,At Risk Customer
451189,13,1,5118,5,1,3,513,0,Recent Customer
451333,132,1,2261,1,1,1,111,1,At Risk Customer
451610,94,1,3856,2,1,2,212,1,Regular Customer
451673,103,4,26362,2,2,5,225,1,VIP Customer
451676,59,1,250,3,1,1,311,4,Regular Customer
451822,58,1,3940,4,1,2,412,4,Regular Customer
451953,29,2,31717,5,1,5,515,0,High Value Customer
451990,37,1,1462,4,1,1,411,0,Recent Customer
452009,48,1,11391,4,1,4,414,4,Regular Customer
452090,116,1,11944,1,1,4,114,1,At Risk Customer
452114,90,1,672,2,1,1,211,4,Regular Customer
452149,34,1,7140,4,1,3,413,0,Recent Customer
452189,119,1,6544,1,1,3,113,1,At Risk Customer
452250,50,1,113,4,1,1,411,4,Regular Customer
452316,115,1,12930,1,1,4,114,1,At Risk Customer
452625,132,1,1407,1,1,1,111,1,At Risk Customer
452649,52,1,4484,4,1,2,412,4,Regular Customer
452653,124,1,5632,1,1,3,113,1,At Risk Customer
452811,50,1,888,4,1,1,411,4,Regular Customer
452965,71,1,332,3,1,1,311,4,Regular Customer
453067,114,2,26120,1,1,5,115,1,High Value Customer
453287,91,1,11616,2,1,4,214,4,Regular Customer
453323,122,1,15148,1,1,5,115,1,At Risk Customer
453338,51,1,1480,4,1,1,411,4,Regular Customer
453409,134,1,6998,1,1,3,113,1,At Risk Customer
453926,12,1,7178,5,1,3,513,0,Recent Customer
453995,47,1,9614,4,1,4,414,4,Regular Customer
454102,94,2,16722,2,1,5,215,1,Regular Customer
454180,95,1,10419,2,1,4,214,1,Regular Customer
454363,117,1,2144,1,1,1,111,1,At Risk Customer
454380,23,1,3328,5,1,2,512,0,Recent Customer
454636,128,1,1746,1,1,1,111,1,At Risk Customer
454654,14,6,30320,5,2,5,525,0,VIP Customer
454690,114,1,2982,1,1,2,112,1,At Risk Customer
454731,117,1,14196,1,1,5,115,1,At Risk Customer
454808,81,1,9402,3,1,4,314,4,Regular Customer
454812,125,1,9044,1,1,4,114,1,At Risk Customer
454907,88,1,822,2,1,1,211,4,Regular Customer
455050,26,1,2404,5,1,2,512,0,Recent Customer
455136,50,1,3719,4,1,2,412,4,Regular Customer
455241,5,1,8010,5,1,3,513,0,Recent Customer
455429,82,1,3175,3,1,2,312,4,Regular Customer
455557,60,8,52660,3,2,5,325,4,VIP Customer
455562,100,1,8661,2,1,4,214,1,Regular Customer
455580,120,1,3804,1,1,2,112,1,At Risk Customer
455628,92,1,5520,2,1,3,213,4,Regular Customer
455863,8,1,3069,5,1,2,512,0,Recent Customer
456000,83,1,6516,3,1,3,313,4,Regular Customer
456079,109,1,1848,2,1,1,211,1,At Risk Customer
456252,27,1,12404,5,1,4,514,0,Recent Customer
456502,66,1,3360,3,1,2,312,4,Regular Customer
456617,102,3,12880,2,2,4,224,1,Loyal Customer
456741,73,2,20853,3,1,5,315,4,High Value Customer
456829,72,1,7136,3,1,3,313,4,Regular Customer
457028,29,2,6599,5,1,3,513,0,Recent Customer
457097,77,1,9668,3,1,4,314,4,Regular Customer
457246,35,1,15512,4,1,5,415,0,Recent Customer
457524,46,1,8364,4,1,4,414,0,Regular Customer
457547,70,11,79079,3,2,5,325,4,VIP Customer
457831,127,1,14592,1,1,5,115,1,At Risk Customer
457978,17,5,21733,5,2,5,525,0,VIP Customer
458059,136,1,12057,1,1,4,114,1,At Risk Customer
458069,44,1,2094,4,1,1,411,0,Regular Customer
458095,89,1,1234,2,1,1,211,4,Regular Customer
458108,87,1,880,2,1,1,211,4,Regular Customer
458267,84,1,7107,3,1,3,313,4,Regular Customer
458337,129,2,19665,1,1,5,115,1,High Value Customer
458400,13,1,12272,5,1,4,514,0,Recent Customer
458738,61,1,1628,3,1,1,311,4,Regular Customer
458788,53,3,20457,4,2,5,425,4,Loyal Customer
458856,114,1,7392,1,1,3,113,1,At Risk Customer
458889,93,1,14992,2,1,5,215,1,Regular Customer
458981,128,2,11534,1,1,4,114,1,At Risk Customer
459290,12,2,7664,5,1,3,513,0,Recent Customer
459332,79,1,320,3,1,1,311,4,Regular Customer
459752,94,1,6110,2,1,3,213,1,Regular Customer
459834,100,1,8062,2,1,3,213,1,Regular Customer
459986,88,1,16620,2,1,5,215,4,Regular Customer
460170,43,1,4209,4,1,2,412,0,Regular Customer
460227,4,1,4612,5,1,2,512,0,Recent Customer
460240,36,2,6934,4,1,3,413,0,Recent Customer
460412,137,1,4644,1,1,2,112,1,At Risk Customer
460425,13,1,17468,5,1,5,515,0,Recent Customer
460599,100,2,5502,2,1,3,213,1,Regular Customer
460601,97,4,23767,2,2,5,225,1,VIP Customer
460668,59,1,2304,3,1,2,312,4,Regular Customer
460720,15,1,9288,5,1,4,514,0,Recent Customer
460900,21,1,9938,5,1,4,514,0,Recent Customer
460926,68,1,8626,3,1,4,314,4,Regular Customer
461088,88,1,16972,2,1,5,215,4,Regular Customer
461094,136,1,8228,1,1,3,113,1,At Risk Customer
461414,82,1,3513,3,1,2,312,4,Regular Customer
461468,47,1,5708,4,1,3,413,4,Regular Customer
461700,77,1,1978,3,1,1,311,4,Regular Customer
461703,138,2,2705,1,1,2,112,1,At Risk Customer
461960,122,2,7695,1,1,3,113,1,At Risk Customer
462027,106,1,8482,2,1,4,214,1,At Risk Customer
462756,92,1,14104,2,1,5,215,4,Regular Customer
463060,82,1,19108,3,1,5,315,4,High Value Customer
463111,4,1,2640,5,1,2,512,0,Recent Customer
463202,77,1,770,3,1,1,311,4,Regular Customer
463223,16,2,6278,5,1,3,513,0,Recent Customer
463354,37,1,7644,4,1,3,413,0,Recent Customer
463366,43,1,5722,4,1,3,413,0,Regular Customer
463408,73,1,9156,3,1,4,314,4,Regular Customer
463466,12,1,284,5,1,1,511,0,Recent Customer
463688,9,1,4770,5,1,3,513,0,Recent Customer
463740,26,1,9944,5,1,4,514,0,Recent Customer
463917,127,1,12630,1,1,4,114,1,At Risk Customer
464138,109,1,17884,2,1,5,215,1,At Risk Customer
464250,70,1,4768,3,1,3,313,4,Regular Customer
464410,34,10,38978,4,2,5,425,0,VIP Customer
464435,75,3,5288,3,2,3,323,4,Loyal Customer
465427,37,1,6140,4,1,3,413,0,Recent Customer
465431,71,2,11888,3,1,4,314,4,Regular Customer
465507,98,1,17128,2,1,5,215,1,Regular Customer
465669,16,1,2678,5,1,2,512,0,Recent Customer
465862,31,2,19303,4,1,5,415,0,High Value Customer
465949,63,1,2691,3,1,2,312,4,Regular Customer
465974,21,1,8510,5,1,4,514,0,Recent Customer
465999,111,1,9508,2,1,4,214,1,At Risk Customer
466004,23,1,1351,5,1,1,511,0,Recent Customer
466227,53,1,13197,4,1,4,414,4,Regular Customer
466290,135,1,14856,1,1,5,115,1,At Risk Customer
466364,25,1,4934,5,1,3,513,0,Recent Customer
466583,8,1,309,5,1,1,511,0,Recent Customer
466691,22,2,16062,5,1,5,515,0,Recent Customer
466805,55,1,2718,4,1,2,412,4,Regular Customer
466834,15,1,1290,5,1,1,511,0,Recent Customer
466869,73,1,2295,3,1,2,312,4,Regular Customer
466944,2,1,14796,5,1,5,515,0,Recent Customer
467086,136,1,9429,1,1,4,114,1,At Risk Customer
467433,87,1,2211,2,1,1,211,4,Regular Customer
467595,61,1,3604,3,1,2,312,4,Regular Customer
467775,11,1,12200,5,1,4,514,0,Recent Customer
467899,77,4,49351,3,2,5,325,4,VIP Customer
468035,67,1,14952,3,1,5,315,4,Regular Customer
468096,3,1,1695,5,1,1,511,0,Recent Customer
468154,107,1,380,2,1,1,211,1,At Risk Customer
468301,25,1,8886,5,1,4,514,0,Recent Customer
468318,59,2,10928,3,1,4,314,4,Regular Customer
468466,114,8,55490,1,2,5,125,1,VIP Customer
468499,33,1,3910,4,1,2,412,0,Recent Customer
468595,79,1,13164,3,1,4,314,4,Regular Customer
468853,136,1,452,1,1,1,111,1,At Risk Customer
468986,121,1,4972,1,1,3,113,1,At Risk Customer
469022,3,13,68201,5,2,5,525,0,VIP Customer
469048,115,2,15158,1,1,5,115,1,At Risk Customer
469105,107,1,6834,2,1,3,213,1,At Risk Customer
469410,114,3,20844,1,2,5,125,1,Loyal Customer
469559,64,1,10695,3,1,4,314,4,Regular Customer
469785,79,1,3532,3,1,2,312,4,Regular Customer
469791,123,1,4370,1,1,2,112,1,At Risk Customer
470165,108,1,2869,2,1,2,212,1,At Risk Customer
470176,47,1,9868,4,1,4,414,4,Regular Customer
470316,74,1,14856,3,1,5,315,4,Regular Customer
470377,128,1,14532,1,1,5,115,1,At Risk Customer
470444,31,1,11084,4,1,4,414,0,Recent Customer
470487,18,1,1504,5,1,1,511,0,Recent Customer
470579,52,1,12568,4,1,4,414,4,Regular Customer
470745,125,1,2584,1,1,2,112,1,At Risk Customer
470859,134,1,7070,1,1,3,113,1,At Risk Customer
470891,128,1,14808,1,1,5,115,1,At Risk Customer
470959,16,3,29091,5,2,5,525,0,Loyal Customer
471176,61,1,771,3,1,1,311,4,Regular Customer
471210,74,1,4053,3,1,2,312,4,Regular Customer
471338,67,1,12260,3,1,4,314,4,Regular Customer
471437,49,1,5949,4,1,3,413,4,Regular Customer
471485,83,1,2486,3,1,2,312,4,Regular Customer
471670,63,1,2418,3,1,2,312,4,Regular Customer
471929,129,2,14731,1,1,5,115,1,At Risk Customer
471950,35,1,14612,4,1,5,415,0,Recent Customer
472290,30,5,37779,5,2,5,525,0,VIP Customer
472487,103,2,15056,2,1,5,215,1,Regular Customer
472614,127,1,442,1,1,1,111,1,At Risk Customer
473021,116,1,6210,1,1,3,113,1,At Risk Customer
473074,28,1,18396,5,1,5,515,0,Recent Customer
473078,17,1,4161,5,1,2,512,0,Recent Customer
473357,50,1,5910,4,1,3,413,4,Regular Customer
473366,129,1,4754,1,1,3,113,1,At Risk Customer
474257,88,1,19500,2,1,5,215,4,High Value Customer
474313,69,1,3987,3,1,2,312,4,Regular Customer
474497,31,1,458,4,1,1,411,0,Recent Customer
474650,110,1,1512,2,1,1,211,1,At Risk Customer
474912,74,1,4476,3,1,2,312,4,Regular Customer
474956,32,1,2436,4,1,2,412,0,Recent Customer
474972,133,1,9002,1,1,4,114,1,At Risk Customer
475172,7,13,110642,5,2,5,525,0,VIP Customer
475204,80,2,8309,3,1,4,314,4,Regular Customer
475268,119,1,6214,1,1,3,113,1,At Risk Customer
475303,133,1,3055,1,1,2,112,1,At Risk Customer
475447,123,1,8265,1,1,3,113,1,At Risk Customer
475479,58,14,89013,4,2,5,425,4,VIP Customer
475717,9,1,1332,5,1,1,511,0,Recent Customer
475994,111,1,17056,2,1,5,215,1,At Risk Customer
476125,51,1,5391,4,1,3,413,4,Regular Customer
476132,79,1,5614,3,1,3,313,4,Regular Customer
476165,134,1,5073,1,1,3,113,1,At Risk Customer
476207,128,1,6009,1,1,3,113,1,At Risk Customer
476273,57,1,7204,4,1,3,413,4,Regular Customer
476523,72,3,17262,3,2,5,325,4,Loyal Customer
476773,113,1,11982,1,1,4,114,1,At Risk Customer
476780,61,1,3395,3,1,2,312,4,Regular Customer
476870,103,1,4782,2,1,3,213,1,Regular Customer
477155,113,1,3906,1,1,2,112,1,At Risk Customer
477390,106,1,624,2,1,1,211,1,At Risk Customer
477505,118,1,2301,1,1,2,112,1,At Risk Customer
477566,52,2,16780,4,1,5,415,4,Regular Customer
477743,31,1,5020,4,1,3,413,0,Recent Customer
477826,53,27,130042,4,2,5,425,4,VIP Customer
477941,118,1,2026,1,1,1,111,1,At Risk Customer
478054,114,14,64984,1,2,5,125,1,VIP Customer
478518,87,2,12282,2,1,4,214,4,Regular Customer
478763,107,1,1302,2,1,1,211,1,At Risk Customer
478902,8,1,10700,5,1,4,514,0,Recent Customer
478995,60,1,7164,3,1,3,313,4,Regular Customer
479005,46,1,11328,4,1,4,414,0,Regular Customer
479127,25,1,3644,5,1,2,512,0,Recent Customer
479324,108,1,3054,2,1,2,212,1,At Risk Customer
479343,134,1,4945,1,1,3,113,1,At Risk Customer
479891,92,1,11391,2,1,4,214,4,Regular Customer
480000,81,1,13728,3,1,5,315,4,Regular Customer
480011,15,1,3948,5,1,2,512,0,Recent Customer
480064,123,1,2958,1,1,2,112,1,At Risk Customer
480198,45,1,13004,4,1,4,414,0,Regular Customer
480203,32,2,18493,4,1,5,415,0,High Value Customer
480399,7,1,5996,5,1,3,513,0,Recent Customer
480440,3,1,7161,5,1,3,513,0,Recent Customer
480552,79,1,4274,3,1,2,312,4,Regular Customer
480593,109,1,7120,2,1,3,213,1,At Risk Customer
480624,10,1,4616,5,1,2,512,0,Recent Customer
480628,107,1,11226,2,1,4,214,1,At Risk Customer
480666,112,1,5769,1,1,3,113,1,At Risk Customer
480722,131,1,1243,1,1,1,111,1,At Risk Customer
480744,115,3,14115,1,2,5,125,1,Loyal Customer
480933,50,2,5452,4,1,3,413,4,Regular Customer
481102,125,1,14952,1,1,5,115,1,At Risk Customer
481437,57,7,33804,4,2,5,425,4,VIP Customer
481481,126,1,9904,1,1,4,114,1,At Risk Customer
481630,126,1,9712,1,1,4,114,1,At Risk Customer
481830,122,1,7816,1,1,3,113,1,At Risk Customer
481873,31,1,9948,4,1,4,414,0,Recent Customer
481915,31,1,4865,4,1,3,413,0,Recent Customer
481982,63,2,9786,3,1,4,314,4,Regular Customer
482240,64,1,12396,3,1,4,314,4,Regular Customer
482401,44,1,14680,4,1,5,415,0,Regular Customer
482439,108,1,808,2,1,1,211,1,At Risk Customer
482558,53,1,9772,4,1,4,414,4,Regular Customer
482614,22,1,17156,5,1,5,515,0,Recent Customer
482752,25,2,22527,5,1,5,515,0,High Value Customer
483048,9,1,760,5,1,1,511,0,Recent Customer
483098,111,1,12084,2,1,4,214,1,At Risk Customer
483168,99,1,3220,2,1,2,212,1,Regular Customer
483194,77,1,13216,3,1,4,314,4,Regular Customer
483303,104,1,4442,2,1,2,212,1,Regular Customer
483316,44,1,9771,4,1,4,414,0,Regular Customer
483336,54,2,20496,4,1,5,415,4,High Value Customer
483363,116,4,22447,1,2,5,125,1,VIP Customer
483471,115,3,22582,1,2,5,125,1,Loyal Customer
483743,67,1,4492,3,1,2,312,4,Regular Customer
484064,6,1,1605,5,1,1,511,0,Recent Customer
484291,116,1,9604,1,1,4,114,1,At Risk Customer
484451,87,1,6744,2,1,3,213,4,Regular Customer
484459,54,1,13836,4,1,5,415,4,Regular Customer
484584,21,1,9908,5,1,4,514,0,Recent Customer
484641,113,2,5416,1,1,3,113,1,At Risk Customer
484875,11,1,8812,5,1,4,514,0,Recent Customer
485161,94,1,4572,2,1,2,212,1,Regular Customer
485368,58,3,18492,4,2,5,425,4,Loyal Customer
485680,34,1,6680,4,1,3,413,0,Recent Customer
485689,52,3,19282,4,2,5,425,4,Loyal Customer
485699,35,1,1292,4,1,1,411,0,Recent Customer
485795,30,2,19745,5,1,5,515,0,High Value Customer
485812,6,1,1577,5,1,1,511,0,Recent Customer
485995,54,1,13724,4,1,5,415,4,Regular Customer
486312,14,2,16134,5,1,5,515,0,Recent Customer
486346,67,1,336,3,1,1,311,4,Regular Customer
486538,38,1,2937,4,1,2,412,0,Regular Customer
486681,86,1,10912,2,1,4,214,4,Regular Customer
486906,60,1,18460,3,1,5,315,4,High Value Customer
486983,102,1,3197,2,1,2,212,1,Regular Customer
487062,4,1,4693,5,1,3,513,0,Recent Customer
487295,72,1,2372,3,1,2,312,4,Regular Customer
487536,27,1,1625,5,1,1,511,0,Recent Customer
487541,46,1,13140,4,1,4,414,0,Regular Customer
487568,29,1,2931,5,1,2,512,0,Recent Customer
487723,117,1,4203,1,1,2,112,1,At Risk Customer
487926,132,2,16070,1,1,5,115,1,At Risk Customer
488020,43,2,14562,4,1,5,415,0,Regular Customer
488277,107,1,7460,2,1,3,213,1,At Risk Customer
488322,58,3,23392,4,2,5,425,4,Loyal Customer
488343,71,1,4840,3,1,3,313,4,Regular Customer
488462,64,1,9868,3,1,4,314,4,Regular Customer
488490,119,1,1571,1,1,1,111,1,At Risk Customer
488712,46,1,1296,4,1,1,411,0,Regular Customer
488723,121,1,2349,1,1,2,112,1,At Risk Customer
488858,49,5,46676,4,2,5,425,4,VIP Customer
489033,53,1,14000,4,1,5,415,4,Regular Customer
489217,112,1,2244,1,1,1,111,1,At Risk Customer
489659,115,1,9712,1,1,4,114,1,At Risk Customer
490113,74,1,2461,3,1,2,312,4,Regular Customer
490177,93,1,3788,2,1,2,212,1,Regular Customer
490223,22,2,3380,5,1,2,512,0,Recent Customer
490604,17,1,9813,5,1,4,514,0,Recent Customer
490684,70,1,1876,3,1,1,311,4,Regular Customer
490755,52,1,4383,4,1,2,412,4,Regular Customer
490761,100,3,23327,2,2,5,225,1,Loyal Customer
490857,73,1,9512,3,1,4,314,4,Regular Customer
490916,116,1,4624,1,1,2,112,1,At Risk Customer
491108,56,2,11231,4,1,4,414,4,Regular Customer
491192,22,1,3466,5,1,2,512,0,Recent Customer
491245,133,1,18556,1,1,5,115,1,High Value Customer
491280,126,1,1364,1,1,1,111,1,At Risk Customer
491323,89,2,17137,2,1,5,215,4,Regular Customer
491610,8,1,1567,5,1,1,511,0,Recent Customer
491657,91,1,162,2,1,1,211,4,Regular Customer
491737,37,1,3057,4,1,2,412,0,Recent Customer
491895,94,1,14644,2,1,5,215,1,Regular Customer
491908,129,2,10698,1,1,4,114,1,At Risk Customer
491949,50,1,5524,4,1,3,413,4,Regular Customer
491961,6,2,490,5,1,1,511,0,Recent Customer
492191,111,1,12378,2,1,4,214,1,At Risk Customer
492384,47,1,6264,4,1,3,413,4,Regular Customer
492404,63,1,13125,3,1,4,314,4,Regular Customer
492432,37,1,19360,4,1,5,415,0,High Value Customer
492470,86,1,5400,2,1,3,213,4,Regular Customer
492796,76,2,1776,3,1,1,311,4,Regular Customer
492800,58,1,486,4,1,1,411,4,Regular Customer
492867,134,2,1370,1,1,1,111,1,At Risk Customer
493111,110,1,3946,2,1,2,212,1,At Risk Customer
493156,64,1,7560,3,1,3,313,4,Regular Customer
493213,60,1,2806,3,1,2,312,4,Regular Customer
493231,120,1,4393,1,1,2,112,1,At Risk Customer
493239,78,1,3652,3,1,2,312,4,Regular Customer
493320,129,1,19016,1,1,5,115,1,High Value Customer
493601,78,1,11028,3,1,4,314,4,Regular Customer
493613,102,1,3034,2,1,2,212,1,Regular Customer
493708,9,2,8460,5,1,4,514,0,Recent Customer
493930,22,1,4511,5,1,2,512,0,Recent Customer
494059,121,3,12304,1,2,4,124,1,Loyal Customer
494239,107,1,2290,2,1,1,211,1,At Risk Customer
494335,106,1,5424,2,1,3,213,1,At Risk Customer
494369,102,1,11856,2,1,4,214,1,Regular Customer
494396,106,1,1322,2,1,1,211,1,At Risk Customer
494464,74,2,20606,3,1,5,315,4,High Value Customer
494576,80,1,11214,3,1,4,314,4,Regular Customer
494643,19,1,2208,5,1,1,511,0,Recent Customer
494728,10,1,1104,5,1,1,511,0,Recent Customer
494791,125,1,14480,1,1,5,115,1,At Risk Customer
495095,22,1,2127,5,1,1,511,0,Recent Customer
495139,115,1,2347,1,1,2,112,1,At Risk Customer
495152,126,2,9518,1,1,4,114,1,At Risk Customer
495385,115,1,4644,1,1,2,112,1,At Risk Customer
495597,58,1,8950,4,1,4,414,4,Regular Customer
495782,72,1,102,3,1,1,311,4,Regular Customer
496310,51,1,10077,4,1,4,414,4,Regular Customer
496313,60,1,4491,3,1,2,312,4,Regular Customer
496425,113,1,1383,1,1,1,111,1,At Risk Customer
496489,52,1,4912,4,1,3,413,4,Regular Customer
496628,74,1,4536,3,1,2,312,4,Regular Customer
496689,13,1,3314,5,1,2,512,0,Recent Customer
496796,79,1,1539,3,1,1,311,4,Regular Customer
496986,40,1,173,4,1,1,411,0,Regular Customer
497100,24,4,16036,5,2,5,525,0,VIP Customer
497167,109,2,4088,2,1,2,212,1,At Risk Customer
497270,59,1,1420,3,1,1,311,4,Regular Customer
497351,23,1,7449,5,1,3,513,0,Recent Customer
497371,9,9,82579,5,2,5,525,0,VIP Customer
497449,16,1,11928,5,1,4,514,0,Recent Customer
497546,105,2,8178,2,1,3,213,1,At Risk Customer
497721,67,1,10664,3,1,4,314,4,Regular Customer
497761,90,2,12987,2,1,4,214,4,Regular Customer
497789,127,1,13692,1,1,5,115,1,At Risk Customer
497826,109,1,904,2,1,1,211,1,At Risk Customer
497827,51,2,8914,4,1,4,414,4,Regular Customer
497935,129,4,13255,1,2,4,124,1,Loyal Customer
498134,14,1,14472,5,1,5,515,0,Recent Customer
498136,3,2,9997,5,1,4,514,0,Recent Customer
498233,62,1,3730,3,1,2,312,4,Regular Customer
498259,121,1,640,1,1,1,111,1,At Risk Customer
498381,103,1,3550,2,1,2,212,1,Regular Customer
498657,32,1,576,4,1,1,411,0,Recent Customer
498856,28,3,18775,5,2,5,525,0,Loyal Customer
499155,74,1,164,3,1,1,311,4,Regular Customer
499246,71,2,7254,3,1,3,313,4,Regular Customer
499382,71,1,5108,3,1,3,313,4,Regular Customer
499686,135,4,27775,1,2,5,125,1,VIP Customer
499745,60,1,2400,3,1,2,312,4,Regular Customer
499833,107,1,13029,2,1,4,214,1,At Risk Customer
499910,84,1,4786,3,1,3,313,4,Regular Customer
500008,109,1,6938,2,1,3,213,1,At Risk Customer
500130,44,4,28127,4,2,5,425,0,VIP Customer
500167,32,1,1263,4,1,1,411,0,Recent Customer
500412,106,1,2698,2,1,2,212,1,At Risk Customer
501099,16,1,13384,5,1,4,514,0,Recent Customer
501184,90,2,17493,2,1,5,215,4,Regular Customer
501189,120,1,3813,1,1,2,112,1,At Risk Customer
501391,128,1,2207,1,1,1,111,1,At Risk Customer
501429,9,1,3744,5,1,2,512,0,Recent Customer
501594,66,1,4552,3,1,2,312,4,Regular Customer
501814,8,3,16003,5,2,5,525,0,Loyal Customer
502083,94,1,13413,2,1,4,214,1,Regular Customer
502170,42,1,9270,4,1,4,414,0,Regular Customer
502189,99,3,15583,2,2,5,225,1,Loyal Customer
502408,50,2,6997,4,1,3,413,4,Regular Customer
502586,31,1,5466,4,1,3,413,0,Recent Customer
502593,123,1,3230,1,1,2,112,1,At Risk Customer
502646,79,1,4068,3,1,2,312,4,Regular Customer
502658,9,1,3207,5,1,2,512,0,Recent Customer
502778,118,2,5127,1,1,3,113,1,At Risk Customer
502892,123,1,4173,1,1,2,112,1,At Risk Customer
502974,92,1,1622,2,1,1,211,4,Regular Customer
503040,123,1,3235,1,1,2,112,1,At Risk Customer
503136,30,1,2801,5,1,2,512,0,Recent Customer
503405,135,1,18860,1,1,5,115,1,High Value Customer
503427,131,1,13383,1,1,4,114,1,At Risk Customer
503469,115,1,4257,1,1,2,112,1,At Risk Customer
503489,94,1,6618,2,1,3,213,1,Regular Customer
503511,104,1,548,2,1,1,211,1,Regular Customer
503542,127,1,3548,1,1,2,112,1,At Risk Customer
503587,9,1,9830,5,1,4,514,0,Recent Customer
503671,84,1,544,3,1,1,311,4,Regular Customer
503691,27,1,3392,5,1,2,512,0,Recent Customer
503800,136,1,2688,1,1,2,112,1,At Risk Customer
503857,105,19,135404,2,2,5,225,1,VIP Customer
503889,10,1,2770,5,1,2,512,0,Recent Customer
503891,98,1,596,2,1,1,211,1,Regular Customer
503906,14,1,1420,5,1,1,511,0,Recent Customer
504204,74,1,1776,3,1,1,311,4,Regular Customer
504634,83,1,1828,3,1,1,311,4,Regular Customer
504656,81,2,5349,3,1,3,313,4,Regular Customer
504827,94,1,2660,2,1,2,212,1,Regular Customer
504901,108,1,8716,2,1,4,214,1,At Risk Customer
504978,128,1,8194,1,1,3,113,1,At Risk Customer
505168,117,1,3076,1,1,2,112,1,At Risk Customer
505313,59,1,2796,3,1,2,312,4,Regular Customer
505455,82,1,1498,3,1,1,311,4,Regular Customer
505471,52,2,12119,4,1,4,414,4,Regular Customer
505565,109,1,2214,2,1,1,211,1,At Risk Customer
505568,56,2,25635,4,1,5,415,4,High Value Customer
505739,100,1,7988,2,1,3,213,1,Regular Customer
505824,93,1,8912,2,1,4,214,1,Regular Customer
505988,137,1,9622,1,1,4,114,1,At Risk Customer
506007,102,1,3666,2,1,2,212,1,Regular Customer
506086,70,1,1096,3,1,1,311,4,Regular Customer
506260,25,1,586,5,1,1,511,0,Recent Customer
506308,110,3,29636,2,2,5,225,1,Loyal Customer
506467,106,1,4504,2,1,2,212,1,At Risk Customer
506763,88,1,1865,2,1,1,211,4,Regular Customer
506800,77,1,552,3,1,1,311,4,Regular Customer
506838,13,1,6228,5,1,3,513,0,Recent Customer
506843,85,1,10584,2,1,4,214,4,Regular Customer
506913,69,1,1935,3,1,1,311,4,Regular Customer
507103,110,2,9325,2,1,4,214,1,At Risk Customer
507246,57,1,6546,4,1,3,413,4,Regular Customer
507351,88,1,13620,2,1,4,214,4,Regular Customer
507593,40,1,10815,4,1,4,414,0,Regular Customer
507612,7,1,1240,5,1,1,511,0,Recent Customer
507743,79,1,2839,3,1,2,312,4,Regular Customer
507994,51,1,14415,4,1,5,415,4,Regular Customer
508278,57,1,4090,4,1,2,412,4,Regular Customer
508334,104,1,1515,2,1,1,211,1,Regular Customer
508520,121,1,10587,1,1,4,114,1,At Risk Customer
508609,133,1,1288,1,1,1,111,1,At Risk Customer
508655,10,1,7464,5,1,3,513,0,Recent Customer
508719,3,1,7104,5,1,3,513,0,Recent Customer
508863,118,1,1172,1,1,1,111,1,At Risk Customer
508929,135,1,725,1,1,1,111,1,At Risk Customer
509017,17,2,1644,5,1,1,511,0,Recent Customer
509109,115,4,18494,1,2,5,125,1,VIP Customer
509343,92,2,25886,2,1,5,215,4,High Value Customer
509346,18,4,16261,5,2,5,525,0,VIP Customer
509434,3,1,1981,5,1,1,511,0,Recent Customer
509444,57,6,36086,4,2,5,425,4,VIP Customer
509679,117,1,2273,1,1,1,111,1,At Risk Customer
509833,99,1,11848,2,1,4,214,1,Regular Customer
510215,21,1,9498,5,1,4,514,0,Recent Customer
510429,9,1,2467,5,1,2,512,0,Recent Customer
510546,22,1,4531,5,1,2,512,0,Recent Customer
510974,93,1,2384,2,1,2,212,1,Regular Customer
511086,60,1,1406,3,1,1,311,4,Regular Customer
511161,49,1,7923,4,1,3,413,4,Regular Customer
511312,30,1,5332,5,1,3,513,0,Recent Customer
511438,83,1,4065,3,1,2,312,4,Regular Customer
511646,114,2,14345,1,1,5,115,1,At Risk Customer
511708,78,1,2790,3,1,2,312,4,Regular Customer
511779,115,1,7468,1,1,3,113,1,At Risk Customer
512033,13,4,28070,5,2,5,525,0,VIP Customer
512180,66,1,4107,3,1,2,312,4,Regular Customer
512281,43,1,553,4,1,1,411,0,Regular Customer
512833,129,1,10620,1,1,4,114,1,At Risk Customer
512920,127,1,4611,1,1,2,112,1,At Risk Customer
513361,2,1,9219,5,1,4,514,0,Recent Customer
513374,10,1,14517,5,1,5,515,0,Recent Customer
513408,20,1,5696,5,1,3,513,0,Recent Customer
513479,92,1,3916,2,1,2,212,4,Regular Customer
513497,115,1,864,1,1,1,111,1,At Risk Customer
513593,52,1,2276,4,1,1,411,4,Regular Customer
513830,28,1,2660,5,1,2,512,0,Recent Customer
513854,9,1,6610,5,1,3,513,0,Recent Customer
513984,33,2,21928,4,1,5,415,0,High Value Customer
514028,28,1,2467,5,1,2,512,0,Recent Customer
514217,113,1,8698,1,1,4,114,1,At Risk Customer
514625,26,1,3195,5,1,2,512,0,Recent Customer
514740,126,1,7638,1,1,3,113,1,At Risk Customer
514825,65,2,8706,3,1,4,314,4,Regular Customer
514943,82,1,14526,3,1,5,315,4,Regular Customer
515710,31,1,12744,4,1,4,414,0,Recent Customer
515716,23,1,694,5,1,1,511,0,Recent Customer
515719,43,1,4272,4,1,2,412,0,Regular Customer
515890,65,3,30678,3,2,5,325,4,Loyal Customer
515906,17,1,15600,5,1,5,515,0,Recent Customer
515962,59,2,13750,3,1,5,315,4,Regular Customer
515977,117,1,1536,1,1,1,111,1,At Risk Customer
516143,28,1,5520,5,1,3,513,0,Recent Customer
516157,31,1,4824,4,1,3,413,0,Recent Customer
516166,138,1,5398,1,1,3,113,1,At Risk Customer
516261,95,2,22996,2,1,5,215,1,High Value Customer
516355,20,1,7808,5,1,3,513,0,Recent Customer
516563,44,2,31652,4,1,5,415,0,High Value Customer
516648,116,1,3833,1,1,2,112,1,At Risk Customer
516732,24,3,9912,5,2,4,524,0,Loyal Customer
516778,32,1,4901,4,1,3,413,0,Recent Customer
516784,87,1,4208,2,1,2,212,4,Regular Customer
517019,58,1,3051,4,1,2,412,4,Regular Customer
517088,118,1,8943,1,1,4,114,1,At Risk Customer
517613,69,1,5073,3,1,3,313,4,Regular Customer
517690,114,1,9396,1,1,4,114,1,At Risk Customer
517720,108,1,16692,2,1,5,215,1,At Risk Customer
517951,134,1,9020,1,1,4,114,1,At Risk Customer
518294,89,1,1203,2,1,1,211,4,Regular Customer
518417,59,1,4063,3,1,2,312,4,Regular Customer
518461,58,1,3062,4,1,2,412,4,Regular Customer
518659,11,40,242579,5,2,5,525,0,VIP Customer
519103,55,1,4904,4,1,3,413,4,Regular Customer
519346,44,1,172,4,1,1,411,0,Regular Customer
519535,126,1,7232,1,1,3,113,1,At Risk Customer
519563,23,1,17792,5,1,5,515,0,Recent Customer
519586,22,1,597,5,1,1,511,0,Recent Customer
519736,61,1,9556,3,1,4,314,4,Regular Customer
519839,68,38,221126,3,2,5,325,4,VIP Customer
519885,52,6,61874,4,2,5,425,4,VIP Customer
519945,53,1,1421,4,1,1,411,4,Regular Customer
519955,36,1,10521,4,1,4,414,0,Recent Customer
520238,32,1,697,4,1,1,411,0,Recent Customer
520278,111,1,2388,2,1,2,212,1,At Risk Customer
520400,117,1,660,1,1,1,111,1,At Risk Customer
520459,43,1,5848,4,1,3,413,0,Regular Customer
520501,130,2,37000,1,1,5,115,1,High Value Customer
520510,6,1,4042,5,1,2,512,0,Recent Customer
521014,135,1,4754,1,1,3,113,1,At Risk Customer
521228,93,1,5148,2,1,3,213,1,Regular Customer
521261,86,1,6916,2,1,3,213,4,Regular Customer
521286,123,1,10896,1,1,4,114,1,At Risk Customer
521419,96,1,1452,2,1,1,211,1,Regular Customer
521451,16,1,3205,5,1,2,512,0,Recent Customer
521488,64,4,37280,3,2,5,325,4,VIP Customer
521494,65,1,14517,3,1,5,315,4,Regular Customer
521563,84,3,11780,3,2,4,324,4,Loyal Customer
521576,10,1,1876,5,1,1,511,0,Recent Customer
521580,81,1,5240,3,1,3,313,4,Regular Customer
521734,102,1,764,2,1,1,211,1,Regular Customer
521802,52,1,3599,4,1,2,412,4,Regular Customer
521833,127,1,6920,1,1,3,113,1,At Risk Customer
521841,63,1,18244,3,1,5,315,4,Regular Customer
522018,75,1,9456,3,1,4,314,4,Regular Customer
522192,35,1,4707,4,1,3,413,0,Recent Customer
522427,21,2,8502,5,1,4,514,0,Recent Customer
522428,64,1,258,3,1,1,311,4,Regular Customer
522568,29,3,5236,5,2,3,523,0,Loyal Customer
522644,52,2,8585,4,1,4,414,4,Regular Customer
522739,54,3,6278,4,2,3,423,4,Loyal Customer
523058,15,1,18744,5,1,5,515,0,High Value Customer
523281,123,1,6530,1,1,3,113,1,At Risk Customer
523381,98,1,3267,2,1,2,212,1,Regular Customer
523543,129,1,2799,1,1,2,112,1,At Risk Customer
523640,130,2,1182,1,1,1,111,1,At Risk Customer
523654,48,1,4350,4,1,2,412,4,Regular Customer
523663,9,2,9000,5,1,4,514,0,Recent Customer
523703,58,2,5838,4,1,3,413,4,Regular Customer
523878,106,1,9400,2,1,4,214,1,At Risk Customer
523988,11,1,7968,5,1,3,513,0,Recent Customer
524115,118,4,10901,1,2,4,124,1,Loyal Customer
524146,76,2,16543,3,1,5,315,4,Regular Customer
524680,41,1,5848,4,1,3,413,0,Regular Customer
524682,60,1,1372,3,1,1,311,4,Regular Customer
524905,33,1,3294,4,1,2,412,0,Recent Customer
524974,18,1,16016,5,1,5,515,0,Recent Customer
525008,10,1,15100,5,1,5,515,0,Recent Customer
525170,74,2,24535,3,1,5,315,4,High Value Customer
525173,123,1,3402,1,1,2,112,1,At Risk Customer
525183,110,1,2811,2,1,2,212,1,At Risk Customer
525397,60,2,8180,3,1,3,313,4,Regular Customer
525437,127,1,4200,1,1,2,112,1,At Risk Customer
525445,67,2,9670,3,1,4,314,4,Regular Customer
525529,93,1,3912,2,1,2,212,1,Regular Customer
525851,27,1,9027,5,1,4,514,0,Recent Customer
526081,59,1,3211,3,1,2,312,4,Regular Customer
526183,70,1,4221,3,1,2,312,4,Regular Customer
526452,124,1,698,1,1,1,111,1,At Risk Customer
526603,4,1,1981,5,1,1,511,0,Recent Customer
527033,84,1,4787,3,1,3,313,4,Regular Customer
527035,8,1,5044,5,1,3,513,0,Recent Customer
527144,61,1,3028,3,1,2,312,4,Regular Customer
527277,106,5,13275,2,2,4,224,1,Loyal Customer
527476,32,1,960,4,1,1,411,0,Recent Customer
527506,134,1,3812,1,1,2,112,1,At Risk Customer
527722,136,1,16992,1,1,5,115,1,At Risk Customer
527782,93,1,8430,2,1,4,214,1,Regular Customer
527789,87,1,1656,2,1,1,211,4,Regular Customer
527815,131,3,33950,1,2,5,125,1,Loyal Customer
527872,92,2,23886,2,1,5,215,4,High Value Customer
527903,36,1,4724,4,1,3,413,0,Recent Customer
528074,94,6,43575,2,2,5,225,1,VIP Customer
528082,38,1,2650,4,1,2,412,0,Regular Customer
528169,114,2,9415,1,1,4,114,1,At Risk Customer
528198,69,1,5139,3,1,3,313,4,Regular Customer
528211,115,1,150,1,1,1,111,1,At Risk Customer
528336,72,2,6363,3,1,3,313,4,Regular Customer
528531,57,4,33218,4,2,5,425,4,VIP Customer
528547,87,1,7710,2,1,3,213,4,Regular Customer
528934,91,1,3026,2,1,2,212,4,Regular Customer
529164,25,1,17600,5,1,5,515,0,Recent Customer
529248,65,1,6900,3,1,3,313,4,Regular Customer
529312,86,1,5799,2,1,3,213,4,Regular Customer
529371,19,1,2692,5,1,2,512,0,Recent Customer
529601,108,1,4224,2,1,2,212,1,At Risk Customer
529925,92,5,41879,2,2,5,225,4,VIP Customer
530033,105,5,49131,2,2,5,225,1,VIP Customer
530205,108,1,4818,2,1,3,213,1,At Risk Customer
530277,59,1,4718,3,1,3,313,4,Regular Customer
530559,6,286,1874625,5,2,5,525,2,VIP Customer
530617,114,1,4288,1,1,2,112,1,At Risk Customer
530726,124,1,828,1,1,1,111,1,At Risk Customer
530863,109,6,11318,2,2,4,224,1,Loyal Customer
530984,92,1,38,2,1,1,211,4,Regular Customer
530999,26,1,3642,5,1,2,512,0,Recent Customer
531000,133,4,35709,1,2,5,125,1,VIP Customer
531340,66,1,743,3,1,1,311,4,Regular Customer
531440,72,1,11202,3,1,4,314,4,Regular Customer
531569,50,1,11992,4,1,4,414,4,Regular Customer
531661,103,4,24244,2,2,5,225,1,VIP Customer
531706,74,1,1548,3,1,1,311,4,Regular Customer
531869,88,1,10179,2,1,4,214,4,Regular Customer
531957,79,1,507,3,1,1,311,4,Regular Customer
532126,117,1,10768,1,1,4,114,1,At Risk Customer
532242,52,1,2134,4,1,1,411,4,Regular Customer
532247,23,1,724,5,1,1,511,0,Recent Customer
532307,123,1,5448,1,1,3,113,1,At Risk Customer
532444,91,1,1062,2,1,1,211,4,Regular Customer
532514,136,1,1425,1,1,1,111,1,At Risk Customer
532571,52,1,8544,4,1,4,414,4,Regular Customer
532575,46,1,586,4,1,1,411,0,Regular Customer
532641,45,1,3468,4,1,2,412,0,Regular Customer
532853,29,1,2330,5,1,2,512,0,Recent Customer
532932,22,2,5810,5,1,3,513,0,Recent Customer
533142,119,1,1420,1,1,1,111,1,At Risk Customer
533153,56,1,5048,4,1,3,413,4,Regular Customer
533357,35,1,5432,4,1,3,413,0,Recent Customer
533484,45,1,8036,4,1,3,413,0,Regular Customer
533553,32,1,7738,4,1,3,413,0,Recent Customer
533824,35,1,1074,4,1,1,411,0,Recent Customer
533967,64,1,1400,3,1,1,311,4,Regular Customer
534021,9,1,1418,5,1,1,511,0,Recent Customer
534073,7,3,27246,5,2,5,525,0,Loyal Customer
534123,3,1,876,5,1,1,511,0,Recent Customer
534151,69,1,3760,3,1,2,312,4,Regular Customer
534217,99,1,8834,2,1,4,214,1,Regular Customer
534341,23,1,7779,5,1,3,513,0,Recent Customer
534689,36,1,8392,4,1,4,414,0,Recent Customer
534712,100,2,23620,2,1,5,215,1,High Value Customer
534814,49,1,6140,4,1,3,413,4,Regular Customer
534914,46,1,4338,4,1,2,412,0,Regular Customer
535009,37,1,1940,4,1,1,411,0,Recent Customer
535091,92,1,566,2,1,1,211,4,Regular Customer
535410,87,4,28962,2,2,5,225,4,VIP Customer
535433,94,1,635,2,1,1,211,1,Regular Customer
535446,31,1,11019,4,1,4,414,0,Recent Customer
535471,114,2,16889,1,1,5,115,1,At Risk Customer
535618,99,1,2442,2,1,2,212,1,Regular Customer
535623,95,1,18316,2,1,5,215,1,Regular Customer
535835,76,1,5476,3,1,3,313,4,Regular Customer
536244,53,1,2088,4,1,1,411,4,Regular Customer
536255,26,1,3508,5,1,2,512,0,Recent Customer
536257,91,1,2290,2,1,1,211,4,Regular Customer
536478,88,1,11403,2,1,4,214,4,Regular Customer
536661,133,1,8580,1,1,4,114,1,At Risk Customer
536757,108,1,5056,2,1,3,213,1,At Risk Customer
536804,73,16,86820,3,2,5,325,4,VIP Customer
536824,7,1,16380,5,1,5,515,0,Recent Customer
536938,133,1,12390,1,1,4,114,1,At Risk Customer
536952,135,1,2769,1,1,2,112,1,At Risk Customer
537127,81,1,987,3,1,1,311,4,Regular Customer
537189,113,1,6669,1,1,3,113,1,At Risk Customer
537309,18,1,1502,5,1,1,511,0,Recent Customer
537639,65,6,49326,3,2,5,325,4,VIP Customer
537692,114,2,6465,1,1,3,113,1,At Risk Customer
537742,15,1,7492,5,1,3,513,0,Recent Customer
537781,105,1,10216,2,1,4,214,1,At Risk Customer
537828,133,1,2856,1,1,2,112,1,At Risk Customer
538000,70,1,11184,3,1,4,314,4,Regular Customer
538189,72,1,6009,3,1,3,313,4,Regular Customer
538288,118,1,14556,1,1,5,115,1,At Risk Customer
538534,100,1,5540,2,1,3,213,1,Regular Customer
538822,7,1,6998,5,1,3,513,0,Recent Customer
539043,68,2,12720,3,1,4,314,4,Regular Customer
539225,52,1,6771,4,1,3,413,4,Regular Customer
539388,52,1,11940,4,1,4,414,4,Regular Customer
539612,27,1,2212,5,1,1,511,0,Recent Customer
539661,19,2,16276,5,1,5,515,0,Recent Customer
539833,41,1,4062,4,1,2,412,0,Regular Customer
539910,109,1,1613,2,1,1,211,1,At Risk Customer
540284,78,1,5320,3,1,3,313,4,Regular Customer
540350,32,1,9063,4,1,4,414,0,Recent Customer
540368,30,1,4615,5,1,2,512,0,Recent Customer
540387,62,1,2628,3,1,2,312,4,Regular Customer
540789,62,1,1685,3,1,1,311,4,Regular Customer
541012,95,1,508,2,1,1,211,1,Regular Customer
541173,123,1,7354,1,1,3,113,1,At Risk Customer
541296,125,1,7062,1,1,3,113,1,At Risk Customer
541315,32,1,1156,4,1,1,411,0,Recent Customer
541411,39,1,1396,4,1,1,411,0,Regular Customer
541474,22,2,7626,5,1,3,513,0,Recent Customer
541479,94,1,2179,2,1,1,211,1,Regular Customer
541552,54,1,4064,4,1,2,412,4,Regular Customer
541564,14,2,5512,5,1,3,513,0,Recent Customer
541685,38,1,7344,4,1,3,413,0,Regular Customer
541997,64,2,11550,3,1,4,314,4,Regular Customer
542030,26,1,11472,5,1,4,514,0,Recent Customer
542156,44,2,1265,4,1,1,411,0,Regular Customer
542159,9,1,102,5,1,1,511,0,Recent Customer
542183,107,1,19820,2,1,5,215,1,High Value Customer
542453,87,2,16541,2,1,5,215,4,Regular Customer
542485,18,1,4056,5,1,2,512,0,Recent Customer
542498,88,3,19529,2,2,5,225,4,Loyal Customer
542575,49,2,6278,4,1,3,413,4,Regular Customer
542646,5,2,34388,5,1,5,515,0,High Value Customer
542702,126,7,72969,1,2,5,125,1,VIP Customer
542731,86,1,13144,2,1,4,214,4,Regular Customer
542750,5,1,1904,5,1,1,511,0,Recent Customer
543122,27,1,18480,5,1,5,515,0,High Value Customer
543357,36,1,11976,4,1,4,414,0,Recent Customer
543365,17,1,3390,5,1,2,512,0,Recent Customer
543423,11,2,17752,5,1,5,515,0,Recent Customer
543532,60,1,2082,3,1,1,311,4,Regular Customer
543762,44,2,6821,4,1,3,413,0,Regular Customer
544129,135,1,7953,1,1,3,113,1,At Risk Customer
544205,115,1,12704,1,1,4,114,1,At Risk Customer
544660,29,1,984,5,1,1,511,0,Recent Customer
544724,126,1,3772,1,1,2,112,1,At Risk Customer
544774,59,1,2203,3,1,1,311,4,Regular Customer
544849,111,1,1671,2,1,1,211,1,At Risk Customer
545365,74,1,2389,3,1,2,312,4,Regular Customer
545539,128,1,9135,1,1,4,114,1,At Risk Customer
545808,97,2,22833,2,1,5,215,1,High Value Customer
545846,67,2,19506,3,1,5,315,4,High Value Customer
546022,97,1,1065,2,1,1,211,1,Regular Customer
546086,23,2,33688,5,1,5,515,0,High Value Customer
546210,73,1,10710,3,1,4,314,4,Regular Customer
546355,100,1,9410,2,1,4,214,1,Regular Customer
546406,91,1,1191,2,1,1,211,4,Regular Customer
546612,88,1,6790,2,1,3,213,4,Regular Customer
546717,28,1,4576,5,1,2,512,0,Recent Customer
546805,121,1,3172,1,1,2,112,1,At Risk Customer
546836,45,1,10647,4,1,4,414,0,Regular Customer
547006,130,1,1248,1,1,1,111,1,At Risk Customer
547365,74,1,10000,3,1,4,314,4,Regular Customer
547506,73,18,93561,3,2,5,325,4,VIP Customer
547624,49,1,7856,4,1,3,413,4,Regular Customer
547738,68,1,2432,3,1,2,312,4,Regular Customer
547834,92,1,1626,2,1,1,211,4,Regular Customer
547852,113,9,71526,1,2,5,125,1,VIP Customer
547933,106,1,12508,2,1,4,214,1,At Risk Customer
548132,115,2,4017,1,1,2,112,1,At Risk Customer
548219,126,2,26808,1,1,5,115,1,High Value Customer
548257,18,1,8520,5,1,4,514,0,Recent Customer
548479,118,1,2064,1,1,1,111,1,At Risk Customer
548514,15,1,2907,5,1,2,512,0,Recent Customer
548607,69,4,28434,3,2,5,325,4,VIP Customer
548718,22,1,301,5,1,1,511,0,Recent Customer
548730,77,1,11188,3,1,4,314,4,Regular Customer
548772,49,60,380368,4,2,5,425,3,VIP Customer
548824,59,1,5370,3,1,3,313,4,Regular Customer
548868,22,1,3100,5,1,2,512,0,Recent Customer
548918,127,5,14104,1,2,5,125,1,VIP Customer
548949,12,1,4856,5,1,3,513,0,Recent Customer
549012,8,1,2934,5,1,2,512,0,Recent Customer
549148,95,1,15420,2,1,5,215,1,Regular Customer
549188,126,1,17560,1,1,5,115,1,At Risk Customer
549321,22,1,3200,5,1,2,512,0,Recent Customer
549579,27,1,10224,5,1,4,514,0,Recent Customer
549672,95,1,1989,2,1,1,211,1,Regular Customer
549778,134,1,120,1,1,1,111,1,At Risk Customer
549798,27,1,11668,5,1,4,514,0,Recent Customer
549812,16,1,5964,5,1,3,513,0,Recent Customer
549863,135,1,15308,1,1,5,115,1,At Risk Customer
549919,49,2,13626,4,1,4,414,4,Regular Customer
549938,94,1,327,2,1,1,211,1,Regular Customer
550158,120,3,6525,1,2,3,123,1,Loyal Customer
550243,43,1,4701,4,1,3,413,0,Regular Customer
550259,46,3,13958,4,2,5,425,0,Loyal Customer
550337,22,1,7401,5,1,3,513,0,Recent Customer
550370,45,1,4788,4,1,3,413,0,Regular Customer
550414,80,1,2031,3,1,1,311,4,Regular Customer
550638,25,2,10968,5,1,4,514,0,Recent Customer
551053,53,1,17520,4,1,5,415,4,Regular Customer
551147,35,2,4432,4,1,2,412,0,Recent Customer
551250,114,1,11924,1,1,4,114,1,At Risk Customer
551322,100,1,14444,2,1,5,215,1,Regular Customer
551398,128,2,3025,1,1,2,112,1,At Risk Customer
551411,91,6,41071,2,2,5,225,4,VIP Customer
551469,116,1,6026,1,1,3,113,1,At Risk Customer
551536,53,1,16140,4,1,5,415,4,Regular Customer
551650,127,1,12568,1,1,4,114,1,At Risk Customer
551661,119,1,10413,1,1,4,114,1,At Risk Customer
551746,30,2,7828,5,1,3,513,0,Recent Customer
551849,102,1,2146,2,1,1,211,1,Regular Customer
551852,22,1,3157,5,1,2,512,0,Recent Customer
552045,74,1,11380,3,1,4,314,4,Regular Customer
552123,25,3,13630,5,2,5,525,0,Loyal Customer
552148,109,1,3214,2,1,2,212,1,At Risk Customer
552160,7,1,5790,5,1,3,513,0,Recent Customer
552165,106,1,772,2,1,1,211,1,At Risk Customer
552247,52,1,4063,4,1,2,412,4,Regular Customer
552261,89,1,7401,2,1,3,213,4,Regular Customer
552498,32,1,10372,4,1,4,414,0,Recent Customer
552564,124,1,11142,1,1,4,114,1,At Risk Customer
552571,77,1,13383,3,1,4,314,4,Regular Customer
553132,51,1,19540,4,1,5,415,4,High Value Customer
553179,92,2,4303,2,1,2,212,4,Regular Customer
553217,30,1,444,5,1,1,511,0,Recent Customer
553226,46,1,13725,4,1,5,415,0,Regular Customer
553252,64,1,7534,3,1,3,313,4,Regular Customer
553273,103,2,9584,2,1,4,214,1,Regular Customer
553333,12,1,1160,5,1,1,511,0,Recent Customer
553624,22,4,35361,5,2,5,525,0,VIP Customer
553710,45,1,2505,4,1,2,412,0,Regular Customer
553749,25,2,2775,5,1,2,512,0,Recent Customer
553772,19,1,2239,5,1,1,511,0,Recent Customer
553965,131,1,7256,1,1,3,113,1,At Risk Customer
553988,135,1,3060,1,1,2,112,1,At Risk Customer
554203,126,1,4248,1,1,2,112,1,At Risk Customer
554368,123,1,4434,1,1,2,112,1,At Risk Customer
554424,136,1,3062,1,1,2,112,1,At Risk Customer
554612,79,1,8409,3,1,4,314,4,Regular Customer
554737,13,2,9324,5,1,4,514,0,Recent Customer
554839,123,1,11622,1,1,4,114,1,At Risk Customer
554892,17,1,13500,5,1,4,514,0,Recent Customer
555021,93,2,27048,2,1,5,215,1,High Value Customer
555045,72,1,5784,3,1,3,313,4,Regular Customer
555047,126,1,17024,1,1,5,115,1,At Risk Customer
555094,109,1,8672,2,1,4,214,1,At Risk Customer
555215,100,1,5073,2,1,3,213,1,Regular Customer
555251,38,3,31125,4,2,5,425,0,Loyal Customer
555265,39,2,5240,4,1,3,413,0,Regular Customer
555329,42,1,94,4,1,1,411,0,Regular Customer
555511,17,2,7678,5,1,3,513,0,Recent Customer
555519,20,1,1736,5,1,1,511,0,Recent Customer
555544,95,2,16933,2,1,5,215,1,Regular Customer
555583,94,1,2229,2,1,1,211,1,Regular Customer
555718,4,1,10052,5,1,4,514,0,Recent Customer
555744,28,1,5528,5,1,3,513,0,Recent Customer
555773,132,1,5844,1,1,3,113,1,At Risk Customer
555876,24,1,17216,5,1,5,515,0,Recent Customer
555887,107,1,4882,2,1,3,213,1,At Risk Customer
555946,7,1,14079,5,1,5,515,0,Recent Customer
556054,79,1,291,3,1,1,311,4,Regular Customer
556101,58,1,2916,4,1,2,412,4,Regular Customer
556179,8,1,2499,5,1,2,512,0,Recent Customer
556360,5,1,5836,5,1,3,513,0,Recent Customer
556459,56,1,2383,4,1,2,412,4,Regular Customer
556610,22,1,3456,5,1,2,512,0,Recent Customer
556688,129,1,948,1,1,1,111,1,At Risk Customer
556819,137,2,22998,1,1,5,115,1,High Value Customer
556822,94,1,617,2,1,1,211,1,Regular Customer
556880,28,1,3444,5,1,2,512,0,Recent Customer
556967,107,1,14919,2,1,5,215,1,At Risk Customer
557182,26,1,10905,5,1,4,514,0,Recent Customer
557212,87,1,1924,2,1,1,211,4,Regular Customer
557470,99,2,19292,2,1,5,215,1,High Value Customer
557657,73,1,17600,3,1,5,315,4,Regular Customer
557693,137,2,13194,1,1,4,114,1,At Risk Customer
557700,93,8,56329,2,2,5,225,1,VIP Customer
557811,56,1,10125,4,1,4,414,4,Regular Customer
558000,84,1,1785,3,1,1,311,4,Regular Customer
558068,6,1,18928,5,1,5,515,0,High Value Customer
558238,132,1,3594,1,1,2,112,1,At Risk Customer
558258,59,1,7182,3,1,3,313,4,Regular Customer
558511,8,1,1644,5,1,1,511,0,Recent Customer
558691,74,1,475,3,1,1,311,4,Regular Customer
558878,127,1,1407,1,1,1,111,1,At Risk Customer
559278,114,2,1428,1,1,1,111,1,At Risk Customer
559564,129,1,14835,1,1,5,115,1,At Risk Customer
559692,56,1,3767,4,1,2,412,4,Regular Customer
559722,92,2,10133,2,1,4,214,4,Regular Customer
560304,28,2,15099,5,1,5,515,0,Recent Customer
560305,138,1,6836,1,1,3,113,1,At Risk Customer
560361,96,1,4834,2,1,3,213,1,Regular Customer
560375,4,1,5834,5,1,3,513,0,Recent Customer
560579,29,1,2908,5,1,2,512,0,Recent Customer
560753,32,2,9884,4,1,4,414,0,Recent Customer
560785,86,1,3888,2,1,2,212,4,Regular Customer
560891,16,1,2574,5,1,2,512,0,Recent Customer
560961,67,1,9478,3,1,4,314,4,Regular Customer
561220,118,1,9952,1,1,4,114,1,At Risk Customer
561236,85,1,4830,2,1,3,213,4,Regular Customer
561311,78,1,1376,3,1,1,311,4,Regular Customer
561388,48,1,4617,4,1,2,412,4,Regular Customer
561436,35,1,19268,4,1,5,415,0,High Value Customer
561441,94,1,14880,2,1,5,215,1,Regular Customer
561543,58,1,18016,4,1,5,415,4,Regular Customer
561581,17,1,7794,5,1,3,513,0,Recent Customer
561611,106,3,34952,2,2,5,225,1,Loyal Customer
561982,74,2,11196,3,1,4,314,4,Regular Customer
562008,120,5,27982,1,2,5,125,1,VIP Customer
562286,30,1,2467,5,1,2,512,0,Recent Customer
562364,83,2,3879,3,1,2,312,4,Regular Customer
562495,73,1,7840,3,1,3,313,4,Regular Customer
562527,66,1,7292,3,1,3,313,4,Regular Customer
562813,84,2,20480,3,1,5,315,4,High Value Customer
562938,126,1,2064,1,1,1,111,1,At Risk Customer
562956,69,1,4988,3,1,3,313,4,Regular Customer
563081,58,1,3654,4,1,2,412,4,Regular Customer
563104,45,1,5136,4,1,3,413,0,Regular Customer
563134,53,1,8126,4,1,3,413,4,Regular Customer
563313,29,1,471,5,1,1,511,0,Recent Customer
563422,116,2,3500,1,1,2,112,1,At Risk Customer
563448,87,1,2922,2,1,2,212,4,Regular Customer
563454,18,1,7236,5,1,3,513,0,Recent Customer
563495,22,1,1146,5,1,1,511,0,Recent Customer
563565,77,1,6560,3,1,3,313,4,Regular Customer
563592,74,1,486,3,1,1,311,4,Regular Customer
563665,55,1,1629,4,1,1,411,4,Regular Customer
563685,32,1,19692,4,1,5,415,0,High Value Customer
563799,138,1,604,1,1,1,111,1,At Risk Customer
563979,73,1,1110,3,1,1,311,4,Regular Customer
564070,53,1,4386,4,1,2,412,4,Regular Customer
564150,71,1,4534,3,1,2,312,4,Regular Customer
564199,118,2,4280,1,1,2,112,1,At Risk Customer
564398,99,1,2648,2,1,2,212,1,Regular Customer
564442,75,1,14799,3,1,5,315,4,Regular Customer
564572,63,1,4720,3,1,3,313,4,Regular Customer
564666,122,1,12399,1,1,4,114,1,At Risk Customer
564689,86,1,1673,2,1,1,211,4,Regular Customer
564775,85,1,13398,2,1,4,214,4,Regular Customer
564895,8,1,653,5,1,1,511,0,Recent Customer
564916,21,1,2618,5,1,2,512,0,Recent Customer
564986,94,1,8415,2,1,4,214,1,Regular Customer
564990,125,1,3387,1,1,2,112,1,At Risk Customer
565078,108,1,10440,2,1,4,214,1,At Risk Customer
565335,32,1,6324,4,1,3,413,0,Recent Customer
565386,118,1,2816,1,1,2,112,1,At Risk Customer
565492,13,10,75991,5,2,5,525,0,VIP Customer
565562,123,1,11296,1,1,4,114,1,At Risk Customer
565590,29,1,8596,5,1,4,514,0,Recent Customer
565617,8,1,9520,5,1,4,514,0,Recent Customer
565656,128,1,11352,1,1,4,114,1,At Risk Customer
565788,116,2,4770,1,1,3,113,1,At Risk Customer
565865,8,1,5478,5,1,3,513,0,Recent Customer
565892,16,1,2640,5,1,2,512,0,Recent Customer
565903,55,15,103328,4,2,5,425,4,VIP Customer
565943,72,1,18536,3,1,5,315,4,High Value Customer
565978,18,3,29677,5,2,5,525,0,Loyal Customer
566009,53,4,13410,4,2,4,424,4,Loyal Customer
566245,51,1,124,4,1,1,411,4,Regular Customer
566355,114,1,5319,1,1,3,113,1,At Risk Customer
566426,93,1,8420,2,1,4,214,1,Regular Customer
566474,97,1,19640,2,1,5,215,1,High Value Customer
566565,124,1,7930,1,1,3,113,1,At Risk Customer
566590,111,1,1606,2,1,1,211,1,At Risk Customer
566725,4,1,4272,5,1,2,512,0,Recent Customer
566850,108,1,16480,2,1,5,215,1,At Risk Customer
566902,94,1,4678,2,1,3,213,1,Regular Customer
566951,80,4,22253,3,2,5,325,4,VIP Customer
567071,18,1,4606,5,1,2,512,0,Recent Customer
567087,77,1,3030,3,1,2,312,4,Regular Customer
567183,46,1,10578,4,1,4,414,0,Regular Customer
567340,45,1,3031,4,1,2,412,0,Regular Customer
567388,72,3,6171,3,2,3,323,4,Loyal Customer
567487,30,1,10155,5,1,4,514,0,Recent Customer
567526,69,1,3486,3,1,2,312,4,Regular Customer
567535,35,1,1386,4,1,1,411,0,Recent Customer
567651,34,1,9396,4,1,4,414,0,Recent Customer
567838,73,1,5373,3,1,3,313,4,Regular Customer
568120,131,1,7296,1,1,3,113,1,At Risk Customer
568275,133,1,7149,1,1,3,113,1,At Risk Customer
568290,27,1,293,5,1,1,511,0,Recent Customer
568330,116,1,2702,1,1,2,112,1,At Risk Customer
568481,81,1,1956,3,1,1,311,4,Regular Customer
568495,101,1,9868,2,1,4,214,1,Regular Customer
568736,22,1,11169,5,1,4,514,0,Recent Customer
568894,25,1,9444,5,1,4,514,0,Recent Customer
569031,100,1,486,2,1,1,211,1,Regular Customer
569182,128,1,4059,1,1,2,112,1,At Risk Customer
569356,83,1,16624,3,1,5,315,4,Regular Customer
569401,79,1,3600,3,1,2,312,4,Regular Customer
569471,46,1,6710,4,1,3,413,0,Regular Customer
569504,91,1,6170,2,1,3,213,4,Regular Customer
569539,0,67,406704,5,2,5,525,3,VIP Customer
569740,17,1,4202,5,1,2,512,0,Recent Customer
569788,68,1,5772,3,1,3,313,4,Regular Customer
570023,71,1,3708,3,1,2,312,4,Regular Customer
570175,57,1,8238,4,1,3,413,4,Regular Customer
570360,109,1,2814,2,1,2,212,1,At Risk Customer
570529,31,3,40345,4,2,5,425,0,Loyal Customer
570583,58,1,2593,4,1,2,412,4,Regular Customer
570586,60,1,16052,3,1,5,315,4,Regular Customer
570716,102,1,6414,2,1,3,213,1,Regular Customer
570944,113,1,1836,1,1,1,111,1,At Risk Customer
571258,108,1,4864,2,1,3,213,1,At Risk Customer
571268,110,1,8980,2,1,4,214,1,At Risk Customer
571497,49,2,9818,4,1,4,414,4,Regular Customer
571645,93,2,5597,2,1,3,213,1,Regular Customer
571677,134,1,1992,1,1,1,111,1,At Risk Customer
571830,109,1,2686,2,1,2,212,1,At Risk Customer
572053,70,1,600,3,1,1,311,4,Regular Customer
572287,93,1,12336,2,1,4,214,1,Regular Customer
572480,74,1,8716,3,1,4,314,4,Regular Customer
572700,6,1,6468,5,1,3,513,0,Recent Customer
572806,31,2,30364,4,1,5,415,0,High Value Customer
573020,29,1,9702,5,1,4,514,0,Recent Customer
573213,66,1,2116,3,1,1,311,4,Regular Customer
573249,16,1,12741,5,1,4,514,0,Recent Customer
573267,100,1,8162,2,1,3,213,1,Regular Customer
573285,52,1,10251,4,1,4,414,4,Regular Customer
573311,95,1,2252,2,1,1,211,1,Regular Customer
573397,112,1,1220,1,1,1,111,1,At Risk Customer
573431,99,1,2832,2,1,2,212,1,Regular Customer
573466,129,4,32903,1,2,5,125,1,VIP Customer
573490,124,1,1955,1,1,1,111,1,At Risk Customer
573587,136,1,11010,1,1,4,114,1,At Risk Customer
573782,67,1,10668,3,1,4,314,4,Regular Customer
574213,81,2,20026,3,1,5,315,4,High Value Customer
574370,71,1,150,3,1,1,311,4,Regular Customer
574650,50,2,4712,4,1,3,413,4,Regular Customer
574661,137,1,5560,1,1,3,113,1,At Risk Customer
575045,110,1,2380,2,1,2,212,1,At Risk Customer
575208,121,1,534,1,1,1,111,1,At Risk Customer
575295,45,1,5768,4,1,3,413,0,Regular Customer
575493,85,1,4292,2,1,2,212,4,Regular Customer
575634,31,2,9654,4,1,4,414,0,Recent Customer
575731,75,1,1905,3,1,1,311,4,Regular Customer
575741,92,1,10788,2,1,4,214,4,Regular Customer
575773,102,2,24965,2,1,5,215,1,High Value Customer
576184,94,1,11043,2,1,4,214,1,Regular Customer
576252,19,1,2640,5,1,2,512,0,Recent Customer
576405,106,1,4739,2,1,3,213,1,At Risk Customer
576588,95,1,8332,2,1,4,214,1,Regular Customer
576696,98,1,9652,2,1,4,214,1,Regular Customer
576828,92,1,16744,2,1,5,215,4,Regular Customer
576880,127,1,9792,1,1,4,114,1,At Risk Customer
577054,46,1,285,4,1,1,411,0,Regular Customer
577103,67,1,20,3,1,1,311,4,Regular Customer
577261,106,1,7830,2,1,3,213,1,At Risk Customer
577262,99,8,26338,2,2,5,225,1,VIP Customer
577397,78,1,7784,3,1,3,313,4,Regular Customer
577764,125,1,1213,1,1,1,111,1,At Risk Customer
577903,59,2,7977,3,1,3,313,4,Regular Customer
577947,131,1,14034,1,1,5,115,1,At Risk Customer
578239,82,1,4880,3,1,3,313,4,Regular Customer
578528,42,3,8519,4,2,4,424,0,Loyal Customer
579018,128,1,1203,1,1,1,111,1,At Risk Customer
579049,116,1,4834,1,1,3,113,1,At Risk Customer
579349,44,1,2800,4,1,2,412,0,Regular Customer
579655,127,1,5193,1,1,3,113,1,At Risk Customer
579659,58,1,9674,4,1,4,414,4,Regular Customer
579742,74,1,450,3,1,1,311,4,Regular Customer
579956,119,1,2952,1,1,2,112,1,At Risk Customer
580000,30,3,19342,5,2,5,525,0,Loyal Customer
580135,87,1,9800,2,1,4,214,4,Regular Customer
580236,17,1,14348,5,1,5,515,0,Recent Customer
580297,61,2,28980,3,1,5,315,4,High Value Customer
580472,73,1,7107,3,1,3,313,4,Regular Customer
580494,123,1,168,1,1,1,111,1,At Risk Customer
580540,74,2,28748,3,1,5,315,4,High Value Customer
580562,60,1,4419,3,1,2,312,4,Regular Customer
580583,72,1,11316,3,1,4,314,4,Regular Customer
580612,107,1,258,2,1,1,211,1,At Risk Customer
580781,70,1,64,3,1,1,311,4,Regular Customer
580917,127,1,3240,1,1,2,112,1,At Risk Customer
581004,18,1,13608,5,1,4,514,0,Recent Customer
581056,94,1,13719,2,1,5,215,1,Regular Customer
581091,28,2,12534,5,1,4,514,0,Recent Customer
581152,73,9,69033,3,2,5,325,4,VIP Customer
581183,73,1,7677,3,1,3,313,4,Regular Customer
581300,128,1,819,1,1,1,111,1,At Risk Customer
581456,119,2,8012,1,1,3,113,1,At Risk Customer
581495,115,1,6108,1,1,3,113,1,At Risk Customer
581617,94,1,18204,2,1,5,215,1,Regular Customer
581889,128,1,546,1,1,1,111,1,At Risk Customer
581980,115,1,9921,1,1,4,114,1,At Risk Customer
582418,2,2,2393,5,1,2,512,0,Recent Customer
582423,79,1,8496,3,1,4,314,4,Regular Customer
582432,72,1,4836,3,1,3,313,4,Regular Customer
582453,74,1,2270,3,1,1,311,4,Regular Customer
582525,17,5,48456,5,2,5,525,0,VIP Customer
582632,127,1,2026,1,1,1,111,1,At Risk Customer
582638,20,1,1792,5,1,1,511,0,Recent Customer
582788,97,1,11736,2,1,4,214,1,Regular Customer
582933,60,18,84754,3,2,5,325,4,VIP Customer
583003,99,2,13113,2,1,4,214,1,Regular Customer
583089,73,1,10809,3,1,4,314,4,Regular Customer
583425,63,1,4834,3,1,3,313,4,Regular Customer
583525,86,2,11126,2,1,4,214,4,Regular Customer
583827,104,1,565,2,1,1,211,1,Regular Customer
583892,6,1,2732,5,1,2,512,0,Recent Customer
584015,5,1,15640,5,1,5,515,0,Recent Customer
584224,62,1,10280,3,1,4,314,4,Regular Customer
584257,24,1,7724,5,1,3,513,0,Recent Customer
584940,123,1,5433,1,1,3,113,1,At Risk Customer
585036,99,1,9444,2,1,4,214,1,Regular Customer
585358,88,1,3848,2,1,2,212,4,Regular Customer
585363,132,1,3534,1,1,2,112,1,At Risk Customer
585372,65,1,4497,3,1,2,312,4,Regular Customer
585580,73,1,1375,3,1,1,311,4,Regular Customer
585885,71,1,793,3,1,1,311,4,Regular Customer
586012,69,1,2115,3,1,1,311,4,Regular Customer
586187,120,1,12204,1,1,4,114,1,At Risk Customer
586427,26,4,39952,5,2,5,525,0,VIP Customer
586700,102,1,252,2,1,1,211,1,Regular Customer
586748,59,2,9324,3,1,4,314,4,Regular Customer
586756,138,1,12894,1,1,4,114,1,At Risk Customer
586891,15,1,4458,5,1,2,512,0,Recent Customer
587126,66,2,20127,3,1,5,315,4,High Value Customer
587651,123,1,14835,1,1,5,115,1,At Risk Customer
587663,96,1,17884,2,1,5,215,1,Regular Customer
587734,51,1,2724,4,1,2,412,4,Regular Customer
587802,93,3,36080,2,2,5,225,1,Loyal Customer
588087,101,1,4761,2,1,3,213,1,Regular Customer
588181,126,1,1789,1,1,1,111,1,At Risk Customer
588445,38,1,5718,4,1,3,413,0,Regular Customer
588483,77,1,1580,3,1,1,311,4,Regular Customer
588490,28,2,4804,5,1,3,513,0,Recent Customer
588612,23,1,1705,5,1,1,511,0,Recent Customer
588703,15,1,18296,5,1,5,515,0,Recent Customer
588708,38,3,4041,4,2,2,422,0,Loyal Customer
588753,68,1,171,3,1,1,311,4,Regular Customer
588949,93,1,3716,2,1,2,212,1,Regular Customer
589227,51,1,7344,4,1,3,413,4,Regular Customer
589376,66,1,10384,3,1,4,314,4,Regular Customer
589789,108,1,3904,2,1,2,212,1,At Risk Customer
590095,64,1,7092,3,1,3,313,4,Regular Customer
590225,93,1,11552,2,1,4,214,1,Regular Customer
590239,111,1,10206,2,1,4,214,1,At Risk Customer
590241,95,1,3417,2,1,2,212,1,Regular Customer
590308,21,1,11736,5,1,4,514,0,Recent Customer
590602,127,1,9712,1,1,4,114,1,At Risk Customer
590670,136,1,2324,1,1,2,112,1,At Risk Customer
590931,88,1,7660,2,1,3,213,4,Regular Customer
591006,72,1,11188,3,1,4,314,4,Regular Customer
591430,59,1,4437,3,1,2,312,4,Regular Customer
591631,88,1,4752,2,1,3,213,4,Regular Customer
591869,61,10,63462,3,2,5,325,4,VIP Customer
591906,102,2,7330,2,1,3,213,1,Regular Customer
592164,128,1,1597,1,1,1,111,1,At Risk Customer
592247,94,2,9485,2,1,4,214,1,Regular Customer
592317,26,1,4976,5,1,3,513,0,Recent Customer
592330,43,1,19828,4,1,5,415,0,High Value Customer
592348,108,1,6154,2,1,3,213,1,At Risk Customer
592385,32,1,9639,4,1,4,414,0,Recent Customer
592555,81,1,1234,3,1,1,311,4,Regular Customer
592787,104,8,23928,2,2,5,225,1,VIP Customer
592916,73,1,3745,3,1,2,312,4,Regular Customer
592953,102,1,12246,2,1,4,214,1,Regular Customer
592998,113,1,2705,1,1,2,112,1,At Risk Customer
593595,47,1,1668,4,1,1,411,4,Regular Customer
593775,127,1,2271,1,1,1,111,1,At Risk Customer
593905,120,6,41321,1,2,5,125,1,VIP Customer
593964,130,2,1069,1,1,1,111,1,At Risk Customer
594085,23,1,3346,5,1,2,512,0,Recent Customer
594242,74,1,5325,3,1,3,313,4,Regular Customer
594399,39,1,8472,4,1,4,414,0,Regular Customer
594511,40,1,3776,4,1,2,412,0,Regular Customer
594603,117,1,11924,1,1,4,114,1,At Risk Customer
594746,85,1,6764,2,1,3,213,4,Regular Customer
594852,67,1,10926,3,1,4,314,4,Regular Customer
594935,117,1,2253,1,1,1,111,1,At Risk Customer
595159,91,1,10983,2,1,4,214,4,Regular Customer
595321,108,1,14256,2,1,5,215,1,At Risk Customer
595388,14,1,10620,5,1,4,514,0,Recent Customer
595454,8,1,5100,5,1,3,513,0,Recent Customer
595595,96,1,3060,2,1,2,212,1,Regular Customer
595640,20,5,27660,5,2,5,525,0,VIP Customer
595826,37,2,4058,4,1,2,412,0,Recent Customer
595844,60,1,2937,3,1,2,312,4,Regular Customer
595900,94,1,1262,2,1,1,211,1,Regular Customer
595913,75,1,11313,3,1,4,314,4,Regular Customer
595957,22,1,10372,5,1,4,514,0,Recent Customer
596140,79,1,136,3,1,1,311,4,Regular Customer
596232,72,1,1192,3,1,1,311,4,Regular Customer
596234,107,1,2524,2,1,2,212,1,At Risk Customer
596542,70,1,12284,3,1,4,314,4,Regular Customer
596591,95,1,10080,2,1,4,214,1,Regular Customer
596611,133,1,4200,1,1,2,112,1,At Risk Customer
596627,3,1,2442,5,1,2,512,0,Recent Customer
596678,47,1,4188,4,1,2,412,4,Regular Customer
596737,104,1,2266,2,1,1,211,1,Regular Customer
596853,130,1,474,1,1,1,111,1,At Risk Customer
596876,99,1,11812,2,1,4,214,1,Regular Customer
597070,72,1,1128,3,1,1,311,4,Regular Customer
597161,133,1,13539,1,1,4,114,1,At Risk Customer
597366,55,1,498,4,1,1,411,4,Regular Customer
597416,86,2,1928,2,1,1,211,4,Regular Customer
597443,52,1,9850,4,1,4,414,4,Regular Customer
597521,5,1,11205,5,1,4,514,0,Recent Customer
597784,57,3,29580,4,2,5,425,4,Loyal Customer
597906,87,1,4125,2,1,2,212,4,Regular Customer
597930,106,1,2339,2,1,2,212,1,At Risk Customer
597988,127,1,3612,1,1,2,112,1,At Risk Customer
598009,25,1,1615,5,1,1,511,0,Recent Customer
598077,18,1,4318,5,1,2,512,0,Recent Customer
598107,136,1,3143,1,1,2,112,1,At Risk Customer
598282,22,1,3622,5,1,2,512,0,Recent Customer
598404,42,1,11619,4,1,4,414,0,Regular Customer
598451,57,1,2372,4,1,2,412,4,Regular Customer
598467,23,1,14655,5,1,5,515,0,Recent Customer
598472,136,1,741,1,1,1,111,1,At Risk Customer
598494,95,1,6018,2,1,3,213,1,Regular Customer
598497,79,1,11013,3,1,4,314,4,Regular Customer
598609,74,1,672,3,1,1,311,4,Regular Customer
598812,126,1,6246,1,1,3,113,1,At Risk Customer
598996,126,1,2790,1,1,2,112,1,At Risk Customer
599222,79,1,2924,3,1,2,312,4,Regular Customer
599453,32,1,3622,4,1,2,412,0,Recent Customer
599528,108,1,9261,2,1,4,214,1,At Risk Customer
599574,128,1,142,1,1,1,111,1,At Risk Customer
599599,77,1,16216,3,1,5,315,4,Regular Customer
599633,102,1,2598,2,1,2,212,1,Regular Customer
599832,117,2,5197,1,1,3,113,1,At Risk Customer
599864,124,1,126,1,1,1,111,1,At Risk Customer
599877,32,1,2414,4,1,2,412,0,Recent Customer
599943,17,1,877,5,1,1,511,0,Recent Customer
600025,37,1,13446,4,1,4,414,0,Recent Customer
600100,53,1,2480,4,1,2,412,4,Regular Customer
600337,45,1,16776,4,1,5,415,0,Regular Customer
600339,45,1,15428,4,1,5,415,0,Regular Customer
600485,60,1,12897,3,1,4,314,4,Regular Customer
600511,87,1,1343,2,1,1,211,4,Regular Customer
600589,137,3,22242,1,2,5,125,1,Loyal Customer
600721,51,1,2257,4,1,1,411,4,Regular Customer
600815,130,4,27194,1,2,5,125,1,VIP Customer
601615,109,1,2909,2,1,2,212,1,At Risk Customer
601768,74,9,37164,3,2,5,325,4,VIP Customer
602003,96,1,13311,2,1,4,214,1,Regular Customer
602027,19,1,784,5,1,1,511,0,Recent Customer
602171,50,1,11883,4,1,4,414,4,Regular Customer
602354,54,1,8724,4,1,4,414,4,Regular Customer
602451,52,1,375,4,1,1,411,4,Regular Customer
602510,57,1,9826,4,1,4,414,4,Regular Customer
602545,69,1,3332,3,1,2,312,4,Regular Customer
602688,84,1,12867,3,1,4,314,4,Regular Customer
602801,8,1,2094,5,1,1,511,0,Recent Customer
602822,5,1,3166,5,1,2,512,0,Recent Customer
602875,114,1,736,1,1,1,111,1,At Risk Customer
602886,42,2,8124,4,1,3,413,0,Regular Customer
603011,59,1,13508,3,1,4,314,4,Regular Customer
603228,53,1,3175,4,1,2,412,4,Regular Customer
603616,25,2,2404,5,1,2,512,0,Recent Customer
603635,9,1,5284,5,1,3,513,0,Recent Customer
603702,123,1,2869,1,1,2,112,1,At Risk Customer
603936,30,1,948,5,1,1,511,0,Recent Customer
603999,5,1,9868,5,1,4,514,0,Recent Customer
604058,93,1,16444,2,1,5,215,1,Regular Customer
604144,23,1,552,5,1,1,511,0,Recent Customer
604376,70,1,2818,3,1,2,312,4,Regular Customer
604403,135,1,7251,1,1,3,113,1,At Risk Customer
604740,90,2,9634,2,1,4,214,4,Regular Customer
604938,51,1,806,4,1,1,411,4,Regular Customer
605013,123,2,9603,1,1,4,114,1,At Risk Customer
605095,84,1,10860,3,1,4,314,4,Regular Customer
605245,32,1,6564,4,1,3,413,0,Recent Customer
605517,49,1,10104,4,1,4,414,4,Regular Customer
605832,88,1,618,2,1,1,211,4,Regular Customer
606060,65,1,16156,3,1,5,315,4,Regular Customer
606091,26,1,14024,5,1,5,515,0,Recent Customer
606184,125,1,2758,1,1,2,112,1,At Risk Customer
606226,25,2,6182,5,1,3,513,0,Recent Customer
606338,39,1,4584,4,1,2,412,0,Regular Customer
606605,64,1,9152,3,1,4,314,4,Regular Customer
606755,23,1,4529,5,1,2,512,0,Recent Customer
607090,120,1,10026,1,1,4,114,1,At Risk Customer
607106,101,1,5068,2,1,3,213,1,Regular Customer
607285,6,1,3950,5,1,2,512,0,Recent Customer
607434,125,1,10689,1,1,4,114,1,At Risk Customer
607518,51,1,10116,4,1,4,414,4,Regular Customer
607534,127,1,2660,1,1,2,112,1,At Risk Customer
607916,50,1,13995,4,1,5,415,4,Regular Customer
608098,22,1,662,5,1,1,511,0,Recent Customer
608218,9,1,8139,5,1,3,513,0,Recent Customer
608240,47,1,15428,4,1,5,415,4,Regular Customer
608513,35,1,2766,4,1,2,412,0,Recent Customer
608567,56,1,2593,4,1,2,412,4,Regular Customer
608628,109,2,4193,2,1,2,212,1,At Risk Customer
608773,125,1,2282,1,1,1,111,1,At Risk Customer
608808,9,2,7563,5,1,3,513,0,Recent Customer
608844,100,4,13145,2,2,4,224,1,Loyal Customer
608855,30,1,1598,5,1,1,511,0,Recent Customer
609009,8,2,5721,5,1,3,513,0,Recent Customer
609294,44,1,912,4,1,1,411,0,Regular Customer
609642,135,1,3207,1,1,2,112,1,At Risk Customer
609895,26,2,9850,5,1,4,514,0,Recent Customer
609963,63,2,17274,3,1,5,315,4,Regular Customer
610105,87,1,186,2,1,1,211,4,Regular Customer
610115,81,1,855,3,1,1,311,4,Regular Customer
610182,85,1,5781,2,1,3,213,4,Regular Customer
610403,105,1,10971,2,1,4,214,1,At Risk Customer
610418,130,1,18256,1,1,5,115,1,At Risk Customer
610683,62,1,368,3,1,1,311,4,Regular Customer
610819,44,1,601,4,1,1,411,0,Regular Customer
610841,15,4,33964,5,2,5,525,0,VIP Customer
610859,80,1,2811,3,1,2,312,4,Regular Customer
611155,64,1,3352,3,1,2,312,4,Regular Customer
611362,130,1,9848,1,1,4,114,1,At Risk Customer
611369,73,1,4000,3,1,2,312,4,Regular Customer
611484,35,1,5295,4,1,3,413,0,Recent Customer
611548,108,1,248,2,1,1,211,1,At Risk Customer
611754,138,1,5073,1,1,3,113,1,At Risk Customer
611804,88,3,23863,2,2,5,225,4,Loyal Customer
611993,16,2,5593,5,1,3,513,0,Recent Customer
612386,111,1,825,2,1,1,211,1,At Risk Customer
612711,59,1,3231,3,1,2,312,4,Regular Customer
612918,2,1,9002,5,1,4,514,0,Recent Customer
613066,22,2,15518,5,1,5,515,0,Recent Customer
613384,54,3,5567,4,2,3,423,4,Loyal Customer
613507,26,1,3861,5,1,2,512,0,Recent Customer
613539,135,1,178,1,1,1,111,1,At Risk Customer
613579,23,1,7460,5,1,3,513,0,Recent Customer
613618,32,1,8343,4,1,4,414,0,Recent Customer
613701,86,1,2308,2,1,2,212,4,Regular Customer
613825,23,2,14025,5,1,5,515,0,Recent Customer
614077,14,2,3597,5,1,2,512,0,Recent Customer
614685,49,1,2271,4,1,1,411,4,Regular Customer
614785,94,1,10125,2,1,4,214,1,Regular Customer
614943,42,1,9750,4,1,4,414,0,Regular Customer
614999,138,1,19460,1,1,5,115,1,High Value Customer
615132,41,11,83096,4,2,5,425,0,VIP Customer
615250,81,1,2816,3,1,2,312,4,Regular Customer
615473,118,1,5962,1,1,3,113,1,At Risk Customer
615486,94,2,24615,2,1,5,215,1,High Value Customer
615631,115,1,4976,1,1,3,113,1,At Risk Customer
615910,59,1,18220,3,1,5,315,4,Regular Customer
615913,85,1,10167,2,1,4,214,4,Regular Customer
615931,92,1,424,2,1,1,211,4,Regular Customer
616066,42,2,12495,4,1,4,414,0,Regular Customer
616081,52,2,9431,4,1,4,414,4,Regular Customer
616466,125,1,2732,1,1,2,112,1,At Risk Customer
616521,36,1,8931,4,1,4,414,0,Recent Customer
616565,72,2,3122,3,1,2,312,4,Regular Customer
616794,58,1,4492,4,1,2,412,4,Regular Customer
616796,100,1,3912,2,1,2,212,1,Regular Customer
617101,113,3,23612,1,2,5,125,1,Loyal Customer
617191,113,1,3592,1,1,2,112,1,At Risk Customer
617584,22,1,7742,5,1,3,513,0,Recent Customer
617591,60,1,2811,3,1,2,312,4,Regular Customer
617700,11,3,17192,5,2,5,525,0,Loyal Customer
617793,92,3,14312,2,2,5,225,4,Loyal Customer
617872,21,1,8280,5,1,3,513,0,Recent Customer
617963,8,1,10926,5,1,4,514,0,Recent Customer
618031,4,1,8974,5,1,4,514,0,Recent Customer
618195,10,1,17880,5,1,5,515,0,Recent Customer
618259,116,1,9082,1,1,4,114,1,At Risk Customer
618368,91,1,7794,2,1,3,213,4,Regular Customer
618705,128,3,23508,1,2,5,125,1,Loyal Customer
618840,134,2,10877,1,1,4,114,1,At Risk Customer
619012,136,2,17868,1,1,5,115,1,At Risk Customer
619227,116,1,748,1,1,1,111,1,At Risk Customer
619488,8,2,16572,5,1,5,515,0,Recent Customer
619657,95,1,3958,2,1,2,212,1,Regular Customer
619835,86,5,27343,2,2,5,225,4,VIP Customer
619893,138,1,14046,1,1,5,115,1,At Risk Customer
620240,4,2,18212,5,1,5,515,0,Recent Customer
620292,76,2,5773,3,1,3,313,4,Regular Customer
620297,13,2,18439,5,1,5,515,0,High Value Customer
620451,52,1,2984,4,1,2,412,4,Regular Customer
620989,82,1,1676,3,1,1,311,4,Regular Customer
620993,122,1,1364,1,1,1,111,1,At Risk Customer
621030,31,1,13014,4,1,4,414,0,Recent Customer
621195,94,1,12393,2,1,4,214,1,Regular Customer
621254,4,1,11684,5,1,4,514,0,Recent Customer
621312,35,1,5892,4,1,3,413,0,Recent Customer
621384,18,1,6728,5,1,3,513,0,Recent Customer
621474,103,6,26386,2,2,5,225,1,VIP Customer
621588,106,1,3464,2,1,2,212,1,At Risk Customer
621720,45,2,4913,4,1,3,413,0,Regular Customer
621942,84,1,8964,3,1,4,314,4,Regular Customer
622025,61,1,1440,3,1,1,311,4,Regular Customer
622097,19,2,9408,5,1,4,514,0,Recent Customer
622240,76,1,11721,3,1,4,314,4,Regular Customer
622280,53,1,384,4,1,1,411,4,Regular Customer
622534,45,1,11046,4,1,4,414,0,Regular Customer
622704,15,1,11106,5,1,4,514,0,Recent Customer
622717,84,1,6200,3,1,3,313,4,Regular Customer
623233,21,1,4389,5,1,2,512,0,Recent Customer
623466,52,1,3410,4,1,2,412,4,Regular Customer
623540,98,1,9306,2,1,4,214,1,Regular Customer
623548,110,1,237,2,1,1,211,1,At Risk Customer
623685,23,1,2922,5,1,2,512,0,Recent Customer
623908,83,1,4454,3,1,2,312,4,Regular Customer
624006,43,1,12968,4,1,4,414,0,Regular Customer
624072,98,1,1780,2,1,1,211,1,Regular Customer
624095,27,1,1075,5,1,1,511,0,Recent Customer
624124,25,1,1248,5,1,1,511,0,Recent Customer
624259,50,1,2307,4,1,2,412,4,Regular Customer
624782,53,2,20000,4,1,5,415,4,High Value Customer
624786,53,2,21006,4,1,5,415,4,High Value Customer
624926,13,1,3603,5,1,2,512,0,Recent Customer
625091,43,1,2602,4,1,2,412,0,Regular Customer
625275,15,1,7071,5,1,3,513,0,Recent Customer
625383,137,1,6038,1,1,3,113,1,At Risk Customer
625399,22,2,5633,5,1,3,513,0,Recent Customer
625653,127,3,13937,1,2,5,125,1,Loyal Customer
625795,106,4,26410,2,2,5,225,1,VIP Customer
625872,123,1,19900,1,1,5,115,1,High Value Customer
626013,112,1,982,1,1,1,111,1,At Risk Customer
626212,127,1,7347,1,1,3,113,1,At Risk Customer
626237,85,4,25661,2,2,5,225,4,VIP Customer
626261,71,1,9852,3,1,4,314,4,Regular Customer
626320,112,1,979,1,1,1,111,1,At Risk Customer
626440,73,1,2175,3,1,1,311,4,Regular Customer
626492,16,1,2322,5,1,2,512,0,Recent Customer
626807,129,2,5712,1,1,3,113,1,At Risk Customer
626837,78,1,2179,3,1,1,311,4,Regular Customer
626881,127,1,18652,1,1,5,115,1,High Value Customer
626903,31,1,10215,4,1,4,414,0,Recent Customer
627121,116,1,5452,1,1,3,113,1,At Risk Customer
627293,13,1,3732,5,1,2,512,0,Recent Customer
627323,59,1,6014,3,1,3,313,4,Regular Customer
627358,79,1,1508,3,1,1,311,4,Regular Customer
627760,33,1,7714,4,1,3,413,0,Recent Customer
627868,17,2,6308,5,1,3,513,0,Recent Customer
627932,52,2,12078,4,1,4,414,4,Regular Customer
628240,56,2,16227,4,1,5,415,4,Regular Customer
628257,23,1,7488,5,1,3,513,0,Recent Customer
628305,120,1,4576,1,1,2,112,1,At Risk Customer
628309,53,1,2826,4,1,2,412,4,Regular Customer
628362,94,1,4090,2,1,2,212,1,Regular Customer
628536,99,1,2910,2,1,2,212,1,Regular Customer
628648,33,1,8456,4,1,4,414,0,Recent Customer
628764,51,1,6744,4,1,3,413,4,Regular Customer
628771,71,1,12195,3,1,4,314,4,Regular Customer
628803,125,1,8760,1,1,4,114,1,At Risk Customer
628857,95,1,2467,2,1,2,212,1,Regular Customer
629346,52,3,18968,4,2,5,425,4,Loyal Customer
629386,128,2,8459,1,1,4,114,1,At Risk Customer
629422,110,1,13587,2,1,4,214,1,At Risk Customer
629436,103,1,4552,2,1,2,212,1,Regular Customer
629576,46,1,15428,4,1,5,415,0,Regular Customer
629925,85,1,847,2,1,1,211,4,Regular Customer
629938,9,1,4696,5,1,3,513,0,Recent Customer
630039,76,1,1500,3,1,1,311,4,Regular Customer
630073,113,1,3448,1,1,2,112,1,At Risk Customer
630195,56,2,23195,4,1,5,415,4,High Value Customer
630224,30,1,8128,5,1,3,513,0,Recent Customer
630627,46,1,11883,4,1,4,414,0,Regular Customer
630705,130,1,10860,1,1,4,114,1,At Risk Customer
630746,5,1,8250,5,1,3,513,0,Recent Customer
630803,102,1,3006,2,1,2,212,1,Regular Customer
630841,18,1,5934,5,1,3,513,0,Recent Customer
630993,122,1,10986,1,1,4,114,1,At Risk Customer
631078,35,1,1064,4,1,1,411,0,Recent Customer
631140,52,1,9477,4,1,4,414,4,Regular Customer
631154,22,1,1596,5,1,1,511,0,Recent Customer
631228,10,1,9975,5,1,4,514,0,Recent Customer
631251,6,1,2352,5,1,2,512,0,Recent Customer
631296,126,1,6116,1,1,3,113,1,At Risk Customer
631750,4,1,3892,5,1,2,512,0,Recent Customer
631757,48,1,19440,4,1,5,415,4,High Value Customer
631946,51,1,14644,4,1,5,415,4,Regular Customer
632138,40,1,3552,4,1,2,412,0,Regular Customer
632358,85,1,9327,2,1,4,214,4,Regular Customer
632504,135,1,12528,1,1,4,114,1,At Risk Customer
632538,38,1,520,4,1,1,411,0,Regular Customer
632574,94,1,4358,2,1,2,212,1,Regular Customer
632714,4,1,1168,5,1,1,511,0,Recent Customer
632773,5,1,965,5,1,1,511,0,Recent Customer
632951,71,1,1604,3,1,1,311,4,Regular Customer
633063,105,2,30568,2,1,5,215,1,High Value Customer
633161,118,3,21678,1,2,5,125,1,Loyal Customer
633177,125,1,9070,1,1,4,114,1,At Risk Customer
633212,94,1,6810,2,1,3,213,1,Regular Customer
633626,7,1,7704,5,1,3,513,0,Recent Customer
633658,53,1,14793,4,1,5,415,4,Regular Customer
633718,61,1,5952,3,1,3,313,4,Regular Customer
633919,9,1,7524,5,1,3,513,0,Recent Customer
634017,34,1,8852,4,1,4,414,0,Recent Customer
634120,108,1,618,2,1,1,211,1,At Risk Customer
634183,44,1,6364,4,1,3,413,0,Regular Customer
634281,54,1,4548,4,1,2,412,4,Regular Customer
634300,100,1,2023,2,1,1,211,1,Regular Customer
634352,76,1,868,3,1,1,311,4,Regular Customer
634506,128,1,734,1,1,1,111,1,At Risk Customer
634736,60,1,14404,3,1,5,315,4,Regular Customer
634766,83,2,4584,3,1,2,312,4,Regular Customer
634842,9,1,7604,5,1,3,513,0,Recent Customer
634973,51,1,8724,4,1,4,414,4,Regular Customer
635052,18,1,1074,5,1,1,511,0,Recent Customer
635351,58,2,16975,4,1,5,415,4,Regular Customer
635357,124,2,29022,1,1,5,115,1,High Value Customer
635436,7,1,6624,5,1,3,513,0,Recent Customer
635630,73,1,9784,3,1,4,314,4,Regular Customer
635650,102,1,1428,2,1,1,211,1,Regular Customer
635667,35,1,11156,4,1,4,414,0,Recent Customer
635760,56,1,3431,4,1,2,412,4,Regular Customer
635778,80,1,3520,3,1,2,312,4,Regular Customer
635862,85,2,20632,2,1,5,215,4,High Value Customer
635963,95,1,9476,2,1,4,214,1,Regular Customer
635987,94,2,13093,2,1,4,214,1,Regular Customer
636149,64,1,11512,3,1,4,314,4,Regular Customer
636313,128,2,8987,1,1,4,114,1,At Risk Customer
636520,138,1,7512,1,1,3,113,1,At Risk Customer
636529,128,1,13224,1,1,4,114,1,At Risk Customer
636539,116,1,7368,1,1,3,113,1,At Risk Customer
636569,137,1,5364,1,1,3,113,1,At Risk Customer
636710,110,2,8198,2,1,3,213,1,At Risk Customer
636918,78,1,6882,3,1,3,313,4,Regular Customer
637017,134,6,40303,1,2,5,125,1,VIP Customer
637193,51,1,4896,4,1,3,413,4,Regular Customer
637274,125,1,3079,1,1,2,112,1,At Risk Customer
637285,117,2,7834,1,1,3,113,1,At Risk Customer
637412,36,1,1004,4,1,1,411,0,Recent Customer
637672,136,1,472,1,1,1,111,1,At Risk Customer
638272,19,1,2160,5,1,1,511,0,Recent Customer
638328,22,1,12459,5,1,4,514,0,Recent Customer
638441,68,1,3036,3,1,2,312,4,Regular Customer
638506,88,1,3142,2,1,2,212,4,Regular Customer
638573,35,1,1170,4,1,1,411,0,Recent Customer
638627,19,1,8150,5,1,3,513,0,Recent Customer
638723,127,1,4113,1,1,2,112,1,At Risk Customer
638736,79,1,6980,3,1,3,313,4,Regular Customer
639061,92,1,771,2,1,1,211,4,Regular Customer
639216,115,1,5508,1,1,3,113,1,At Risk Customer
639300,30,1,510,5,1,1,511,0,Recent Customer
639377,57,1,1863,4,1,1,411,4,Regular Customer
639450,59,2,7376,3,1,3,313,4,Regular Customer
639529,102,1,5406,2,1,3,213,1,Regular Customer
639616,5,1,2874,5,1,2,512,0,Recent Customer
639724,8,1,8858,5,1,4,514,0,Recent Customer
639775,4,1,6740,5,1,3,513,0,Recent Customer
639780,102,1,1722,2,1,1,211,1,Regular Customer
639826,77,1,4694,3,1,3,313,4,Regular Customer
639828,12,1,12765,5,1,4,514,0,Recent Customer
639948,128,1,9656,1,1,4,114,1,At Risk Customer
639964,109,1,1188,2,1,1,211,1,At Risk Customer
640476,11,1,9795,5,1,4,514,0,Recent Customer
640754,33,1,6576,4,1,3,413,0,Recent Customer
640892,88,2,4430,2,1,2,212,4,Regular Customer
640902,135,1,3576,1,1,2,112,1,At Risk Customer
641020,77,1,8464,3,1,4,314,4,Regular Customer
641068,58,1,3642,4,1,2,412,4,Regular Customer
641077,16,1,2688,5,1,2,512,0,Recent Customer
641366,111,1,8487,2,1,4,214,1,At Risk Customer
641557,45,1,4896,4,1,3,413,0,Regular Customer
641689,36,1,1570,4,1,1,411,0,Recent Customer
641790,52,1,1776,4,1,1,411,4,Regular Customer
641815,90,1,2176,2,1,1,211,4,Regular Customer
641943,38,1,8184,4,1,3,413,0,Regular Customer
642091,31,2,5446,4,1,3,413,0,Recent Customer
642124,3,1,354,5,1,1,511,0,Recent Customer
642130,9,4,19096,5,2,5,525,0,VIP Customer
642233,9,1,4840,5,1,3,513,0,Recent Customer
642492,70,1,4861,3,1,3,313,4,Regular Customer
642505,39,1,1851,4,1,1,411,0,Regular Customer
642546,49,2,3308,4,1,2,412,4,Regular Customer
642818,73,1,13924,3,1,5,315,4,Regular Customer
643004,76,1,10440,3,1,4,314,4,Regular Customer
643085,110,1,5751,2,1,3,213,1,At Risk Customer
643195,49,1,13536,4,1,4,414,4,Regular Customer
643208,123,2,18206,1,1,5,115,1,At Risk Customer
643307,23,1,4749,5,1,3,513,0,Recent Customer
643357,78,1,3892,3,1,2,312,4,Regular Customer
643525,130,1,13098,1,1,4,114,1,At Risk Customer
643535,48,1,870,4,1,1,411,4,Regular Customer
643691,12,1,8368,5,1,4,514,0,Recent Customer
643768,14,8,67994,5,2,5,525,0,VIP Customer
643771,78,1,2260,3,1,1,311,4,Regular Customer
643881,73,1,5428,3,1,3,313,4,Regular Customer
644031,98,1,11955,2,1,4,214,1,Regular Customer
644227,4,1,14997,5,1,5,515,0,Recent Customer
644346,110,1,822,2,1,1,211,1,At Risk Customer
644422,111,4,20935,2,2,5,225,1,VIP Customer
644522,113,1,3538,1,1,2,112,1,At Risk Customer
644845,56,2,15674,4,1,5,415,4,Regular Customer
644887,17,1,544,5,1,1,511,0,Recent Customer
645326,109,1,618,2,1,1,211,1,At Risk Customer
645352,114,2,5303,1,1,3,113,1,At Risk Customer
645414,96,1,1100,2,1,1,211,1,Regular Customer
645507,78,1,8728,3,1,4,314,4,Regular Customer
645511,9,1,907,5,1,1,511,0,Recent Customer
645525,11,107,686653,5,2,5,525,3,VIP Customer
645600,8,1,1270,5,1,1,511,0,Recent Customer
645935,122,2,4207,1,1,2,112,1,At Risk Customer
645995,113,2,13831,1,1,5,115,1,At Risk Customer
646011,119,2,11425,1,1,4,114,1,At Risk Customer
646035,80,1,4723,3,1,3,313,4,Regular Customer
646154,33,1,1670,4,1,1,411,0,Recent Customer
646169,137,1,5232,1,1,3,113,1,At Risk Customer
646172,75,1,8604,3,1,4,314,4,Regular Customer
646373,52,1,945,4,1,1,411,4,Regular Customer
646402,42,1,9105,4,1,4,414,0,Regular Customer
646421,106,3,21283,2,2,5,225,1,Loyal Customer
646468,70,1,4110,3,1,2,312,4,Regular Customer
646494,31,1,10038,4,1,4,414,0,Recent Customer
646913,10,1,7196,5,1,3,513,0,Recent Customer
647011,82,1,15860,3,1,5,315,4,Regular Customer
647026,137,2,7110,1,1,3,113,1,At Risk Customer
647087,18,1,9280,5,1,4,514,0,Recent Customer
647183,85,1,9316,2,1,4,214,4,Regular Customer
647289,85,1,9195,2,1,4,214,4,Regular Customer
647294,50,1,6222,4,1,3,413,4,Regular Customer
647304,95,1,11440,2,1,4,214,1,Regular Customer
647330,133,1,4807,1,1,3,113,1,At Risk Customer
647350,112,1,4000,1,1,2,112,1,At Risk Customer
647428,113,1,4394,1,1,2,112,1,At Risk Customer
647863,119,1,13062,1,1,4,114,1,At Risk Customer
647891,27,1,16184,5,1,5,515,0,Recent Customer
647934,23,1,2757,5,1,2,512,0,Recent Customer
647987,42,1,7036,4,1,3,413,0,Regular Customer
648048,64,2,27720,3,1,5,315,4,High Value Customer
648175,60,1,16428,3,1,5,315,4,Regular Customer
648463,136,1,19524,1,1,5,115,1,High Value Customer
648464,55,1,5106,4,1,3,413,4,Regular Customer
648603,78,1,4932,3,1,3,313,4,Regular Customer
649003,31,3,24522,4,2,5,425,0,Loyal Customer
649196,122,1,12520,1,1,4,114,1,At Risk Customer
649387,137,2,7281,1,1,3,113,1,At Risk Customer
649448,62,1,542,3,1,1,311,4,Regular Customer
649460,106,1,2593,2,1,2,212,1,At Risk Customer
649499,116,1,800,1,1,1,111,1,At Risk Customer
649511,135,1,5128,1,1,3,113,1,At Risk Customer
649946,114,1,2972,1,1,2,112,1,At Risk Customer
650028,70,1,3626,3,1,2,312,4,Regular Customer
650076,72,1,8808,3,1,4,314,4,Regular Customer
650108,100,5,42679,2,2,5,225,1,VIP Customer
650526,9,1,1492,5,1,1,511,0,Recent Customer
650547,135,1,6882,1,1,3,113,1,At Risk Customer
650670,37,1,1498,4,1,1,411,0,Recent Customer
650738,32,1,7404,4,1,3,413,0,Recent Customer
650747,122,1,309,1,1,1,111,1,At Risk Customer
650815,50,1,3232,4,1,2,412,4,Regular Customer
650824,17,1,3345,5,1,2,512,0,Recent Customer
651173,106,1,5496,2,1,3,213,1,At Risk Customer
651283,123,1,2367,1,1,2,112,1,At Risk Customer
651334,114,1,11997,1,1,4,114,1,At Risk Customer
651390,9,1,3997,5,1,2,512,0,Recent Customer
651553,36,1,11037,4,1,4,414,0,Recent Customer
651630,126,1,9778,1,1,4,114,1,At Risk Customer
651655,50,3,12160,4,2,4,424,4,Loyal Customer
651768,17,1,9510,5,1,4,514,0,Recent Customer
651990,126,1,9348,1,1,4,114,1,At Risk Customer
652361,50,1,1015,4,1,1,411,4,Regular Customer
652423,116,1,8562,1,1,4,114,1,At Risk Customer
652566,108,1,9555,2,1,4,214,1,At Risk Customer
652700,38,1,2214,4,1,1,411,0,Regular Customer
652941,73,1,3916,3,1,2,312,4,Regular Customer
652968,94,1,3614,2,1,2,212,1,Regular Customer
653012,97,1,8562,2,1,4,214,1,Regular Customer
653076,39,1,3552,4,1,2,412,0,Regular Customer
653210,133,1,11946,1,1,4,114,1,At Risk Customer
653759,96,1,4639,2,1,2,212,1,Regular Customer
653891,85,1,1272,2,1,1,211,4,Regular Customer
653971,50,1,7378,4,1,3,413,4,Regular Customer
654002,27,1,1173,5,1,1,511,0,Recent Customer
654148,107,1,3591,2,1,2,212,1,At Risk Customer
654292,101,1,9048,2,1,4,214,1,Regular Customer
654340,7,1,8900,5,1,4,514,0,Recent Customer
654496,38,2,2712,4,1,2,412,0,Regular Customer
654573,130,1,1971,1,1,1,111,1,At Risk Customer
654608,15,1,9808,5,1,4,514,0,Recent Customer
654715,71,1,10108,3,1,4,314,4,Regular Customer
654718,20,1,19752,5,1,5,515,0,High Value Customer
654838,122,1,3763,1,1,2,112,1,At Risk Customer
654878,7,1,7814,5,1,3,513,0,Recent Customer
655092,120,3,19022,1,2,5,125,1,Loyal Customer
655325,123,1,1521,1,1,1,111,1,At Risk Customer
655336,53,1,2467,4,1,2,412,4,Regular Customer
655539,54,1,60,4,1,1,411,4,Regular Customer
655713,2,2,3286,5,1,2,512,0,Recent Customer
655854,98,1,10818,2,1,4,214,1,Regular Customer
655937,71,1,1891,3,1,1,311,4,Regular Customer
655964,119,1,4852,1,1,3,113,1,At Risk Customer
655995,71,1,2052,3,1,1,311,4,Regular Customer
656029,66,1,9804,3,1,4,314,4,Regular Customer
656253,55,1,1036,4,1,1,411,4,Regular Customer
656350,45,1,6840,4,1,3,413,0,Regular Customer
656602,79,1,5598,3,1,3,313,4,Regular Customer
656771,19,1,13653,5,1,5,515,0,Recent Customer
656837,29,1,3596,5,1,2,512,0,Recent Customer
656967,134,6,21086,1,2,5,125,1,VIP Customer
657096,9,2,9183,5,1,4,514,0,Recent Customer
657293,66,2,14511,3,1,5,315,4,Regular Customer
657378,73,2,7521,3,1,3,313,4,Regular Customer
657394,110,1,9915,2,1,4,214,1,At Risk Customer
657414,59,2,23310,3,1,5,315,4,High Value Customer
657508,16,1,6368,5,1,3,513,0,Recent Customer
657556,74,1,17968,3,1,5,315,4,Regular Customer
657617,57,1,14784,4,1,5,415,4,Regular Customer
657631,124,1,504,1,1,1,111,1,At Risk Customer
657633,52,1,1244,4,1,1,411,4,Regular Customer
658138,56,1,5354,4,1,3,413,4,Regular Customer
658171,119,1,2304,1,1,2,112,1,At Risk Customer
658278,87,2,8034,2,1,3,213,4,Regular Customer
658299,70,1,3528,3,1,2,312,4,Regular Customer
658473,87,1,2151,2,1,1,211,4,Regular Customer
658609,8,1,17780,5,1,5,515,0,Recent Customer
658611,75,4,7897,3,2,3,323,4,Loyal Customer
658626,13,1,9354,5,1,4,514,0,Recent Customer
659024,7,1,1756,5,1,1,511,0,Recent Customer
659293,93,1,9204,2,1,4,214,1,Regular Customer
659301,103,1,10800,2,1,4,214,1,Regular Customer
660033,34,1,11204,4,1,4,414,0,Recent Customer
660393,54,7,51163,4,2,5,425,4,VIP Customer
660620,92,2,10051,2,1,4,214,4,Regular Customer
660673,123,1,7840,1,1,3,113,1,At Risk Customer
660677,114,1,116,1,1,1,111,1,At Risk Customer
660789,52,1,1788,4,1,1,411,4,Regular Customer
660893,79,1,17136,3,1,5,315,4,Regular Customer
660952,17,1,13996,5,1,5,515,0,Recent Customer
661096,14,1,1512,5,1,1,511,0,Recent Customer
661164,88,2,1632,2,1,1,211,4,Regular Customer
661290,28,1,9612,5,1,4,514,0,Recent Customer
661382,134,1,6570,1,1,3,113,1,At Risk Customer
661580,73,2,16092,3,1,5,315,4,Regular Customer
661619,98,1,5424,2,1,3,213,1,Regular Customer
661719,32,2,14085,4,1,5,415,0,Recent Customer
661809,59,1,1708,3,1,1,311,4,Regular Customer
661931,19,2,23177,5,1,5,515,0,High Value Customer
662024,127,1,4333,1,1,2,112,1,At Risk Customer
662041,14,1,5942,5,1,3,513,0,Recent Customer
662257,68,1,1212,3,1,1,311,4,Regular Customer
662462,125,1,7316,1,1,3,113,1,At Risk Customer
662475,60,2,5215,3,1,3,313,4,Regular Customer
662500,92,1,231,2,1,1,211,4,Regular Customer
662735,7,1,4837,5,1,3,513,0,Recent Customer
662900,123,1,6650,1,1,3,113,1,At Risk Customer
663166,62,1,14480,3,1,5,315,4,Regular Customer
663210,51,1,772,4,1,1,411,4,Regular Customer
663372,120,1,1336,1,1,1,111,1,At Risk Customer
663411,67,1,1805,3,1,1,311,4,Regular Customer
663616,23,1,2476,5,1,2,512,0,Recent Customer
663861,127,1,2906,1,1,2,112,1,At Risk Customer
663983,26,1,19520,5,1,5,515,0,High Value Customer
664127,82,1,3788,3,1,2,312,4,Regular Customer
664130,101,1,7356,2,1,3,213,1,Regular Customer
664310,115,1,11368,1,1,4,114,1,At Risk Customer
664424,123,1,9868,1,1,4,114,1,At Risk Customer
664551,9,4,27124,5,2,5,525,0,VIP Customer
664682,13,2,26000,5,1,5,515,0,High Value Customer
664689,87,1,11763,2,1,4,214,4,Regular Customer
664721,46,6,17798,4,2,5,425,0,VIP Customer
664735,117,1,4236,1,1,2,112,1,At Risk Customer
664763,93,6,54620,2,2,5,225,1,VIP Customer
664829,58,1,7503,4,1,3,413,4,Regular Customer
664846,97,1,14216,2,1,5,215,1,Regular Customer
665150,134,1,2672,1,1,2,112,1,At Risk Customer
665308,84,3,22496,3,2,5,325,4,Loyal Customer
665788,110,1,10977,2,1,4,214,1,At Risk Customer
666046,105,1,14352,2,1,5,215,1,At Risk Customer
666056,32,1,3732,4,1,2,412,0,Recent Customer
666162,89,1,6948,2,1,3,213,4,Regular Customer
666163,44,1,7004,4,1,3,413,0,Regular Customer
666168,124,1,5298,1,1,3,113,1,At Risk Customer
666335,9,1,742,5,1,1,511,0,Recent Customer
666443,76,1,1048,3,1,1,311,4,Regular Customer
666500,29,1,2665,5,1,2,512,0,Recent Customer
666517,64,1,2510,3,1,2,312,4,Regular Customer
666594,45,1,6654,4,1,3,413,0,Regular Customer
666897,16,1,11898,5,1,4,514,0,Recent Customer
666908,107,1,2016,2,1,1,211,1,At Risk Customer
666960,109,1,1102,2,1,1,211,1,At Risk Customer
667085,91,1,3312,2,1,2,212,4,Regular Customer
667148,45,1,1270,4,1,1,411,0,Regular Customer
667217,102,1,3459,2,1,2,212,1,Regular Customer
667420,101,1,146,2,1,1,211,1,Regular Customer
667559,53,1,4471,4,1,2,412,4,Regular Customer
667565,136,1,8442,1,1,4,114,1,At Risk Customer
667569,95,2,8790,2,1,4,214,1,Regular Customer
667707,81,1,4818,3,1,3,313,4,Regular Customer
667873,58,1,7980,4,1,3,413,4,Regular Customer
668226,66,2,19893,3,1,5,315,4,High Value Customer
668227,115,2,14263,1,1,5,115,1,At Risk Customer
668251,124,1,3650,1,1,2,112,1,At Risk Customer
668288,124,2,11026,1,1,4,114,1,At Risk Customer
668489,129,1,276,1,1,1,111,1,At Risk Customer
668637,115,1,103,1,1,1,111,1,At Risk Customer
668775,106,1,1566,2,1,1,211,1,At Risk Customer
668937,22,1,3178,5,1,2,512,0,Recent Customer
669299,30,1,8224,5,1,3,513,0,Recent Customer
669387,112,1,848,1,1,1,111,1,At Risk Customer
669744,27,1,16780,5,1,5,515,0,Recent Customer
669949,58,3,2378,4,2,2,422,4,Loyal Customer
669974,10,1,9702,5,1,4,514,0,Recent Customer
669989,9,1,8516,5,1,4,514,0,Recent Customer
669994,118,1,14343,1,1,5,115,1,At Risk Customer
670011,58,1,14296,4,1,5,415,4,Regular Customer
670220,40,2,9337,4,1,4,414,0,Regular Customer
670282,32,2,20709,4,1,5,415,0,High Value Customer
670307,8,1,2675,5,1,2,512,0,Recent Customer
670551,79,1,6968,3,1,3,313,4,Regular Customer
670832,122,1,4386,1,1,2,112,1,At Risk Customer
671272,16,1,2854,5,1,2,512,0,Recent Customer
671304,78,1,1176,3,1,1,311,4,Regular Customer
671481,11,1,12015,5,1,4,514,0,Recent Customer
671597,27,1,1357,5,1,1,511,0,Recent Customer
671723,11,1,5556,5,1,3,513,0,Recent Customer
671765,59,1,1616,3,1,1,311,4,Regular Customer
671906,80,1,6166,3,1,3,313,4,Regular Customer
671926,98,1,4137,2,1,2,212,1,Regular Customer
671934,122,1,1482,1,1,1,111,1,At Risk Customer
672066,2,1,164,5,1,1,511,0,Recent Customer
672120,30,2,8086,5,1,3,513,0,Recent Customer
672217,45,1,9908,4,1,4,414,0,Regular Customer
672218,57,4,27337,4,2,5,425,4,VIP Customer
672339,83,1,11013,3,1,4,314,4,Regular Customer
672404,17,1,11112,5,1,4,514,0,Recent Customer
672630,134,1,3580,1,1,2,112,1,At Risk Customer
672725,73,1,3554,3,1,2,312,4,Regular Customer
672767,107,1,4100,2,1,2,212,1,At Risk Customer
672785,67,3,17748,3,2,5,325,4,Loyal Customer
672855,60,2,18420,3,1,5,315,4,High Value Customer
672896,83,1,9868,3,1,4,314,4,Regular Customer
673007,84,1,18288,3,1,5,315,4,Regular Customer
673028,87,1,1622,2,1,1,211,4,Regular Customer
673138,60,4,41573,3,2,5,325,4,VIP Customer
673291,50,1,5882,4,1,3,413,4,Regular Customer
673331,11,1,4131,5,1,2,512,0,Recent Customer
673557,51,1,8760,4,1,4,414,4,Regular Customer
673572,108,7,15292,2,2,5,225,1,VIP Customer
673618,50,1,8064,4,1,3,413,4,Regular Customer
673776,138,1,4130,1,1,2,112,1,At Risk Customer
673841,92,1,1140,2,1,1,211,4,Regular Customer
673913,52,1,10836,4,1,4,414,4,Regular Customer
673919,103,1,9759,2,1,4,214,1,Regular Customer
673950,43,1,7401,4,1,3,413,0,Regular Customer
674067,119,2,5992,1,1,3,113,1,At Risk Customer
674207,87,1,4029,2,1,2,212,4,Regular Customer
674233,115,1,15444,1,1,5,115,1,At Risk Customer
674240,30,1,7401,5,1,3,513,0,Recent Customer
674283,65,1,8568,3,1,4,314,4,Regular Customer
674356,52,1,5726,4,1,3,413,4,Regular Customer
674830,72,1,3171,3,1,2,312,4,Regular Customer
674837,48,1,9663,4,1,4,414,4,Regular Customer
675006,36,1,3381,4,1,2,412,0,Recent Customer
675039,71,1,14252,3,1,5,315,4,Regular Customer
675069,124,1,13084,1,1,4,114,1,At Risk Customer
675209,59,1,2416,3,1,2,312,4,Regular Customer
675230,73,1,10140,3,1,4,314,4,Regular Customer
675313,47,1,13064,4,1,4,414,4,Regular Customer
675368,82,1,2862,3,1,2,312,4,Regular Customer
675619,65,1,8662,3,1,4,314,4,Regular Customer
675646,68,2,8789,3,1,4,314,4,Regular Customer
675725,123,1,307,1,1,1,111,1,At Risk Customer
675843,7,3,17649,5,2,5,525,0,Loyal Customer
676349,29,1,12411,5,1,4,514,0,Recent Customer
676455,46,2,8952,4,1,4,414,0,Regular Customer
676464,87,1,2948,2,1,2,212,4,Regular Customer
676700,99,4,14056,2,2,5,225,1,VIP Customer
676713,89,1,2266,2,1,1,211,4,Regular Customer
676722,63,2,23496,3,1,5,315,4,High Value Customer
676735,98,1,4332,2,1,2,212,1,Regular Customer
676919,4,4,23322,5,2,5,525,0,VIP Customer
676990,11,4,29812,5,2,5,525,0,VIP Customer
676997,127,3,34819,1,2,5,125,1,Loyal Customer
677046,87,1,4302,2,1,2,212,4,Regular Customer
677255,128,4,6790,1,2,3,123,1,Loyal Customer
677274,64,1,3455,3,1,2,312,4,Regular Customer
677299,74,3,4640,3,2,2,322,4,Loyal Customer
677318,87,2,16618,2,1,5,215,4,Regular Customer
677329,64,1,1208,3,1,1,311,4,Regular Customer
677571,18,1,6000,5,1,3,513,0,Recent Customer
677623,24,1,9868,5,1,4,514,0,Recent Customer
677721,109,1,16412,2,1,5,215,1,At Risk Customer
677741,106,1,481,2,1,1,211,1,At Risk Customer
677771,65,1,612,3,1,1,311,4,Regular Customer
678230,120,1,3846,1,1,2,112,1,At Risk Customer
678935,45,1,1172,4,1,1,411,0,Regular Customer
678937,73,3,8219,3,2,3,323,4,Loyal Customer
678948,133,1,4707,1,1,3,113,1,At Risk Customer
679084,45,1,1359,4,1,1,411,0,Regular Customer
679201,113,3,25080,1,2,5,125,1,Loyal Customer
679422,136,1,5096,1,1,3,113,1,At Risk Customer
679473,70,1,9256,3,1,4,314,4,Regular Customer
679711,124,1,380,1,1,1,111,1,At Risk Customer
679892,87,1,3379,2,1,2,212,4,Regular Customer
680026,37,1,18624,4,1,5,415,0,High Value Customer
680221,26,1,3510,5,1,2,512,0,Recent Customer
680400,58,1,5876,4,1,3,413,4,Regular Customer
680488,52,1,14337,4,1,5,415,4,Regular Customer
680552,135,2,8486,1,1,4,114,1,At Risk Customer
680669,78,1,7240,3,1,3,313,4,Regular Customer
680820,29,1,3658,5,1,2,512,0,Recent Customer
680858,59,2,9915,3,1,4,314,4,Regular Customer
680865,65,1,12360,3,1,4,314,4,Regular Customer
681101,76,1,8704,3,1,4,314,4,Regular Customer
681196,137,2,13272,1,1,4,114,1,At Risk Customer
681231,43,1,5823,4,1,3,413,0,Regular Customer
681283,63,1,553,3,1,1,311,4,Regular Customer
681486,51,1,13828,4,1,5,415,4,Regular Customer
681489,116,1,1379,1,1,1,111,1,At Risk Customer
681609,51,1,17408,4,1,5,415,4,Regular Customer
681733,51,1,6381,4,1,3,413,4,Regular Customer
682031,93,7,45990,2,2,5,225,1,VIP Customer
682067,78,2,19572,3,1,5,315,4,High Value Customer
682448,117,1,4810,1,1,3,113,1,At Risk Customer
682501,128,1,570,1,1,1,111,1,At Risk Customer
682534,51,1,7558,4,1,3,413,4,Regular Customer
682715,56,1,2292,4,1,2,412,4,Regular Customer
683069,19,1,3534,5,1,2,512,0,Recent Customer
683086,42,1,11604,4,1,4,414,0,Regular Customer
683140,76,1,2238,3,1,1,311,4,Regular Customer
683211,96,1,8244,2,1,3,213,1,Regular Customer
683255,10,1,6438,5,1,3,513,0,Recent Customer
683346,92,1,8022,2,1,3,213,4,Regular Customer
683548,87,1,2709,2,1,2,212,4,Regular Customer
683597,3,1,1954,5,1,1,511,0,Recent Customer
683598,111,1,13890,2,1,5,215,1,At Risk Customer
683628,93,1,428,2,1,1,211,1,Regular Customer
683706,24,1,5466,5,1,3,513,0,Recent Customer
683796,80,2,11696,3,1,4,314,4,Regular Customer
683901,8,5,12610,5,2,4,524,0,Loyal Customer
683914,11,1,2272,5,1,1,511,0,Recent Customer
684000,79,1,3352,3,1,2,312,4,Regular Customer
684072,98,1,2467,2,1,2,212,1,Regular Customer
684128,72,1,998,3,1,1,311,4,Regular Customer
684153,28,1,2375,5,1,2,512,0,Recent Customer
684190,30,1,7764,5,1,3,513,0,Recent Customer
684213,59,2,5846,3,1,3,313,4,Regular Customer
684514,74,189,1179846,3,2,5,325,3,VIP Customer
684531,21,2,10516,5,1,4,514,0,Recent Customer
684679,116,1,12831,1,1,4,114,1,At Risk Customer
684791,71,1,7322,3,1,3,313,4,Regular Customer
684873,81,2,21037,3,1,5,315,4,High Value Customer
684976,127,1,8439,1,1,4,114,1,At Risk Customer
685025,70,1,13384,3,1,4,314,4,Regular Customer
685118,14,3,13203,5,2,4,524,0,Loyal Customer
685143,102,1,7290,2,1,3,213,1,Regular Customer
685444,101,1,2726,2,1,2,212,1,Regular Customer
685502,18,1,9600,5,1,4,514,0,Recent Customer
685520,71,1,5526,3,1,3,313,4,Regular Customer
685630,122,1,3696,1,1,2,112,1,At Risk Customer
685665,44,1,3413,4,1,2,412,0,Regular Customer
686012,33,22,134937,4,2,5,425,0,VIP Customer
686039,86,3,24329,2,2,5,225,4,Loyal Customer
686211,49,1,8031,4,1,3,413,4,Regular Customer
686253,135,1,18204,1,1,5,115,1,At Risk Customer
686262,44,1,5368,4,1,3,413,0,Regular Customer
686854,17,18,74161,5,2,5,525,0,VIP Customer
686896,136,1,1799,1,1,1,111,1,At Risk Customer
686940,4,2,19519,5,1,5,515,0,High Value Customer
687602,58,4,28374,4,2,5,425,4,VIP Customer
687775,100,2,9296,2,1,4,214,1,Regular Customer
687940,88,1,6800,2,1,3,213,4,Regular Customer
688234,113,1,5055,1,1,3,113,1,At Risk Customer
688237,102,1,2692,2,1,2,212,1,Regular Customer
688314,117,2,16615,1,1,5,115,1,At Risk Customer
688563,73,1,1683,3,1,1,311,4,Regular Customer
688645,45,1,3080,4,1,2,412,0,Regular Customer
688825,45,1,11204,4,1,4,414,0,Regular Customer
688840,29,1,1322,5,1,1,511,0,Recent Customer
688912,64,2,15684,3,1,5,315,4,Regular Customer
689091,79,1,3272,3,1,2,312,4,Regular Customer
689115,80,3,11615,3,2,4,324,4,Loyal Customer
689209,85,1,3284,2,1,2,212,4,Regular Customer
689266,43,1,4640,4,1,2,412,0,Regular Customer
689290,70,1,60,3,1,1,311,4,Regular Customer
689522,22,1,1470,5,1,1,511,0,Recent Customer
689605,21,1,7632,5,1,3,513,0,Recent Customer
689611,95,1,2868,2,1,2,212,1,Regular Customer
689640,31,1,7515,4,1,3,413,0,Recent Customer
690114,113,1,3660,1,1,2,112,1,At Risk Customer
690130,114,1,1040,1,1,1,111,1,At Risk Customer
690336,52,1,1989,4,1,1,411,4,Regular Customer
690443,18,1,1461,5,1,1,511,0,Recent Customer
690787,7,1,7965,5,1,3,513,0,Recent Customer
690929,95,2,5700,2,1,3,213,1,Regular Customer
691013,79,2,19108,3,1,5,315,4,High Value Customer
691215,47,2,11304,4,1,4,414,4,Regular Customer
691268,79,1,2391,3,1,2,312,4,Regular Customer
691766,108,2,4870,2,1,3,213,1,At Risk Customer
691958,131,1,3211,1,1,2,112,1,At Risk Customer
692199,19,1,8706,5,1,4,514,0,Recent Customer
692368,32,3,28690,4,2,5,425,0,Loyal Customer
692447,71,1,1905,3,1,1,311,4,Regular Customer
692653,37,2,11142,4,1,4,414,0,Recent Customer
692676,115,1,7464,1,1,3,113,1,At Risk Customer
692959,60,1,2091,3,1,1,311,4,Regular Customer
693104,106,1,5817,2,1,3,213,1,At Risk Customer
693398,36,1,14643,4,1,5,415,0,Recent Customer
693400,135,1,2260,1,1,1,111,1,At Risk Customer
693528,66,6,24598,3,2,5,325,4,VIP Customer
693591,53,1,1281,4,1,1,411,4,Regular Customer
693648,92,2,24996,2,1,5,215,4,High Value Customer
693672,85,1,945,2,1,1,211,4,Regular Customer
693688,78,1,12255,3,1,4,314,4,Regular Customer
693709,16,8,57726,5,2,5,525,0,VIP Customer
693975,44,1,6790,4,1,3,413,0,Regular Customer
694497,113,1,8844,1,1,4,114,1,At Risk Customer
694977,100,1,7554,2,1,3,213,1,Regular Customer
695025,92,3,6200,2,2,3,223,4,Loyal Customer
695074,81,1,9525,3,1,4,314,4,Regular Customer
695198,63,1,4612,3,1,2,312,4,Regular Customer
695604,95,1,3721,2,1,2,212,1,Regular Customer
695620,8,1,2428,5,1,2,512,0,Recent Customer
695657,134,1,2192,1,1,1,111,1,At Risk Customer
695747,86,1,324,2,1,1,211,4,Regular Customer
696046,69,1,4881,3,1,3,313,4,Regular Customer
696363,99,2,23255,2,1,5,215,1,High Value Customer
696393,137,1,4962,1,1,3,113,1,At Risk Customer
696424,135,1,2765,1,1,2,112,1,At Risk Customer
696774,137,1,3796,1,1,2,112,1,At Risk Customer
697009,93,1,1416,2,1,1,211,1,Regular Customer
697361,32,1,11856,4,1,4,414,0,Recent Customer
697366,71,1,9868,3,1,4,314,4,Regular Customer
697408,93,2,17784,2,1,5,215,1,Regular Customer
697413,85,2,15232,2,1,5,215,4,Regular Customer
697426,116,1,5475,1,1,3,113,1,At Risk Customer
697585,100,2,3557,2,1,2,212,1,Regular Customer
697629,134,1,2536,1,1,2,112,1,At Risk Customer
697687,8,1,14268,5,1,5,515,0,Recent Customer
697734,26,1,13647,5,1,5,515,0,Recent Customer
697828,37,1,4280,4,1,2,412,0,Recent Customer
697830,58,1,4876,4,1,3,413,4,Regular Customer
698124,31,1,2345,4,1,2,412,0,Recent Customer
698162,19,1,4202,5,1,2,512,0,Recent Customer
698640,52,1,9754,4,1,4,414,4,Regular Customer
698812,79,4,17701,3,2,5,325,4,VIP Customer
698816,18,2,12762,5,1,4,514,0,Recent Customer
698846,64,1,786,3,1,1,311,4,Regular Customer
698958,43,1,12906,4,1,4,414,0,Regular Customer
698973,132,1,1626,1,1,1,111,1,At Risk Customer
699183,70,2,5796,3,1,3,313,4,Regular Customer
699341,115,1,2334,1,1,2,112,1,At Risk Customer
699342,42,1,6990,4,1,3,413,0,Regular Customer
699505,52,1,4514,4,1,2,412,4,Regular Customer
699764,12,1,5690,5,1,3,513,0,Recent Customer
699789,127,1,3550,1,1,2,112,1,At Risk Customer
700066,42,1,3511,4,1,2,412,0,Regular Customer
700110,82,1,6530,3,1,3,313,4,Regular Customer
700128,135,1,6792,1,1,3,113,1,At Risk Customer
700240,36,1,10842,4,1,4,414,0,Recent Customer
700303,85,2,2540,2,1,2,212,4,Regular Customer
700327,38,1,4992,4,1,3,413,0,Regular Customer
700595,1,1,750,5,1,1,511,0,Recent Customer
700623,76,1,4314,3,1,2,312,4,Regular Customer
700680,119,1,3544,1,1,2,112,1,At Risk Customer
700839,36,1,9776,4,1,4,414,0,Recent Customer
700847,87,1,4155,2,1,2,212,4,Regular Customer
700881,15,1,8798,5,1,4,514,0,Recent Customer
700903,106,1,6312,2,1,3,213,1,At Risk Customer
701119,89,1,2448,2,1,2,212,4,Regular Customer
701145,41,1,3685,4,1,2,412,0,Regular Customer
701326,36,1,8436,4,1,4,414,0,Recent Customer
701621,125,2,10588,1,1,4,114,1,At Risk Customer
701722,100,2,3504,2,1,2,212,1,Regular Customer
701750,35,1,4812,4,1,3,413,0,Recent Customer
701781,134,1,5728,1,1,3,113,1,At Risk Customer
702000,70,2,2820,3,1,2,312,4,Regular Customer
702055,62,1,16788,3,1,5,315,4,Regular Customer
702070,57,1,2733,4,1,2,412,4,Regular Customer
702147,77,1,4063,3,1,2,312,4,Regular Customer
702314,122,1,2964,1,1,2,112,1,At Risk Customer
702504,65,1,1593,3,1,1,311,4,Regular Customer
702866,43,2,4612,4,1,2,412,0,Regular Customer
703023,95,1,2154,2,1,1,211,1,Regular Customer
703221,53,1,4265,4,1,2,412,4,Regular Customer
703222,72,2,22908,3,1,5,315,4,High Value Customer
703309,68,3,32379,3,2,5,325,4,Loyal Customer
703462,133,1,2850,1,1,2,112,1,At Risk Customer
703502,34,1,10791,4,1,4,414,0,Recent Customer
703540,14,2,7768,5,1,3,513,0,Recent Customer
703691,57,1,8954,4,1,4,414,4,Regular Customer
703762,81,2,21473,3,1,5,315,4,High Value Customer
704586,56,2,26692,4,1,5,415,4,High Value Customer
704666,123,1,548,1,1,1,111,1,At Risk Customer
704800,74,1,6464,3,1,3,313,4,Regular Customer
704927,120,1,2386,1,1,2,112,1,At Risk Customer
705174,137,1,2800,1,1,2,112,1,At Risk Customer
705177,108,1,14160,2,1,5,215,1,At Risk Customer
705439,55,3,26007,4,2,5,425,4,Loyal Customer
705492,109,2,12085,2,1,4,214,1,At Risk Customer
705542,41,100,598458,4,2,5,425,3,VIP Customer
705611,39,1,450,4,1,1,411,0,Regular Customer
705834,66,2,16165,3,1,5,315,4,Regular Customer
706050,45,1,1236,4,1,1,411,0,Regular Customer
706387,85,3,28980,2,2,5,225,4,Loyal Customer
706640,112,2,1110,1,1,1,111,1,At Risk Customer
707002,64,1,864,3,1,1,311,4,Regular Customer
707112,78,1,6500,3,1,3,313,4,Regular Customer
707368,35,1,2042,4,1,1,411,0,Recent Customer
707728,128,1,7828,1,1,3,113,1,At Risk Customer
707844,81,1,12244,3,1,4,314,4,Regular Customer
708329,49,1,943,4,1,1,411,4,Regular Customer
708533,37,1,4704,4,1,3,413,0,Recent Customer
708596,77,1,706,3,1,1,311,4,Regular Customer
708918,108,1,2772,2,1,2,212,1,At Risk Customer
709126,106,1,13809,2,1,5,215,1,At Risk Customer
709263,42,1,9306,4,1,4,414,0,Regular Customer
709484,53,2,9630,4,1,4,414,4,Regular Customer
709578,122,1,5424,1,1,3,113,1,At Risk Customer
709797,31,1,8874,4,1,4,414,0,Recent Customer
709834,85,2,19842,2,1,5,215,4,High Value Customer
709888,66,1,16532,3,1,5,315,4,Regular Customer
709940,46,1,4912,4,1,3,413,0,Regular Customer
710143,52,1,14320,4,1,5,415,4,Regular Customer
710152,10,1,3222,5,1,2,512,0,Recent Customer
710159,15,1,978,5,1,1,511,0,Recent Customer
710299,33,1,8535,4,1,4,414,0,Recent Customer
710338,134,10,60902,1,2,5,125,1,VIP Customer
710623,125,1,4103,1,1,2,112,1,At Risk Customer
710895,44,1,2232,4,1,1,411,0,Regular Customer
711110,4,2,19663,5,1,5,515,0,High Value Customer
711118,38,1,8583,4,1,4,414,0,Regular Customer
711167,20,1,11553,5,1,4,514,0,Recent Customer
711222,2,1,7272,5,1,3,513,0,Recent Customer
711318,96,1,728,2,1,1,211,1,Regular Customer
711410,115,3,20400,1,2,5,125,1,Loyal Customer
711733,45,1,3178,4,1,2,412,0,Regular Customer
711810,64,1,1844,3,1,1,311,4,Regular Customer
711901,77,1,2961,3,1,2,312,4,Regular Customer
711913,29,1,7800,5,1,3,513,0,Recent Customer
712121,124,1,12225,1,1,4,114,1,At Risk Customer
712241,50,1,13140,4,1,4,414,4,Regular Customer
712440,45,1,4710,4,1,3,413,0,Regular Customer
712443,109,1,14931,2,1,5,215,1,At Risk Customer
712608,89,1,1652,2,1,1,211,4,Regular Customer
712632,25,1,10890,5,1,4,514,0,Recent Customer
712705,66,1,6054,3,1,3,313,4,Regular Customer
712773,94,1,1316,2,1,1,211,1,Regular Customer
712844,108,1,12039,2,1,4,214,1,At Risk Customer
712880,21,1,4058,5,1,2,512,0,Recent Customer
713127,94,1,6122,2,1,3,213,1,Regular Customer
713186,129,1,3114,1,1,2,112,1,At Risk Customer
713283,16,2,1589,5,1,1,511,0,Recent Customer
713408,53,1,2877,4,1,2,412,4,Regular Customer
713553,58,1,2728,4,1,2,412,4,Regular Customer
713670,125,2,4743,1,1,3,113,1,At Risk Customer
713698,6,1,3197,5,1,2,512,0,Recent Customer
713728,30,1,6942,5,1,3,513,0,Recent Customer
713838,102,1,4296,2,1,2,212,1,Regular Customer
713967,82,1,4779,3,1,3,313,4,Regular Customer
714734,70,2,11310,3,1,4,314,4,Regular Customer
714740,133,1,11256,1,1,4,114,1,At Risk Customer
715210,82,1,12933,3,1,4,314,4,Regular Customer
715260,122,1,12840,1,1,4,114,1,At Risk Customer
715680,121,1,10014,1,1,4,114,1,At Risk Customer
715804,93,2,8691,2,1,4,214,1,Regular Customer
715832,87,2,24436,2,1,5,215,4,High Value Customer
715841,14,1,3620,5,1,2,512,0,Recent Customer
716315,60,3,18622,3,2,5,325,4,Loyal Customer
716609,21,1,79,5,1,1,511,0,Recent Customer
716683,18,1,2184,5,1,1,511,0,Recent Customer
716938,137,1,12117,1,1,4,114,1,At Risk Customer
716947,67,1,2632,3,1,2,312,4,Regular Customer
717072,8,1,3176,5,1,2,512,0,Recent Customer
717226,95,1,5799,2,1,3,213,1,Regular Customer
717294,95,1,15444,2,1,5,215,1,Regular Customer
717336,34,1,8421,4,1,4,414,0,Recent Customer
717370,119,1,1220,1,1,1,111,1,At Risk Customer
717396,50,1,12183,4,1,4,414,4,Regular Customer
717701,94,1,279,2,1,1,211,1,Regular Customer
717705,124,1,9824,1,1,4,114,1,At Risk Customer
717708,113,1,4693,1,1,3,113,1,At Risk Customer
717862,54,2,14031,4,1,5,415,4,Regular Customer
717866,126,1,4184,1,1,2,112,1,At Risk Customer
718044,100,1,3597,2,1,2,212,1,Regular Customer
718052,76,1,5211,3,1,3,313,4,Regular Customer
718266,64,2,21740,3,1,5,315,4,High Value Customer
718279,9,1,6574,5,1,3,513,0,Recent Customer
718314,109,1,60,2,1,1,211,1,At Risk Customer
718461,86,1,3696,2,1,2,212,4,Regular Customer
718708,24,5,21065,5,2,5,525,0,VIP Customer
718723,12,2,21815,5,1,5,515,0,High Value Customer
718748,111,1,8154,2,1,3,213,1,At Risk Customer
718851,121,1,1998,1,1,1,111,1,At Risk Customer
718852,128,1,1112,1,1,1,111,1,At Risk Customer
719055,60,1,5130,3,1,3,313,4,Regular Customer
719153,73,3,10316,3,2,4,324,4,Loyal Customer
719301,116,1,120,1,1,1,111,1,At Risk Customer
719538,92,1,7972,2,1,3,213,4,Regular Customer
719605,72,1,7422,3,1,3,313,4,Regular Customer
719670,137,1,1300,1,1,1,111,1,At Risk Customer
719915,109,1,217,2,1,1,211,1,At Risk Customer
719946,14,1,7107,5,1,3,513,0,Recent Customer
719967,70,1,11104,3,1,4,314,4,Regular Customer
720020,60,1,5554,3,1,3,313,4,Regular Customer
720275,138,1,6729,1,1,3,113,1,At Risk Customer
720561,44,1,1829,4,1,1,411,0,Regular Customer
720666,59,1,8751,3,1,4,314,4,Regular Customer
720903,71,1,10983,3,1,4,314,4,Regular Customer
721106,95,1,12102,2,1,4,214,1,Regular Customer
721142,29,1,2052,5,1,1,511,0,Recent Customer
721641,87,1,8598,2,1,4,214,4,Regular Customer
721660,53,1,16272,4,1,5,415,4,Regular Customer
721749,87,1,3532,2,1,2,212,4,Regular Customer
721753,133,1,988,1,1,1,111,1,At Risk Customer
721849,3,1,1145,5,1,1,511,0,Recent Customer
721899,6,1,10779,5,1,4,514,0,Recent Customer
722267,93,1,9994,2,1,4,214,1,Regular Customer
722307,128,1,6694,1,1,3,113,1,At Risk Customer
722312,64,1,4627,3,1,2,312,4,Regular Customer
722375,129,1,252,1,1,1,111,1,At Risk Customer
722406,45,1,3327,4,1,2,412,0,Regular Customer
722470,114,1,9952,1,1,4,114,1,At Risk Customer
722512,129,1,1684,1,1,1,111,1,At Risk Customer
722641,130,1,9186,1,1,4,114,1,At Risk Customer
722657,48,2,5972,4,1,3,413,4,Regular Customer
722862,80,1,8372,3,1,4,314,4,Regular Customer
722875,22,1,14394,5,1,5,515,0,Recent Customer
722953,18,1,5000,5,1,3,513,0,Recent Customer
722990,63,5,14274,3,2,5,325,4,VIP Customer
723092,94,11,91882,2,2,5,225,1,VIP Customer
723312,30,1,3412,5,1,2,512,0,Recent Customer
723403,67,1,6153,3,1,3,313,4,Regular Customer
723619,125,3,13171,1,2,4,124,1,Loyal Customer
723670,67,2,20083,3,1,5,315,4,High Value Customer
723877,84,2,824,3,1,1,311,4,Regular Customer
724060,101,1,6624,2,1,3,213,1,Regular Customer
724334,35,1,2714,4,1,2,412,0,Recent Customer
724403,7,1,7064,5,1,3,513,0,Recent Customer
724423,91,1,4279,2,1,2,212,4,Regular Customer
724521,57,1,5310,4,1,3,413,4,Regular Customer
724587,123,1,4122,1,1,2,112,1,At Risk Customer
724618,7,3,15776,5,2,5,525,0,Loyal Customer
724900,73,1,9868,3,1,4,314,4,Regular Customer
724914,35,1,3344,4,1,2,412,0,Recent Customer
725007,43,1,9696,4,1,4,414,0,Regular Customer
725439,22,1,784,5,1,1,511,0,Recent Customer
725562,2,1,6810,5,1,3,513,0,Recent Customer
725579,121,2,4452,1,1,2,112,1,At Risk Customer
725780,10,1,3500,5,1,2,512,0,Recent Customer
726006,36,1,2774,4,1,2,412,0,Recent Customer
726092,53,2,14662,4,1,5,415,4,Regular Customer
726129,78,1,3252,3,1,2,312,4,Regular Customer
726288,32,1,2174,4,1,1,411,0,Recent Customer
726478,15,2,20708,5,1,5,515,0,High Value Customer
726734,36,1,954,4,1,1,411,0,Recent Customer
727209,11,1,1420,5,1,1,511,0,Recent Customer
727357,8,2,12338,5,1,4,514,0,Recent Customer
727370,122,1,6720,1,1,3,113,1,At Risk Customer
727466,98,2,2528,2,1,2,212,1,Regular Customer
727576,14,4,15797,5,2,5,525,0,VIP Customer
727717,116,3,12718,1,2,4,124,1,Loyal Customer
727739,116,1,5728,1,1,3,113,1,At Risk Customer
727821,117,1,12519,1,1,4,114,1,At Risk Customer
727930,8,1,120,5,1,1,511,0,Recent Customer
728093,72,1,14644,3,1,5,315,4,Regular Customer
728219,65,1,5034,3,1,3,313,4,Regular Customer
728253,60,1,2884,3,1,2,312,4,Regular Customer
728266,33,1,3696,4,1,2,412,0,Recent Customer
728281,59,1,6240,3,1,3,313,4,Regular Customer
728314,29,1,4892,5,1,3,513,0,Recent Customer
728347,10,1,4028,5,1,2,512,0,Recent Customer
728421,122,1,3456,1,1,2,112,1,At Risk Customer
728593,3,1,4486,5,1,2,512,0,Recent Customer
728673,73,1,60,3,1,1,311,4,Regular Customer
728701,20,1,9660,5,1,4,514,0,Recent Customer
728718,5,5,28347,5,2,5,525,0,VIP Customer
728779,134,1,428,1,1,1,111,1,At Risk Customer
728944,86,1,3304,2,1,2,212,4,Regular Customer
729148,122,2,8019,1,1,3,113,1,At Risk Customer
729150,2,13,93777,5,2,5,525,0,VIP Customer
729152,105,1,1898,2,1,1,211,1,At Risk Customer
729155,106,1,4954,2,1,3,213,1,At Risk Customer
729498,94,2,4247,2,1,2,212,1,Regular Customer
729517,84,2,5775,3,1,3,313,4,Regular Customer
729572,102,1,2801,2,1,2,212,1,Regular Customer
729641,10,1,4099,5,1,2,512,0,Recent Customer
729708,113,1,1920,1,1,1,111,1,At Risk Customer
729726,71,2,12365,3,1,4,314,4,Regular Customer
729806,138,1,5532,1,1,3,113,1,At Risk Customer
729960,45,4,10261,4,2,4,424,0,Loyal Customer
730188,93,2,7611,2,1,3,213,1,Regular Customer
730192,58,4,17390,4,2,5,425,4,VIP Customer
730510,70,1,556,3,1,1,311,4,Regular Customer
730678,70,1,2640,3,1,2,312,4,Regular Customer
731015,49,1,276,4,1,1,411,4,Regular Customer
731052,29,1,10227,5,1,4,514,0,Recent Customer
731313,34,4,24326,4,2,5,425,0,VIP Customer
731376,43,1,7038,4,1,3,413,0,Regular Customer
731435,125,1,532,1,1,1,111,1,At Risk Customer
731580,131,1,5828,1,1,3,113,1,At Risk Customer
731625,51,1,5752,4,1,3,413,4,Regular Customer
731857,104,2,14232,2,1,5,215,1,Regular Customer
731881,23,1,7299,5,1,3,513,0,Recent Customer
731943,135,1,186,1,1,1,111,1,At Risk Customer
731998,122,2,11472,1,1,4,114,1,At Risk Customer
732066,136,1,822,1,1,1,111,1,At Risk Customer
732102,57,2,14031,4,1,5,415,4,Regular Customer
732108,25,2,7278,5,1,3,513,0,Recent Customer
732139,138,1,3312,1,1,2,112,1,At Risk Customer
732232,91,1,728,2,1,1,211,4,Regular Customer
732352,98,3,14436,2,2,5,225,1,Loyal Customer
732504,87,1,4863,2,1,3,213,4,Regular Customer
732625,29,1,2859,5,1,2,512,0,Recent Customer
732725,66,1,438,3,1,1,311,4,Regular Customer
732767,101,2,12690,2,1,4,214,1,Regular Customer
732803,12,1,3910,5,1,2,512,0,Recent Customer
733458,28,1,293,5,1,1,511,0,Recent Customer
733771,60,1,14535,3,1,5,315,4,Regular Customer
734226,44,1,12693,4,1,4,414,0,Regular Customer
734350,62,1,586,3,1,1,311,4,Regular Customer
734374,72,1,4089,3,1,2,312,4,Regular Customer
734432,7,1,653,5,1,1,511,0,Recent Customer
734633,102,2,20679,2,1,5,215,1,High Value Customer
734719,98,1,136,2,1,1,211,1,Regular Customer
734846,71,1,744,3,1,1,311,4,Regular Customer
734989,31,2,9700,4,1,4,414,0,Recent Customer
735088,132,1,189,1,1,1,111,1,At Risk Customer
735090,68,1,1074,3,1,1,311,4,Regular Customer
735322,44,1,3310,4,1,2,412,0,Regular Customer
735385,20,1,3415,5,1,2,512,0,Recent Customer
735474,133,1,8146,1,1,3,113,1,At Risk Customer
735490,64,1,1652,3,1,1,311,4,Regular Customer
735763,88,1,2559,2,1,2,212,4,Regular Customer
736455,29,1,3036,5,1,2,512,0,Recent Customer
736846,137,1,10362,1,1,4,114,1,At Risk Customer
737053,5,10,67310,5,2,5,525,0,VIP Customer
737166,38,1,969,4,1,1,411,0,Regular Customer
737329,1,1,12872,5,1,4,514,0,Recent Customer
737341,22,1,204,5,1,1,511,0,Recent Customer
737454,61,1,10983,3,1,4,314,4,Regular Customer
738182,93,3,17748,2,2,5,225,1,Loyal Customer
738195,133,1,16312,1,1,5,115,1,At Risk Customer
738198,113,1,606,1,1,1,111,1,At Risk Customer
738365,23,1,8823,5,1,4,514,0,Recent Customer
738410,29,2,11787,5,1,4,514,0,Recent Customer
738499,65,1,15832,3,1,5,315,4,Regular Customer
738601,16,1,2860,5,1,2,512,0,Recent Customer
738700,28,1,4314,5,1,2,512,0,Recent Customer
738746,37,3,14687,4,2,5,425,0,Loyal Customer
738773,7,1,3662,5,1,2,512,0,Recent Customer
738908,8,2,15722,5,1,5,515,0,Recent Customer
739473,61,2,10235,3,1,4,314,4,Regular Customer
739495,83,1,10635,3,1,4,314,4,Regular Customer
739647,84,1,6650,3,1,3,313,4,Regular Customer
739773,9,1,5313,5,1,3,513,0,Recent Customer
740116,37,1,12904,4,1,4,414,0,Recent Customer
740132,131,2,14877,1,1,5,115,1,At Risk Customer
740308,15,1,13556,5,1,4,514,0,Recent Customer
740324,107,1,1408,2,1,1,211,1,At Risk Customer
740575,12,3,13263,5,2,4,524,0,Loyal Customer
740720,119,2,22811,1,1,5,115,1,High Value Customer
740743,6,1,336,5,1,1,511,0,Recent Customer
740777,134,1,3569,1,1,2,112,1,At Risk Customer
740861,37,1,1488,4,1,1,411,0,Recent Customer
741012,67,1,4908,3,1,3,313,4,Regular Customer
741119,113,1,3606,1,1,2,112,1,At Risk Customer
741123,54,1,8556,4,1,4,414,4,Regular Customer
741178,137,1,2467,1,1,2,112,1,At Risk Customer
741296,106,1,19600,2,1,5,215,1,High Value Customer
741488,47,1,4310,4,1,2,412,4,Regular Customer
741539,32,2,31216,4,1,5,415,0,High Value Customer
741611,128,1,3734,1,1,2,112,1,At Risk Customer
741744,12,2,16227,5,1,5,515,0,Recent Customer
741899,130,1,2850,1,1,2,112,1,At Risk Customer
741945,100,1,3174,2,1,2,212,1,Regular Customer
741951,87,1,19044,2,1,5,215,4,High Value Customer
742070,74,1,12117,3,1,4,314,4,Regular Customer
742163,57,1,8488,4,1,4,414,4,Regular Customer
742185,127,1,11272,1,1,4,114,1,At Risk Customer
742661,94,1,923,2,1,1,211,1,Regular Customer
742698,54,2,12120,4,1,4,414,4,Regular Customer
742824,116,1,9696,1,1,4,114,1,At Risk Customer
742889,4,1,312,5,1,1,511,0,Recent Customer
742963,26,2,7237,5,1,3,513,0,Recent Customer
743101,40,1,3624,4,1,2,412,0,Regular Customer
743198,9,1,19388,5,1,5,515,0,High Value Customer
743285,34,1,8142,4,1,3,413,0,Recent Customer
743308,39,1,1851,4,1,1,411,0,Regular Customer
743319,89,2,1508,2,1,1,211,4,Regular Customer
743466,98,1,7390,2,1,3,213,1,Regular Customer
743497,18,1,8208,5,1,3,513,0,Recent Customer
743537,122,1,1236,1,1,1,111,1,At Risk Customer
743674,68,1,3313,3,1,2,312,4,Regular Customer
743832,74,1,7244,3,1,3,313,4,Regular Customer
743835,107,1,3672,2,1,2,212,1,At Risk Customer
744118,44,2,9774,4,1,4,414,0,Regular Customer
744123,40,1,2488,4,1,2,412,0,Regular Customer
744188,123,1,4668,1,1,3,113,1,At Risk Customer
744243,83,2,5703,3,1,3,313,4,Regular Customer
744315,68,1,285,3,1,1,311,4,Regular Customer
744454,47,1,4854,4,1,3,413,4,Regular Customer
744474,57,1,1299,4,1,1,411,4,Regular Customer
744547,123,1,7626,1,1,3,113,1,At Risk Customer
744651,123,1,8110,1,1,3,113,1,At Risk Customer
744717,71,1,1066,3,1,1,311,4,Regular Customer
744769,6,1,14396,5,1,5,515,0,Recent Customer
745007,43,1,21,4,1,1,411,0,Regular Customer
745037,71,1,8632,3,1,4,314,4,Regular Customer
745358,116,2,3741,1,1,2,112,1,At Risk Customer
745504,38,1,212,4,1,1,411,0,Regular Customer
745620,64,1,9868,3,1,4,314,4,Regular Customer
745633,67,2,26616,3,1,5,315,4,High Value Customer
745702,94,1,11589,2,1,4,214,1,Regular Customer
745802,83,1,499,3,1,1,311,4,Regular Customer
745877,127,1,5703,1,1,3,113,1,At Risk Customer
746204,126,1,484,1,1,1,111,1,At Risk Customer
746296,135,1,1528,1,1,1,111,1,At Risk Customer
746343,26,1,5742,5,1,3,513,0,Recent Customer
746554,111,5,41949,2,2,5,225,1,VIP Customer
746666,63,1,4086,3,1,2,312,4,Regular Customer
746698,22,1,1148,5,1,1,511,0,Recent Customer
746706,7,1,11559,5,1,4,514,0,Recent Customer
746841,47,1,3258,4,1,2,412,4,Regular Customer
746939,105,3,22662,2,2,5,225,1,Loyal Customer
747091,107,2,17932,2,1,5,215,1,At Risk Customer
747097,63,1,3016,3,1,2,312,4,Regular Customer
747123,31,1,2232,4,1,1,411,0,Recent Customer
747165,36,1,2877,4,1,2,412,0,Recent Customer
747251,59,1,1387,3,1,1,311,4,Regular Customer
747310,107,1,5979,2,1,3,213,1,At Risk Customer
747537,100,1,6882,2,1,3,213,1,Regular Customer
747630,4,2,11464,5,1,4,514,0,Recent Customer
747695,24,1,6132,5,1,3,513,0,Recent Customer
747952,8,1,9868,5,1,4,514,0,Recent Customer
748001,81,1,2636,3,1,2,312,4,Regular Customer
748035,58,1,445,4,1,1,411,4,Regular Customer
748040,97,26,186687,2,2,5,225,1,VIP Customer
748102,57,1,3799,4,1,2,412,4,Regular Customer
748120,108,1,3060,2,1,2,212,1,At Risk Customer
748342,100,3,20231,2,2,5,225,1,Loyal Customer
748427,118,1,2927,1,1,2,112,1,At Risk Customer
748562,1,11,67073,5,2,5,525,0,VIP Customer
748586,97,1,3250,2,1,2,212,1,Regular Customer
748697,2,3,19396,5,2,5,525,0,Loyal Customer
748726,59,1,12960,3,1,4,314,4,Regular Customer
748917,66,1,7592,3,1,3,313,4,Regular Customer
748969,65,1,7802,3,1,3,313,4,Regular Customer
748994,118,1,2064,1,1,1,111,1,At Risk Customer
749196,29,1,4758,5,1,3,513,0,Recent Customer
749201,107,4,25030,2,2,5,225,1,VIP Customer
749244,119,1,2417,1,1,2,112,1,At Risk Customer
749407,47,1,17400,4,1,5,415,4,Regular Customer
749501,11,1,1839,5,1,1,511,0,Recent Customer
749945,59,1,2314,3,1,2,312,4,Regular Customer
750008,129,1,1109,1,1,1,111,1,At Risk Customer
750151,51,1,13972,4,1,5,415,4,Regular Customer
750601,112,39,200599,1,2,5,125,1,VIP Customer
750603,47,1,146,4,1,1,411,4,Regular Customer
750724,134,1,1821,1,1,1,111,1,At Risk Customer
750808,44,1,1612,4,1,1,411,0,Regular Customer
750986,49,2,6299,4,1,3,413,4,Regular Customer
751033,87,2,15470,2,1,5,215,4,Regular Customer
751054,88,1,4054,2,1,2,212,4,Regular Customer
751149,23,1,2690,5,1,2,512,0,Recent Customer
751200,134,1,534,1,1,1,111,1,At Risk Customer
751256,0,1,7750,5,1,3,513,0,Recent Customer
751291,11,2,2032,5,1,1,511,0,Recent Customer
751321,99,1,4570,2,1,2,212,1,Regular Customer
751418,37,1,224,4,1,1,411,0,Recent Customer
751754,9,1,13173,5,1,4,514,0,Recent Customer
751832,46,1,2656,4,1,2,412,0,Regular Customer
752309,84,1,1416,3,1,1,311,4,Regular Customer
752555,31,1,7324,4,1,3,413,0,Recent Customer
753155,51,1,5610,4,1,3,413,4,Regular Customer
753277,137,1,6488,1,1,3,113,1,At Risk Customer
753425,121,1,6928,1,1,3,113,1,At Risk Customer
753438,43,1,3861,4,1,2,412,0,Regular Customer
753494,34,1,12916,4,1,4,414,0,Recent Customer
753768,29,1,418,5,1,1,511,0,Recent Customer
753827,134,2,3768,1,1,2,112,1,At Risk Customer
753987,74,2,13434,3,1,4,314,4,Regular Customer
754039,19,6,24390,5,2,5,525,0,VIP Customer
754046,84,1,1803,3,1,1,311,4,Regular Customer
754049,4,1,1939,5,1,1,511,0,Recent Customer
754077,32,2,10243,4,1,4,414,0,Recent Customer
754142,108,1,3924,2,1,2,212,1,At Risk Customer
754188,130,1,2709,1,1,2,112,1,At Risk Customer
754218,126,10,59109,1,2,5,125,1,VIP Customer
754341,69,1,13053,3,1,4,314,4,Regular Customer
754358,131,3,30747,1,2,5,125,1,Loyal Customer
754472,8,1,9873,5,1,4,514,0,Recent Customer
754523,73,1,13287,3,1,4,314,4,Regular Customer
754579,92,1,1261,2,1,1,211,4,Regular Customer
754661,134,2,13585,1,1,4,114,1,At Risk Customer
754666,43,1,3094,4,1,2,412,0,Regular Customer
754781,28,1,6972,5,1,3,513,0,Recent Customer
754989,85,1,9388,2,1,4,214,4,Regular Customer
755110,11,2,17409,5,1,5,515,0,Recent Customer
755125,27,1,7528,5,1,3,513,0,Recent Customer
755363,2,1,1612,5,1,1,511,0,Recent Customer
755413,85,1,9140,2,1,4,214,4,Regular Customer
755534,133,1,4200,1,1,2,112,1,At Risk Customer
755605,2,1,11106,5,1,4,514,0,Recent Customer
755636,38,1,10554,4,1,4,414,0,Regular Customer
755797,67,1,336,3,1,1,311,4,Regular Customer
755815,1,3,18406,5,2,5,525,0,Loyal Customer
755979,63,1,3694,3,1,2,312,4,Regular Customer
756442,88,2,13301,2,1,4,214,4,Regular Customer
756459,136,1,898,1,1,1,111,1,At Risk Customer
756473,89,1,2048,2,1,1,211,4,Regular Customer
756562,61,2,23004,3,1,5,315,4,High Value Customer
756574,9,1,12168,5,1,4,514,0,Recent Customer
756583,86,1,3541,2,1,2,212,4,Regular Customer
756632,114,2,11391,1,1,4,114,1,At Risk Customer
756716,113,2,18494,1,1,5,115,1,High Value Customer
756735,103,1,12039,2,1,4,214,1,Regular Customer
756779,101,1,3061,2,1,2,212,1,Regular Customer
756858,30,2,3864,5,1,2,512,0,Recent Customer
756996,60,1,6562,3,1,3,313,4,Regular Customer
757132,25,1,14106,5,1,5,515,0,Recent Customer
757199,101,1,8180,2,1,3,213,1,Regular Customer
757344,55,1,866,4,1,1,411,4,Regular Customer
757355,56,101,639297,4,2,5,425,3,VIP Customer
757591,54,2,22352,4,1,5,415,4,High Value Customer
757892,22,1,19248,5,1,5,515,0,High Value Customer
757934,21,1,877,5,1,1,511,0,Recent Customer
757989,68,2,11650,3,1,4,314,4,Regular Customer
758150,7,1,4644,5,1,2,512,0,Recent Customer
758223,94,1,13263,2,1,4,214,1,Regular Customer
758315,59,1,3476,3,1,2,312,4,Regular Customer
758346,122,2,15282,1,1,5,115,1,At Risk Customer
758359,60,2,1992,3,1,1,311,4,Regular Customer
758719,74,1,3677,3,1,2,312,4,Regular Customer
758725,81,1,7164,3,1,3,313,4,Regular Customer
758797,20,1,11007,5,1,4,514,0,Recent Customer
758827,69,2,22850,3,1,5,315,4,High Value Customer
759183,65,1,9272,3,1,4,314,4,Regular Customer
759288,107,3,11289,2,2,4,224,1,Loyal Customer
759353,129,2,9771,1,1,4,114,1,At Risk Customer
759356,136,1,7138,1,1,3,113,1,At Risk Customer
759678,102,1,11730,2,1,4,214,1,Regular Customer
759893,121,2,21094,1,1,5,115,1,High Value Customer
760024,7,1,4389,5,1,2,512,0,Recent Customer
760119,9,4,7201,5,2,3,523,0,Loyal Customer
760187,134,1,1690,1,1,1,111,1,At Risk Customer
760257,46,2,31612,4,1,5,415,0,High Value Customer
760266,67,1,3336,3,1,2,312,4,Regular Customer
760430,13,4,12137,5,2,4,524,0,Loyal Customer
760537,21,1,566,5,1,1,511,0,Recent Customer
760652,108,1,6192,2,1,3,213,1,At Risk Customer
760673,47,2,12206,4,1,4,414,4,Regular Customer
760728,124,1,6192,1,1,3,113,1,At Risk Customer
760986,92,1,4616,2,1,2,212,4,Regular Customer
761181,82,3,16184,3,2,5,325,4,Loyal Customer
761332,129,1,4811,1,1,3,113,1,At Risk Customer
761381,130,2,7696,1,1,3,113,1,At Risk Customer
761482,127,59,348556,1,2,5,125,3,VIP Customer
761583,121,1,9801,1,1,4,114,1,At Risk Customer
761655,129,1,9102,1,1,4,114,1,At Risk Customer
761680,130,1,2577,1,1,2,112,1,At Risk Customer
761783,16,6,42240,5,2,5,525,0,VIP Customer
761862,49,2,12739,4,1,4,414,4,Regular Customer
762073,113,1,2740,1,1,2,112,1,At Risk Customer
762163,89,1,12837,2,1,4,214,4,Regular Customer
762170,70,1,5520,3,1,3,313,4,Regular Customer
762687,132,1,1691,1,1,1,111,1,At Risk Customer
762703,11,1,342,5,1,1,511,0,Recent Customer
763153,85,1,15864,2,1,5,215,4,Regular Customer
763195,107,1,16312,2,1,5,215,1,At Risk Customer
763234,71,1,5586,3,1,3,313,4,Regular Customer
763257,113,14,98724,1,2,5,125,1,VIP Customer
763580,106,1,245,2,1,1,211,1,At Risk Customer
763582,57,1,1172,4,1,1,411,4,Regular Customer
763594,12,1,8788,5,1,4,514,0,Recent Customer
763653,119,1,5984,1,1,3,113,1,At Risk Customer
763741,121,1,12090,1,1,4,114,1,At Risk Customer
763880,72,1,3861,3,1,2,312,4,Regular Customer
763954,71,1,13592,3,1,4,314,4,Regular Customer
764068,135,1,3201,1,1,2,112,1,At Risk Customer
764150,24,1,1410,5,1,1,511,0,Recent Customer
764490,23,1,2424,5,1,2,512,0,Recent Customer
764672,51,1,3324,4,1,2,412,4,Regular Customer
764755,28,1,7456,5,1,3,513,0,Recent Customer
764790,65,13,75892,3,2,5,325,4,VIP Customer
764802,127,1,4272,1,1,2,112,1,At Risk Customer
764821,94,1,6894,2,1,3,213,1,Regular Customer
765630,85,51,330555,2,2,5,225,3,VIP Customer
765671,38,1,872,4,1,1,411,0,Regular Customer
765884,71,1,4331,3,1,2,312,4,Regular Customer
765900,32,6,41054,4,2,5,425,0,VIP Customer
766104,58,1,4797,4,1,3,413,4,Regular Customer
766217,135,1,14262,1,1,5,115,1,At Risk Customer
766227,53,2,22212,4,1,5,415,4,High Value Customer
766244,57,1,19732,4,1,5,415,4,High Value Customer
766389,104,1,9484,2,1,4,214,1,Regular Customer
766423,129,1,3524,1,1,2,112,1,At Risk Customer
766486,87,2,5351,2,1,3,213,4,Regular Customer
766489,135,1,1351,1,1,1,111,1,At Risk Customer
766502,102,1,1044,2,1,1,211,1,Regular Customer
766526,96,1,19040,2,1,5,215,1,High Value Customer
766527,24,1,1870,5,1,1,511,0,Recent Customer
766603,55,3,2005,4,2,1,421,4,Loyal Customer
766850,97,1,10148,2,1,4,214,1,Regular Customer
767044,65,2,28392,3,1,5,315,4,High Value Customer
767157,9,1,46,5,1,1,511,0,Recent Customer
767178,44,1,4480,4,1,2,412,0,Regular Customer
767419,100,1,618,2,1,1,211,1,Regular Customer
767448,78,3,10540,3,2,4,324,4,Loyal Customer
767480,129,1,1854,1,1,1,111,1,At Risk Customer
767636,110,1,7648,2,1,3,213,1,At Risk Customer
767702,116,1,816,1,1,1,111,1,At Risk Customer
767789,74,1,1611,3,1,1,311,4,Regular Customer
767849,14,1,8628,5,1,4,514,0,Recent Customer
768067,69,1,7296,3,1,3,313,4,Regular Customer
768137,125,1,12663,1,1,4,114,1,At Risk Customer
768341,101,1,6366,2,1,3,213,1,Regular Customer
768775,126,1,1104,1,1,1,111,1,At Risk Customer
768875,45,1,764,4,1,1,411,0,Regular Customer
768923,58,1,4840,4,1,3,413,4,Regular Customer
768931,115,1,13900,1,1,5,115,1,At Risk Customer
768946,15,7,41216,5,2,5,525,0,VIP Customer
769006,91,1,9868,2,1,4,214,4,Regular Customer
769016,87,1,2589,2,1,2,212,4,Regular Customer
769032,82,1,3972,3,1,2,312,4,Regular Customer
769140,110,1,9213,2,1,4,214,1,At Risk Customer
769241,111,1,36,2,1,1,211,1,At Risk Customer
769337,90,1,579,2,1,1,211,4,Regular Customer
769676,100,3,18818,2,2,5,225,1,Loyal Customer
769790,88,1,3092,2,1,2,212,4,Regular Customer
769836,6,1,1630,5,1,1,511,0,Recent Customer
769838,122,2,14896,1,1,5,115,1,At Risk Customer
769903,73,1,4845,3,1,3,313,4,Regular Customer
769985,81,1,2710,3,1,2,312,4,Regular Customer
770015,82,1,921,3,1,1,311,4,Regular Customer
770097,52,1,16488,4,1,5,415,4,Regular Customer
770124,123,1,15024,1,1,5,115,1,At Risk Customer
770170,5,1,10356,5,1,4,514,0,Recent Customer
770188,87,1,4920,2,1,3,213,4,Regular Customer
770189,77,1,15200,3,1,5,315,4,Regular Customer
770282,106,1,8466,2,1,4,214,1,At Risk Customer
770292,118,2,3534,1,1,2,112,1,At Risk Customer
770538,127,2,6146,1,1,3,113,1,At Risk Customer
770651,37,2,5836,4,1,3,413,0,Recent Customer
770690,108,1,1952,2,1,1,211,1,At Risk Customer
770741,31,2,13036,4,1,4,414,0,Recent Customer
770829,24,1,5272,5,1,3,513,0,Recent Customer
770887,25,1,10536,5,1,4,514,0,Recent Customer
770983,77,2,6278,3,1,3,313,4,Regular Customer
771058,54,2,36952,4,1,5,415,4,High Value Customer
771313,9,1,10264,5,1,4,514,0,Recent Customer
771466,126,1,4807,1,1,3,113,1,At Risk Customer
771571,83,2,33612,3,1,5,315,4,High Value Customer
771611,72,1,14008,3,1,5,315,4,Regular Customer
771659,74,1,19336,3,1,5,315,4,High Value Customer
771722,43,1,9264,4,1,4,414,0,Regular Customer
771810,104,1,2716,2,1,2,212,1,Regular Customer
771838,60,1,9718,3,1,4,314,4,Regular Customer
771903,16,1,1322,5,1,1,511,0,Recent Customer
771946,108,2,14021,2,1,5,215,1,At Risk Customer
772015,21,1,520,5,1,1,511,0,Recent Customer
772037,66,1,2356,3,1,2,312,4,Regular Customer
772213,102,1,19292,2,1,5,215,1,High Value Customer
772262,35,4,11212,4,2,4,424,0,Loyal Customer
772273,14,1,1494,5,1,1,511,0,Recent Customer
772285,122,1,17340,1,1,5,115,1,At Risk Customer
772453,75,1,2988,3,1,2,312,4,Regular Customer
772687,28,2,6001,5,1,3,513,0,Recent Customer
773110,126,1,2661,1,1,2,112,1,At Risk Customer
773156,118,1,8930,1,1,4,114,1,At Risk Customer
773217,92,1,4216,2,1,2,212,4,Regular Customer
773901,119,2,6566,1,1,3,113,1,At Risk Customer
773947,39,1,9238,4,1,4,414,0,Regular Customer
773985,65,1,5726,3,1,3,313,4,Regular Customer
774018,105,2,14513,2,1,5,215,1,At Risk Customer
774274,71,1,568,3,1,1,311,4,Regular Customer
774305,8,1,4132,5,1,2,512,0,Recent Customer
774424,38,1,2289,4,1,1,411,0,Regular Customer
774758,81,1,350,3,1,1,311,4,Regular Customer
774788,79,1,570,3,1,1,311,4,Regular Customer
774920,127,2,5314,1,1,3,113,1,At Risk Customer
775150,17,1,2148,5,1,1,511,0,Recent Customer
775282,106,1,16236,2,1,5,215,1,At Risk Customer
775289,133,1,1678,1,1,1,111,1,At Risk Customer
775616,52,2,903,4,1,1,411,4,Regular Customer
775821,44,1,2531,4,1,2,412,0,Regular Customer
775942,37,1,11340,4,1,4,414,0,Recent Customer
776052,24,1,6728,5,1,3,513,0,Recent Customer
776325,89,1,2868,2,1,2,212,4,Regular Customer
776534,79,1,8002,3,1,3,313,4,Regular Customer
776665,59,1,13887,3,1,5,315,4,Regular Customer
776927,84,1,1056,3,1,1,311,4,Regular Customer
776945,10,1,4665,5,1,3,513,0,Recent Customer
776978,134,1,4118,1,1,2,112,1,At Risk Customer
777134,52,1,15900,4,1,5,415,4,Regular Customer
777365,88,1,2869,2,1,2,212,4,Regular Customer
777503,67,2,10498,3,1,4,314,4,Regular Customer
777788,106,2,22139,2,1,5,215,1,High Value Customer
777821,126,1,19016,1,1,5,115,1,High Value Customer
777857,92,1,2790,2,1,2,212,4,Regular Customer
777908,122,2,6621,1,1,3,113,1,At Risk Customer
777942,44,1,565,4,1,1,411,0,Regular Customer
778098,88,1,14070,2,1,5,215,4,Regular Customer
778118,45,1,8662,4,1,4,414,0,Regular Customer
778442,58,1,4566,4,1,2,412,4,Regular Customer
778459,35,1,13839,4,1,5,415,0,Recent Customer
778509,71,1,9446,3,1,4,314,4,Regular Customer
778937,8,2,10300,5,1,4,514,0,Recent Customer
779000,15,1,3340,5,1,2,512,0,Recent Customer
779056,83,2,2964,3,1,2,312,4,Regular Customer
779386,4,1,9992,5,1,4,514,0,Recent Customer
779397,79,1,13980,3,1,5,315,4,Regular Customer
779514,66,2,19678,3,1,5,315,4,High Value Customer
779785,123,1,7815,1,1,3,113,1,At Risk Customer
779794,9,1,1675,5,1,1,511,0,Recent Customer
780205,95,2,7720,2,1,3,213,1,Regular Customer
780230,56,1,6844,4,1,3,413,4,Regular Customer
780301,38,1,2172,4,1,1,411,0,Regular Customer
780392,44,2,14321,4,1,5,415,0,Regular Customer
780488,33,1,2058,4,1,1,411,0,Recent Customer
780708,65,1,1409,3,1,1,311,4,Regular Customer
780731,69,1,7504,3,1,3,313,4,Regular Customer
780733,80,1,11850,3,1,4,314,4,Regular Customer
780925,136,1,1282,1,1,1,111,1,At Risk Customer
781099,122,1,11824,1,1,4,114,1,At Risk Customer
781101,78,2,11418,3,1,4,314,4,Regular Customer
781156,22,2,2190,5,1,1,511,0,Recent Customer
781189,38,1,894,4,1,1,411,0,Regular Customer
781477,34,1,12744,4,1,4,414,0,Recent Customer
781583,43,1,11352,4,1,4,414,0,Regular Customer
781592,65,2,26236,3,1,5,315,4,High Value Customer
781616,50,1,3332,4,1,2,412,4,Regular Customer
781666,57,1,1322,4,1,1,411,4,Regular Customer
781731,73,1,4888,3,1,3,313,4,Regular Customer
781759,134,1,937,1,1,1,111,1,At Risk Customer
781972,64,1,1140,3,1,1,311,4,Regular Customer
781974,94,1,4875,2,1,3,213,1,Regular Customer
781980,21,1,1972,5,1,1,511,0,Recent Customer
782163,59,1,6885,3,1,3,313,4,Regular Customer
782169,110,1,7518,2,1,3,213,1,At Risk Customer
782178,51,1,5614,4,1,3,413,4,Regular Customer
782325,36,1,6756,4,1,3,413,0,Recent Customer
782343,86,1,3732,2,1,2,212,4,Regular Customer
782523,94,1,129,2,1,1,211,1,Regular Customer
782961,96,3,15504,2,2,5,225,1,Loyal Customer
783088,84,1,13344,3,1,4,314,4,Regular Customer
783254,80,1,14424,3,1,5,315,4,Regular Customer
783282,99,1,16580,2,1,5,215,1,Regular Customer
783364,46,1,3516,4,1,2,412,0,Regular Customer
783405,35,1,2326,4,1,2,412,0,Recent Customer
783408,62,1,1536,3,1,1,311,4,Regular Customer
783599,135,1,822,1,1,1,111,1,At Risk Customer
783700,61,1,9909,3,1,4,314,4,Regular Customer
783756,87,4,11265,2,2,4,224,4,Loyal Customer
783857,23,1,4005,5,1,2,512,0,Recent Customer
783905,105,1,13668,2,1,5,215,1,At Risk Customer
783998,53,1,740,4,1,1,411,4,Regular Customer
784049,43,2,6054,4,1,3,413,0,Regular Customer
784178,125,1,9432,1,1,4,114,1,At Risk Customer
784477,70,1,9564,3,1,4,314,4,Regular Customer
784543,79,1,13188,3,1,4,314,4,Regular Customer
784558,33,1,9063,4,1,4,414,0,Recent Customer
784757,102,1,13086,2,1,4,214,1,Regular Customer
784769,121,1,4299,1,1,2,112,1,At Risk Customer
784783,4,1,6516,5,1,3,513,0,Recent Customer
785001,9,1,17792,5,1,5,515,0,Recent Customer
785043,31,1,427,4,1,1,411,0,Recent Customer
785226,22,1,1206,5,1,1,511,0,Recent Customer
785456,124,2,10336,1,1,4,114,1,At Risk Customer
785643,79,1,4992,3,1,3,313,4,Regular Customer
785737,3,1,9796,5,1,4,514,0,Recent Customer
785782,16,1,4582,5,1,2,512,0,Recent Customer
785814,47,1,3296,4,1,2,412,4,Regular Customer
786017,53,3,16812,4,2,5,425,4,Loyal Customer
786045,126,2,15316,1,1,5,115,1,At Risk Customer
786265,128,1,1309,1,1,1,111,1,At Risk Customer
786374,95,1,5542,2,1,3,213,1,Regular Customer
786406,85,1,4396,2,1,2,212,4,Regular Customer
786486,116,1,6732,1,1,3,113,1,At Risk Customer
786728,75,1,9712,3,1,4,314,4,Regular Customer
786834,121,1,613,1,1,1,111,1,At Risk Customer
787217,135,2,18697,1,1,5,115,1,High Value Customer
787290,93,1,7070,2,1,3,213,1,Regular Customer
787425,33,1,2008,4,1,1,411,0,Recent Customer
787440,21,1,3508,5,1,2,512,0,Recent Customer
787802,96,5,19669,2,2,5,225,1,VIP Customer
787878,15,1,457,5,1,1,511,0,Recent Customer
787997,68,1,13014,3,1,4,314,4,Regular Customer
788113,123,3,20188,1,2,5,125,1,Loyal Customer
788475,64,1,13740,3,1,5,315,4,Regular Customer
788871,50,2,5616,4,1,3,413,4,Regular Customer
788900,16,5,41913,5,2,5,525,0,VIP Customer
788972,5,1,8530,5,1,4,514,0,Recent Customer
789256,24,1,544,5,1,1,511,0,Recent Customer
789277,7,2,4292,5,1,2,512,0,Recent Customer
789620,118,4,9281,1,2,4,124,1,Loyal Customer
789675,123,1,11812,1,1,4,114,1,At Risk Customer
789699,64,1,4808,3,1,3,313,4,Regular Customer
789749,41,1,4740,4,1,3,413,0,Regular Customer
789793,111,3,26208,2,2,5,225,1,Loyal Customer
789844,107,1,3332,2,1,2,212,1,At Risk Customer
789937,133,1,12609,1,1,4,114,1,At Risk Customer
789945,79,1,2055,3,1,1,311,4,Regular Customer
790272,31,1,12810,4,1,4,414,0,Recent Customer
790379,121,1,4708,1,1,3,113,1,At Risk Customer
790828,124,1,3340,1,1,2,112,1,At Risk Customer
791048,87,1,18656,2,1,5,215,4,High Value Customer
791108,51,1,17140,4,1,5,415,4,Regular Customer
791118,84,1,9165,3,1,4,314,4,Regular Customer
791204,129,1,238,1,1,1,111,1,At Risk Customer
791361,99,1,1153,2,1,1,211,1,Regular Customer
791547,103,1,6078,2,1,3,213,1,Regular Customer
791551,43,1,545,4,1,1,411,0,Regular Customer
791616,62,1,12260,3,1,4,314,4,Regular Customer
791750,66,2,26444,3,1,5,315,4,High Value Customer
791783,94,1,12189,2,1,4,214,1,Regular Customer
791854,34,1,11478,4,1,4,414,0,Recent Customer
791895,32,1,1737,4,1,1,411,0,Recent Customer
792208,43,1,2155,4,1,1,411,0,Regular Customer
792383,135,1,5118,1,1,3,113,1,At Risk Customer
792479,45,1,9879,4,1,4,414,0,Regular Customer
792567,127,1,16624,1,1,5,115,1,At Risk Customer
792616,53,1,1989,4,1,1,411,4,Regular Customer
792642,91,1,3728,2,1,2,212,4,Regular Customer
792658,66,2,4677,3,1,3,313,4,Regular Customer
792663,123,1,1446,1,1,1,111,1,At Risk Customer
792741,99,3,18843,2,2,5,225,1,Loyal Customer
792995,70,1,6348,3,1,3,313,4,Regular Customer
793007,57,2,18429,4,1,5,415,4,High Value Customer
793038,47,3,16107,4,2,5,425,4,Loyal Customer
793091,42,3,7596,4,2,3,423,0,Loyal Customer
793134,32,1,7814,4,1,3,413,0,Recent Customer
793157,115,2,6544,1,1,3,113,1,At Risk Customer
793374,88,2,5378,2,1,3,213,4,Regular Customer
793424,34,1,13144,4,1,4,414,0,Recent Customer
793602,135,1,3510,1,1,2,112,1,At Risk Customer
793661,18,2,6188,5,1,3,513,0,Recent Customer
793866,16,1,902,5,1,1,511,0,Recent Customer
794126,89,2,4698,2,1,3,213,4,Regular Customer
794152,10,1,1822,5,1,1,511,0,Recent Customer
794304,93,1,3344,2,1,2,212,1,Regular Customer
794340,72,1,3807,3,1,2,312,4,Regular Customer
794642,119,1,12309,1,1,4,114,1,At Risk Customer
794751,24,2,4497,5,1,2,512,0,Recent Customer
794758,125,2,19852,1,1,5,115,1,High Value Customer
794775,8,1,1568,5,1,1,511,0,Recent Customer
795056,8,5,40280,5,2,5,525,0,VIP Customer
795060,107,4,15486,2,2,5,225,1,VIP Customer
795171,40,1,490,4,1,1,411,0,Regular Customer
795257,44,1,1072,4,1,1,411,0,Regular Customer
795274,50,1,14004,4,1,5,415,4,Regular Customer
795423,44,1,3448,4,1,2,412,0,Regular Customer
795448,79,1,18400,3,1,5,315,4,Regular Customer
795731,30,2,10884,5,1,4,514,0,Recent Customer
795975,18,2,7231,5,1,3,513,0,Recent Customer
796000,99,2,5544,2,1,3,213,1,Regular Customer
796062,21,2,9774,5,1,4,514,0,Recent Customer
796083,52,1,2148,4,1,1,411,4,Regular Customer
796090,135,1,7602,1,1,3,113,1,At Risk Customer
796253,38,2,8995,4,1,4,414,0,Regular Customer
796367,19,1,2328,5,1,2,512,0,Recent Customer
796470,47,2,18147,4,1,5,415,4,Regular Customer
796611,117,1,4172,1,1,2,112,1,At Risk Customer
796670,10,1,5550,5,1,3,513,0,Recent Customer
796940,135,2,15419,1,1,5,115,1,At Risk Customer
797023,22,1,2960,5,1,2,512,0,Recent Customer
797108,127,2,12847,1,1,4,114,1,At Risk Customer
797295,45,1,232,4,1,1,411,0,Regular Customer
797409,31,40,238885,4,2,5,425,0,VIP Customer
797487,5,1,1236,5,1,1,511,0,Recent Customer
797644,122,1,19780,1,1,5,115,1,High Value Customer
797729,53,2,13746,4,1,5,415,4,Regular Customer
797789,66,1,5126,3,1,3,313,4,Regular Customer
797872,51,1,17012,4,1,5,415,4,Regular Customer
797935,31,1,2277,4,1,1,411,0,Recent Customer
798349,69,1,11120,3,1,4,314,4,Regular Customer
798441,80,1,732,3,1,1,311,4,Regular Customer
798738,85,1,2222,2,1,1,211,4,Regular Customer
798809,69,1,2018,3,1,1,311,4,Regular Customer
799313,69,2,18329,3,1,5,315,4,Regular Customer
799331,74,8,43886,3,2,5,325,4,VIP Customer
799355,115,1,4955,1,1,3,113,1,At Risk Customer
799471,90,1,9484,2,1,4,214,4,Regular Customer
799678,95,1,15372,2,1,5,215,1,Regular Customer
799716,40,1,10524,4,1,4,414,0,Regular Customer
799861,4,2,6456,5,1,3,513,0,Recent Customer
799974,121,1,1274,1,1,1,111,1,At Risk Customer
800138,43,1,14292,4,1,5,415,0,Regular Customer
800150,52,1,7386,4,1,3,413,4,Regular Customer
800426,45,2,11826,4,1,4,414,0,Regular Customer
800489,50,3,11616,4,2,4,424,4,Loyal Customer
800578,87,1,14499,2,1,5,215,4,Regular Customer
800638,108,1,9468,2,1,4,214,1,At Risk Customer
800723,113,2,7285,1,1,3,113,1,At Risk Customer
800777,116,1,4260,1,1,2,112,1,At Risk Customer
800894,119,1,1224,1,1,1,111,1,At Risk Customer
800917,89,1,12888,2,1,4,214,4,Regular Customer
801026,81,1,927,3,1,1,311,4,Regular Customer
801091,51,1,586,4,1,1,411,4,Regular Customer
801172,6,1,9832,5,1,4,514,0,Recent Customer
801313,28,1,10593,5,1,4,514,0,Recent Customer
801365,60,1,1526,3,1,1,311,4,Regular Customer
801554,93,1,2222,2,1,1,211,1,Regular Customer
801664,59,1,1306,3,1,1,311,4,Regular Customer
801898,50,1,1720,4,1,1,411,4,Regular Customer
802043,42,1,3696,4,1,2,412,0,Regular Customer
802259,106,1,3630,2,1,2,212,1,At Risk Customer
802281,37,2,7051,4,1,3,413,0,Recent Customer
802379,41,2,34958,4,1,5,415,0,High Value Customer
802580,127,1,960,1,1,1,111,1,At Risk Customer
802676,93,1,18912,2,1,5,215,1,High Value Customer
802702,44,1,1838,4,1,1,411,0,Regular Customer
802717,109,1,4464,2,1,2,212,1,At Risk Customer
803016,44,1,9165,4,1,4,414,0,Regular Customer
803139,92,1,4086,2,1,2,212,4,Regular Customer
803150,113,1,9848,1,1,4,114,1,At Risk Customer
803791,115,1,1924,1,1,1,111,1,At Risk Customer
803960,31,1,2949,4,1,2,412,0,Recent Customer
803997,73,1,14684,3,1,5,315,4,Regular Customer
804113,81,2,17298,3,1,5,315,4,Regular Customer
804216,22,1,7288,5,1,3,513,0,Recent Customer
804418,72,3,11381,3,2,4,324,4,Loyal Customer
804434,130,1,2728,1,1,2,112,1,At Risk Customer
804657,25,1,6580,5,1,3,513,0,Recent Customer
804712,48,1,18968,4,1,5,415,4,High Value Customer
804836,100,1,3657,2,1,2,212,1,Regular Customer
804842,91,1,12404,2,1,4,214,4,Regular Customer
804846,58,1,888,4,1,1,411,4,Regular Customer
804876,101,1,7428,2,1,3,213,1,Regular Customer
804983,18,1,11511,5,1,4,514,0,Recent Customer
805200,74,1,9464,3,1,4,314,4,Regular Customer
805204,70,7,28865,3,2,5,325,4,VIP Customer
805249,101,1,538,2,1,1,211,1,Regular Customer
805254,87,1,1140,2,1,1,211,4,Regular Customer
805448,60,1,15648,3,1,5,315,4,Regular Customer
805595,25,1,9328,5,1,4,514,0,Recent Customer
805630,70,1,1552,3,1,1,311,4,Regular Customer
805761,127,1,8940,1,1,4,114,1,At Risk Customer
805780,64,4,62875,3,2,5,325,4,VIP Customer
805787,129,1,9696,1,1,4,114,1,At Risk Customer
805790,84,2,14975,3,1,5,315,4,Regular Customer
805864,30,1,498,5,1,1,511,0,Recent Customer
806014,60,2,22311,3,1,5,315,4,High Value Customer
806308,77,1,1140,3,1,1,311,4,Regular Customer
806371,101,1,3240,2,1,2,212,1,Regular Customer
806439,32,1,326,4,1,1,411,0,Recent Customer
806787,117,1,3612,1,1,2,112,1,At Risk Customer
806817,95,2,6212,2,1,3,213,1,Regular Customer
806954,118,1,1710,1,1,1,111,1,At Risk Customer
807288,78,1,3861,3,1,2,312,4,Regular Customer
807462,44,1,320,4,1,1,411,0,Regular Customer
807509,27,2,4913,5,1,3,513,0,Recent Customer
807730,58,1,8872,4,1,4,414,4,Regular Customer
807851,96,2,12728,2,1,4,214,1,Regular Customer
807918,78,1,3223,3,1,2,312,4,Regular Customer
808207,115,3,11344,1,2,4,124,1,Loyal Customer
808303,41,1,2763,4,1,2,412,0,Regular Customer
808351,22,1,4887,5,1,3,513,0,Recent Customer
808400,15,1,8302,5,1,4,514,0,Recent Customer
808508,87,1,6348,2,1,3,213,4,Regular Customer
808547,118,1,1305,1,1,1,111,1,At Risk Customer
808750,19,1,8956,5,1,4,514,0,Recent Customer
808813,71,3,20105,3,2,5,325,4,Loyal Customer
808966,18,1,3415,5,1,2,512,0,Recent Customer
808985,50,1,2336,4,1,2,412,4,Regular Customer
809043,52,1,3108,4,1,2,412,4,Regular Customer
809109,87,2,10155,2,1,4,214,4,Regular Customer
809129,22,1,8896,5,1,4,514,0,Recent Customer
809220,30,1,5010,5,1,3,513,0,Recent Customer
809384,89,2,13219,2,1,4,214,4,Regular Customer
809388,111,1,7288,2,1,3,213,1,At Risk Customer
809402,135,1,3332,1,1,2,112,1,At Risk Customer
809818,51,1,7476,4,1,3,413,4,Regular Customer
809822,114,60,347418,1,2,5,125,3,VIP Customer
809888,81,1,6548,3,1,3,313,4,Regular Customer
809973,97,1,3051,2,1,2,212,1,Regular Customer
810114,72,1,1497,3,1,1,311,4,Regular Customer
810342,39,1,15996,4,1,5,415,0,Regular Customer
810608,23,1,11586,5,1,4,514,0,Recent Customer
810900,100,1,15444,2,1,5,215,1,Regular Customer
810921,128,2,16000,1,1,5,115,1,At Risk Customer
811031,74,1,4936,3,1,3,313,4,Regular Customer
811310,109,1,4029,2,1,2,212,1,At Risk Customer
811563,105,1,5588,2,1,3,213,1,At Risk Customer
811745,24,1,8606,5,1,4,514,0,Recent Customer
811818,77,1,60,3,1,1,311,4,Regular Customer
811838,53,2,18312,4,1,5,415,4,Regular Customer
811841,112,1,3073,1,1,2,112,1,At Risk Customer
811978,137,1,8607,1,1,4,114,1,At Risk Customer
812069,78,1,11289,3,1,4,314,4,Regular Customer
812122,85,1,2781,2,1,2,212,4,Regular Customer
812393,50,1,2310,4,1,2,412,4,Regular Customer
812624,129,1,331,1,1,1,111,1,At Risk Customer
812693,130,1,3535,1,1,2,112,1,At Risk Customer
812707,59,2,3000,3,1,2,312,4,Regular Customer
812764,74,1,4876,3,1,3,313,4,Regular Customer
812909,62,1,1822,3,1,1,311,4,Regular Customer
813035,59,3,29071,3,2,5,325,4,Loyal Customer
813069,108,1,4722,2,1,3,213,1,At Risk Customer
813137,3,2,10190,5,1,4,514,0,Recent Customer
813175,64,1,11928,3,1,4,314,4,Regular Customer
813307,106,1,705,2,1,1,211,1,At Risk Customer
813387,98,6,42442,2,2,5,225,1,VIP Customer
813417,115,1,2964,1,1,2,112,1,At Risk Customer
813446,129,1,5718,1,1,3,113,1,At Risk Customer
813450,47,1,2373,4,1,2,412,4,Regular Customer
813477,67,2,12253,3,1,4,314,4,Regular Customer
813796,46,1,8946,4,1,4,414,0,Regular Customer
813925,135,2,18138,1,1,5,115,1,At Risk Customer
813971,63,1,423,3,1,1,311,4,Regular Customer
814041,123,2,11532,1,1,4,114,1,At Risk Customer
814059,56,1,1890,4,1,1,411,4,Regular Customer
814238,86,1,16248,2,1,5,215,4,Regular Customer
814542,14,2,14982,5,1,5,515,0,Recent Customer
814619,96,1,3803,2,1,2,212,1,Regular Customer
814663,60,4,6385,3,2,3,323,4,Loyal Customer
814864,76,4,33409,3,2,5,325,4,VIP Customer
814892,8,1,9358,5,1,4,514,0,Recent Customer
815215,102,1,7700,2,1,3,213,1,Regular Customer
815259,110,1,11937,2,1,4,214,1,At Risk Customer
815343,70,1,4695,3,1,3,313,4,Regular Customer
815466,7,1,4611,5,1,2,512,0,Recent Customer
815560,53,1,64,4,1,1,411,4,Regular Customer
815663,52,1,6024,4,1,3,413,4,Regular Customer
815678,18,1,249,5,1,1,511,0,Recent Customer
815905,48,2,10612,4,1,4,414,4,Regular Customer
816056,42,1,2163,4,1,1,411,0,Regular Customer
816102,116,1,3196,1,1,2,112,1,At Risk Customer
816144,77,1,2742,3,1,2,312,4,Regular Customer
816161,72,1,1592,3,1,1,311,4,Regular Customer
816384,27,1,1172,5,1,1,511,0,Recent Customer
816637,10,1,8880,5,1,4,514,0,Recent Customer
816889,29,1,4511,5,1,2,512,0,Recent Customer
816978,10,1,8798,5,1,4,514,0,Recent Customer
817080,42,1,12942,4,1,4,414,0,Regular Customer
817448,101,1,4296,2,1,2,212,1,Regular Customer
817474,9,5,14418,5,2,5,525,0,VIP Customer
817978,114,1,168,1,1,1,111,1,At Risk Customer
818050,134,1,13653,1,1,5,115,1,At Risk Customer
818067,64,1,2809,3,1,2,312,4,Regular Customer
818116,110,2,13224,2,1,4,214,1,At Risk Customer
818205,101,1,7930,2,1,3,213,1,Regular Customer
818254,111,1,9648,2,1,4,214,1,At Risk Customer
818334,35,1,6696,4,1,3,413,0,Recent Customer
818371,75,1,16252,3,1,5,315,4,Regular Customer
818589,88,1,4062,2,1,2,212,4,Regular Customer
818645,86,1,1474,2,1,1,211,4,Regular Customer
818734,45,3,20205,4,2,5,425,0,Loyal Customer
818819,3,1,8325,5,1,4,514,0,Recent Customer
819001,134,1,570,1,1,1,111,1,At Risk Customer
819108,42,1,6566,4,1,3,413,0,Regular Customer
819210,60,1,1865,3,1,1,311,4,Regular Customer
819520,80,1,12352,3,1,4,314,4,Regular Customer
819547,114,14,84762,1,2,5,125,1,VIP Customer
819587,94,4,30910,2,2,5,225,1,VIP Customer
820002,74,1,2080,3,1,1,311,4,Regular Customer
820155,85,3,24623,2,2,5,225,4,Loyal Customer
820159,109,5,24606,2,2,5,225,1,VIP Customer
820191,102,1,7798,2,1,3,213,1,Regular Customer
820229,29,1,10948,5,1,4,514,0,Recent Customer
820254,134,2,17734,1,1,5,115,1,At Risk Customer
820349,116,1,3314,1,1,2,112,1,At Risk Customer
820440,94,1,6716,2,1,3,213,1,Regular Customer
820530,132,1,3333,1,1,2,112,1,At Risk Customer
820759,119,1,732,1,1,1,111,1,At Risk Customer
820848,3,1,47,5,1,1,511,0,Recent Customer
820902,88,1,10773,2,1,4,214,4,Regular Customer
821083,58,2,16841,4,1,5,415,4,Regular Customer
821263,24,2,14736,5,1,5,515,0,Recent Customer
821427,26,1,17080,5,1,5,515,0,Recent Customer
821436,44,1,6537,4,1,3,413,0,Regular Customer
821737,41,1,11820,4,1,4,414,0,Regular Customer
821982,45,2,16920,4,1,5,415,0,Regular Customer
822058,31,1,4233,4,1,2,412,0,Recent Customer
822155,30,2,20004,5,1,5,515,0,High Value Customer
822168,59,1,4166,3,1,2,312,4,Regular Customer
822310,99,16,80474,2,2,5,225,1,VIP Customer
822325,40,1,2038,4,1,1,411,0,Regular Customer
822416,17,2,7174,5,1,3,513,0,Recent Customer
822553,80,1,13251,3,1,4,314,4,Regular Customer
822869,29,1,1989,5,1,1,511,0,Recent Customer
823073,105,1,1893,2,1,1,211,1,At Risk Customer
823124,7,1,11157,5,1,4,514,0,Recent Customer
823143,105,1,309,2,1,1,211,1,At Risk Customer
823349,59,1,3534,3,1,2,312,4,Regular Customer
823481,52,1,19976,4,1,5,415,4,High Value Customer
823664,88,1,8170,2,1,3,213,4,Regular Customer
823705,82,1,3550,3,1,2,312,4,Regular Customer
823721,17,1,1318,5,1,1,511,0,Recent Customer
823746,76,1,3622,3,1,2,312,4,Regular Customer
823931,4,1,2192,5,1,1,511,0,Recent Customer
823982,45,2,30495,4,1,5,415,0,High Value Customer
824061,34,1,2046,4,1,1,411,0,Recent Customer
824071,59,1,2088,3,1,1,311,4,Regular Customer
824082,5,5,30845,5,2,5,525,0,VIP Customer
824119,79,1,4557,3,1,2,312,4,Regular Customer
824335,59,1,574,3,1,1,311,4,Regular Customer
824550,114,1,1497,1,1,1,111,1,At Risk Customer
824760,16,1,2308,5,1,2,512,0,Recent Customer
824775,14,1,2346,5,1,2,512,0,Recent Customer
824837,97,1,13593,2,1,4,214,1,Regular Customer
824842,28,22,132754,5,2,5,525,0,VIP Customer
824918,125,1,14601,1,1,5,115,1,At Risk Customer
825030,85,1,6537,2,1,3,213,4,Regular Customer
825191,53,1,5960,4,1,3,413,4,Regular Customer
825224,80,2,3305,3,1,2,312,4,Regular Customer
825226,87,1,6404,2,1,3,213,4,Regular Customer
825307,7,1,3946,5,1,2,512,0,Recent Customer
825321,30,4,37891,5,2,5,525,0,VIP Customer
825557,57,2,27858,4,1,5,415,4,High Value Customer
825563,44,1,333,4,1,1,411,0,Regular Customer
825575,90,1,2079,2,1,1,211,4,Regular Customer
825800,68,1,18044,3,1,5,315,4,Regular Customer
826010,109,1,12132,2,1,4,214,1,At Risk Customer
826073,136,1,4080,1,1,2,112,1,At Risk Customer
826101,136,1,2260,1,1,1,111,1,At Risk Customer
826275,30,3,29618,5,2,5,525,0,Loyal Customer
826663,28,2,8470,5,1,4,514,0,Recent Customer
826774,122,1,6939,1,1,3,113,1,At Risk Customer
826799,4,2,5576,5,1,3,513,0,Recent Customer
826804,26,1,9352,5,1,4,514,0,Recent Customer
826820,74,1,17380,3,1,5,315,4,Regular Customer
826958,43,1,4593,4,1,2,412,0,Regular Customer
827164,123,1,15332,1,1,5,115,1,At Risk Customer
827184,43,1,3660,4,1,2,412,0,Regular Customer
827191,66,1,3174,3,1,2,312,4,Regular Customer
827333,123,1,74,1,1,1,111,1,At Risk Customer
827376,50,1,1377,4,1,1,411,4,Regular Customer
827595,53,1,9576,4,1,4,414,4,Regular Customer
827689,68,1,677,3,1,1,311,4,Regular Customer
827884,58,1,4724,4,1,3,413,4,Regular Customer
827999,96,1,1640,2,1,1,211,1,Regular Customer
828218,42,1,8004,4,1,3,413,0,Regular Customer
828219,45,1,5614,4,1,3,413,0,Regular Customer
828257,49,1,9087,4,1,4,414,4,Regular Customer
828308,91,3,19020,2,2,5,225,4,Loyal Customer
828437,49,1,8488,4,1,4,414,4,Regular Customer
828542,7,2,9976,5,1,4,514,0,Recent Customer
828727,52,1,12296,4,1,4,414,4,Regular Customer
829183,50,1,10437,4,1,4,414,4,Regular Customer
829289,115,24,129936,1,2,5,125,1,VIP Customer
830003,100,1,16360,2,1,5,215,1,Regular Customer
830026,52,1,8798,4,1,4,414,4,Regular Customer
830069,92,1,548,2,1,1,211,4,Regular Customer
830113,120,1,9006,1,1,4,114,1,At Risk Customer
830328,53,1,1495,4,1,1,411,4,Regular Customer
830370,5,1,9868,5,1,4,514,0,Recent Customer
830793,85,1,4358,2,1,2,212,4,Regular Customer
830875,114,2,22692,1,1,5,115,1,High Value Customer
831008,134,1,6786,1,1,3,113,1,At Risk Customer
831120,53,3,24100,4,2,5,425,4,Loyal Customer
831139,114,2,8291,1,1,3,113,1,At Risk Customer
831166,113,1,349,1,1,1,111,1,At Risk Customer
831213,129,1,2596,1,1,2,112,1,At Risk Customer
831387,29,1,12537,5,1,4,514,0,Recent Customer
831413,95,1,978,2,1,1,211,1,Regular Customer
831443,92,1,260,2,1,1,211,4,Regular Customer
831449,124,1,2428,1,1,2,112,1,At Risk Customer
831463,30,1,6150,5,1,3,513,0,Recent Customer
831617,122,1,1656,1,1,1,111,1,At Risk Customer
831854,45,1,6270,4,1,3,413,0,Regular Customer
831928,19,4,24732,5,2,5,525,0,VIP Customer
832222,101,1,6800,2,1,3,213,1,Regular Customer
832453,128,2,9308,1,1,4,114,1,At Risk Customer
832527,43,1,2829,4,1,2,412,0,Regular Customer
832580,35,1,7401,4,1,3,413,0,Recent Customer
832747,22,1,993,5,1,1,511,0,Recent Customer
832751,115,1,7932,1,1,3,113,1,At Risk Customer
832773,15,1,4988,5,1,3,513,0,Recent Customer
832864,23,1,1416,5,1,1,511,0,Recent Customer
832904,74,1,9459,3,1,4,314,4,Regular Customer
833217,71,1,2469,3,1,2,312,4,Regular Customer
833404,71,1,17156,3,1,5,315,4,Regular Customer
833429,2,1,566,5,1,1,511,0,Recent Customer
833447,23,1,3537,5,1,2,512,0,Recent Customer
833719,134,1,4636,1,1,2,112,1,At Risk Customer
833834,88,1,14716,2,1,5,215,4,Regular Customer
834036,98,1,2995,2,1,2,212,1,Regular Customer
834421,66,1,14644,3,1,5,315,4,Regular Customer
834550,36,1,104,4,1,1,411,0,Recent Customer
834646,66,1,5556,3,1,3,313,4,Regular Customer
834679,66,1,11320,3,1,4,314,4,Regular Customer
834736,87,1,1254,2,1,1,211,4,Regular Customer
834832,127,1,1602,1,1,1,111,1,At Risk Customer
834898,30,1,14250,5,1,5,515,0,Recent Customer
834998,74,2,15259,3,1,5,315,4,Regular Customer
835094,62,1,1385,3,1,1,311,4,Regular Customer
835193,100,1,3688,2,1,2,212,1,Regular Customer
835208,93,1,2027,2,1,1,211,1,Regular Customer
835215,90,1,4648,2,1,2,212,4,Regular Customer
835295,122,1,4945,1,1,3,113,1,At Risk Customer
835424,114,1,1163,1,1,1,111,1,At Risk Customer
835566,19,1,1730,5,1,1,511,0,Recent Customer
835586,14,1,12846,5,1,4,514,0,Recent Customer
835648,113,1,4469,1,1,2,112,1,At Risk Customer
835657,23,1,7098,5,1,3,513,0,Recent Customer
835779,72,1,3406,3,1,2,312,4,Regular Customer
836045,80,2,17942,3,1,5,315,4,Regular Customer
836186,42,1,5646,4,1,3,413,0,Regular Customer
836212,58,2,3065,4,1,2,412,4,Regular Customer
836341,115,1,142,1,1,1,111,1,At Risk Customer
836347,68,1,4056,3,1,2,312,4,Regular Customer
836485,120,1,5138,1,1,3,113,1,At Risk Customer
836542,95,1,14684,2,1,5,215,1,Regular Customer
836635,76,90,563443,3,2,5,325,3,VIP Customer
836799,86,1,3164,2,1,2,212,4,Regular Customer
836852,119,1,72,1,1,1,111,1,At Risk Customer
837052,101,4,19419,2,2,5,225,1,VIP Customer
837186,113,1,9604,1,1,4,114,1,At Risk Customer
837197,51,1,3438,4,1,2,412,4,Regular Customer
837233,32,1,7164,4,1,3,413,0,Recent Customer
837242,17,1,4080,5,1,2,512,0,Recent Customer
837352,91,1,4574,2,1,2,212,4,Regular Customer
837376,5,1,5250,5,1,3,513,0,Recent Customer
837377,54,5,29949,4,2,5,425,4,VIP Customer
837613,15,1,5010,5,1,3,513,0,Recent Customer
837657,42,2,34120,4,1,5,415,0,High Value Customer
837675,22,1,2547,5,1,2,512,0,Recent Customer
837781,66,1,7401,3,1,3,313,4,Regular Customer
837952,57,1,687,4,1,1,411,4,Regular Customer
838086,77,1,5370,3,1,3,313,4,Regular Customer
838113,57,1,4640,4,1,2,412,4,Regular Customer
838154,65,1,10968,3,1,4,314,4,Regular Customer
838194,35,1,2114,4,1,1,411,0,Recent Customer
838226,53,2,16192,4,1,5,415,4,Regular Customer
838490,48,1,8589,4,1,4,414,4,Regular Customer
839322,30,2,10008,5,1,4,514,0,Recent Customer
839347,135,1,2972,1,1,2,112,1,At Risk Customer
839496,78,1,4738,3,1,3,313,4,Regular Customer
839529,19,1,2686,5,1,2,512,0,Recent Customer
839704,122,1,7275,1,1,3,113,1,At Risk Customer
839761,38,1,12748,4,1,4,414,0,Regular Customer
839832,40,1,4287,4,1,2,412,0,Regular Customer
839860,114,1,13869,1,1,5,115,1,At Risk Customer
840029,36,1,6452,4,1,3,413,0,Recent Customer
840031,60,1,2917,3,1,2,312,4,Regular Customer
840076,62,1,3188,3,1,2,312,4,Regular Customer
840234,24,1,1265,5,1,1,511,0,Recent Customer
840427,50,1,3948,4,1,2,412,4,Regular Customer
840638,19,1,18844,5,1,5,515,0,High Value Customer
840742,50,1,9748,4,1,4,414,4,Regular Customer
840783,51,1,354,4,1,1,411,4,Regular Customer
840793,29,1,14340,5,1,5,515,0,Recent Customer
840868,122,1,8445,1,1,4,114,1,At Risk Customer
841511,88,1,10284,2,1,4,214,4,Regular Customer
841560,1,1,4172,5,1,2,512,0,Recent Customer
841657,16,1,2884,5,1,2,512,0,Recent Customer
841767,22,1,2534,5,1,2,512,0,Recent Customer
841939,100,38,229063,2,2,5,225,1,VIP Customer
842249,113,1,7092,1,1,3,113,1,At Risk Customer
842264,15,1,5112,5,1,3,513,0,Recent Customer
842297,46,1,2560,4,1,2,412,0,Regular Customer
842357,60,1,7302,3,1,3,313,4,Regular Customer
842413,71,1,3693,3,1,2,312,4,Regular Customer
842547,36,1,7284,4,1,3,413,0,Recent Customer
842640,122,1,7404,1,1,3,113,1,At Risk Customer
842713,19,1,2239,5,1,1,511,0,Recent Customer
842906,10,1,7348,5,1,3,513,0,Recent Customer
843246,4,1,7820,5,1,3,513,0,Recent Customer
843284,43,2,15167,4,1,5,415,0,Regular Customer
843382,84,1,927,3,1,1,311,4,Regular Customer
843438,114,2,8394,1,1,4,114,1,At Risk Customer
843535,96,1,8746,2,1,4,214,1,Regular Customer
843754,128,1,16504,1,1,5,115,1,At Risk Customer
843805,60,1,3885,3,1,2,312,4,Regular Customer
843884,18,1,2008,5,1,1,511,0,Recent Customer
844369,47,1,2292,4,1,2,412,4,Regular Customer
844406,19,1,490,5,1,1,511,0,Recent Customer
844423,74,1,1560,3,1,1,311,4,Regular Customer
844650,65,1,8626,3,1,4,314,4,Regular Customer
844840,98,1,5691,2,1,3,213,1,Regular Customer
845364,23,1,796,5,1,1,511,0,Recent Customer
845399,15,1,9696,5,1,4,514,0,Recent Customer
845681,8,1,283,5,1,1,511,0,Recent Customer
845701,95,2,10211,2,1,4,214,1,Regular Customer
845909,44,1,4434,4,1,2,412,0,Regular Customer
846135,40,1,1244,4,1,1,411,0,Regular Customer
846194,87,1,4111,2,1,2,212,4,Regular Customer
846256,7,1,708,5,1,1,511,0,Recent Customer
846581,123,1,5740,1,1,3,113,1,At Risk Customer
846617,88,2,13986,2,1,5,215,4,Regular Customer
846650,85,1,1762,2,1,1,211,4,Regular Customer
846763,37,5,41484,4,2,5,425,0,VIP Customer
846775,66,2,8066,3,1,3,313,4,Regular Customer
846908,2,2,16827,5,1,5,515,0,Recent Customer
847359,42,1,11466,4,1,4,414,0,Regular Customer
848052,66,1,9027,3,1,4,314,4,Regular Customer
848086,24,1,3999,5,1,2,512,0,Recent Customer
848163,99,1,4650,2,1,2,212,1,Regular Customer
848371,74,1,9660,3,1,4,314,4,Regular Customer
848427,91,2,3979,2,1,2,212,4,Regular Customer
848474,23,1,3781,5,1,2,512,0,Recent Customer
848739,70,1,2143,3,1,1,311,4,Regular Customer
848806,133,1,5943,1,1,3,113,1,At Risk Customer
849034,107,1,696,2,1,1,211,1,At Risk Customer
849201,53,1,3478,4,1,2,412,4,Regular Customer
849322,136,1,3501,1,1,2,112,1,At Risk Customer
849756,22,1,9060,5,1,4,514,0,Recent Customer
849838,115,1,6610,1,1,3,113,1,At Risk Customer
849872,92,2,10530,2,1,4,214,4,Regular Customer
849908,106,1,1296,2,1,1,211,1,At Risk Customer
849941,137,1,11490,1,1,4,114,1,At Risk Customer
849992,29,1,14008,5,1,5,515,0,Recent Customer
850173,109,1,4386,2,1,2,212,1,At Risk Customer
850317,117,2,17288,1,1,5,115,1,At Risk Customer
850320,93,1,5622,2,1,3,213,1,Regular Customer
850462,19,1,4322,5,1,2,512,0,Recent Customer
850520,110,2,18388,2,1,5,215,1,At Risk Customer
850561,33,1,8016,4,1,3,413,0,Recent Customer
850564,70,3,11300,3,2,4,324,4,Loyal Customer
850942,122,1,2067,1,1,1,111,1,At Risk Customer
850983,12,1,2600,5,1,2,512,0,Recent Customer
851049,111,1,7725,2,1,3,213,1,At Risk Customer
851095,43,1,11961,4,1,4,414,0,Regular Customer
851228,87,1,17408,2,1,5,215,4,Regular Customer
851296,58,1,13740,4,1,5,415,4,Regular Customer
851416,84,1,3593,3,1,2,312,4,Regular Customer
851563,128,1,2366,1,1,2,112,1,At Risk Customer
851653,88,1,13797,2,1,5,215,4,Regular Customer
851858,68,1,2970,3,1,2,312,4,Regular Customer
851970,7,1,13359,5,1,4,514,0,Recent Customer
851973,108,1,13575,2,1,4,214,1,At Risk Customer
852055,86,2,16975,2,1,5,215,4,Regular Customer
852118,57,1,1396,4,1,1,411,4,Regular Customer
852251,75,4,58500,3,2,5,325,4,VIP Customer
852252,39,1,7366,4,1,3,413,0,Regular Customer
852288,46,1,8322,4,1,4,414,0,Regular Customer
852548,121,1,1964,1,1,1,111,1,At Risk Customer
852757,51,2,15047,4,1,5,415,4,Regular Customer
852875,86,1,5196,2,1,3,213,4,Regular Customer
853218,129,1,1490,1,1,1,111,1,At Risk Customer
853312,128,1,1036,1,1,1,111,1,At Risk Customer
853545,74,1,403,3,1,1,311,4,Regular Customer
853627,127,1,252,1,1,1,111,1,At Risk Customer
853747,81,2,4087,3,1,2,312,4,Regular Customer
853851,105,1,3734,2,1,2,212,1,At Risk Customer
853860,111,1,5356,2,1,3,213,1,At Risk Customer
853874,79,1,624,3,1,1,311,4,Regular Customer
854134,22,3,15582,5,2,5,525,0,Loyal Customer
854227,8,1,19080,5,1,5,515,0,High Value Customer
854310,102,1,1113,2,1,1,211,1,Regular Customer
854415,14,1,4151,5,1,2,512,0,Recent Customer
854516,65,1,5844,3,1,3,313,4,Regular Customer
854517,16,1,4791,5,1,3,513,0,Recent Customer
854570,120,1,3968,1,1,2,112,1,At Risk Customer
854740,109,1,4916,2,1,3,213,1,At Risk Customer
854797,5,2,9568,5,1,4,514,0,Recent Customer
854854,94,1,2712,2,1,2,212,1,Regular Customer
854858,107,1,2977,2,1,2,212,1,At Risk Customer
854863,100,1,7988,2,1,3,213,1,Regular Customer
854879,58,1,861,4,1,1,411,4,Regular Customer
855092,136,1,3648,1,1,2,112,1,At Risk Customer
855251,137,1,2766,1,1,2,112,1,At Risk Customer
855383,85,2,12919,2,1,4,214,4,Regular Customer
855614,105,2,17302,2,1,5,215,1,At Risk Customer
855713,38,3,21380,4,2,5,425,0,Loyal Customer
855728,132,5,13902,1,2,5,125,1,VIP Customer
855941,49,1,1284,4,1,1,411,4,Regular Customer
856226,128,3,16025,1,2,5,125,1,Loyal Customer
856304,52,4,4440,4,2,2,422,4,Loyal Customer
856489,38,1,6288,4,1,3,413,0,Regular Customer
856584,38,3,8026,4,2,3,423,0,Loyal Customer
856600,11,1,9244,5,1,4,514,0,Recent Customer
856639,124,1,3358,1,1,2,112,1,At Risk Customer
856753,112,1,1610,1,1,1,111,1,At Risk Customer
856766,5,1,7584,5,1,3,513,0,Recent Customer
856826,79,1,6240,3,1,3,313,4,Regular Customer
856897,119,1,926,1,1,1,111,1,At Risk Customer
856909,117,1,2326,1,1,2,112,1,At Risk Customer
856949,86,1,3228,2,1,2,212,4,Regular Customer
857013,53,2,14096,4,1,5,415,4,Regular Customer
857125,58,1,578,4,1,1,411,4,Regular Customer
857188,62,1,2255,3,1,1,311,4,Regular Customer
857417,66,1,6548,3,1,3,313,4,Regular Customer
857465,123,2,5425,1,1,3,113,1,At Risk Customer
857716,14,2,16768,5,1,5,515,0,Recent Customer
858052,50,1,384,4,1,1,411,4,Regular Customer
858127,107,1,2073,2,1,1,211,1,At Risk Customer
858299,72,1,8404,3,1,4,314,4,Regular Customer
858324,35,2,13221,4,1,4,414,0,Recent Customer
858411,136,2,20858,1,1,5,115,1,High Value Customer
858445,102,2,1876,2,1,1,211,1,Regular Customer
858493,136,1,8382,1,1,4,114,1,At Risk Customer
858524,129,1,3773,1,1,2,112,1,At Risk Customer
858750,59,1,10764,3,1,4,314,4,Regular Customer
858934,131,1,4571,1,1,2,112,1,At Risk Customer
858951,9,1,8364,5,1,4,514,0,Recent Customer
858966,126,1,6939,1,1,3,113,1,At Risk Customer
859012,4,1,2318,5,1,2,512,0,Recent Customer
859080,52,1,13140,4,1,4,414,4,Regular Customer
859454,108,3,34088,2,2,5,225,1,Loyal Customer
859462,101,1,915,2,1,1,211,1,Regular Customer
859654,46,1,9572,4,1,4,414,0,Regular Customer
859783,107,1,14358,2,1,5,215,1,At Risk Customer
859964,44,1,2262,4,1,1,411,0,Regular Customer
860026,36,1,4698,4,1,3,413,0,Recent Customer
860075,76,3,12372,3,2,4,324,4,Loyal Customer
860099,55,1,7404,4,1,3,413,4,Regular Customer
860228,87,1,3974,2,1,2,212,4,Regular Customer
860295,8,1,5674,5,1,3,513,0,Recent Customer
860652,30,2,12042,5,1,4,514,0,Recent Customer
860950,45,1,526,4,1,1,411,0,Regular Customer
861157,65,1,3480,3,1,2,312,4,Regular Customer
861158,94,1,2026,2,1,1,211,1,Regular Customer
861173,124,2,22162,1,1,5,115,1,High Value Customer
861299,30,188,1161199,5,2,5,525,3,VIP Customer
861301,31,1,1728,4,1,1,411,0,Recent Customer
861356,62,1,6228,3,1,3,313,4,Regular Customer
861630,60,2,18106,3,1,5,315,4,Regular Customer
861638,81,1,1530,3,1,1,311,4,Regular Customer
861651,98,2,4452,2,1,2,212,1,Regular Customer
861923,95,2,19874,2,1,5,215,1,High Value Customer
861940,135,1,2666,1,1,2,112,1,At Risk Customer
862280,87,1,5426,2,1,3,213,4,Regular Customer
862551,23,1,1270,5,1,1,511,0,Recent Customer
862608,43,1,703,4,1,1,411,0,Regular Customer
862751,22,1,2244,5,1,1,511,0,Recent Customer
862797,45,1,972,4,1,1,411,0,Regular Customer
862823,67,1,5354,3,1,3,313,4,Regular Customer
863141,71,1,4961,3,1,3,313,4,Regular Customer
863181,9,1,1244,5,1,1,511,0,Recent Customer
863183,43,1,2106,4,1,1,411,0,Regular Customer
863203,44,1,1703,4,1,1,411,0,Regular Customer
863219,66,28,156828,3,2,5,325,4,VIP Customer
863250,120,1,17756,1,1,5,115,1,At Risk Customer
863260,67,1,2902,3,1,2,312,4,Regular Customer
863345,10,1,10536,5,1,4,514,0,Recent Customer
863452,59,1,10257,3,1,4,314,4,Regular Customer
863549,37,2,17697,4,1,5,415,0,Recent Customer
863634,6,2,6228,5,1,3,513,0,Recent Customer
863830,23,2,19307,5,1,5,515,0,High Value Customer
864077,74,1,2164,3,1,1,311,4,Regular Customer
864512,11,1,3876,5,1,2,512,0,Recent Customer
864513,137,2,11358,1,1,4,114,1,At Risk Customer
864621,52,1,3786,4,1,2,412,4,Regular Customer
864632,6,1,5828,5,1,3,513,0,Recent Customer
864696,44,1,4069,4,1,2,412,0,Regular Customer
864738,24,2,17820,5,1,5,515,0,Recent Customer
864847,13,1,2572,5,1,2,512,0,Recent Customer
864848,80,1,10713,3,1,4,314,4,Regular Customer
865129,128,1,8954,1,1,4,114,1,At Risk Customer
865268,123,1,1176,1,1,1,111,1,At Risk Customer
865376,3,2,16272,5,1,5,515,0,Recent Customer
865620,88,1,2197,2,1,1,211,4,Regular Customer
865638,87,1,10860,2,1,4,214,4,Regular Customer
865646,101,1,1620,2,1,1,211,1,Regular Customer
865905,128,1,1780,1,1,1,111,1,At Risk Customer
865938,55,1,2724,4,1,2,412,4,Regular Customer
865943,114,1,12104,1,1,4,114,1,At Risk Customer
866176,29,1,9040,5,1,4,514,0,Recent Customer
866191,65,6,19612,3,2,5,325,4,VIP Customer
866242,57,3,16070,4,2,5,425,4,Loyal Customer
866327,59,1,3120,3,1,2,312,4,Regular Customer
866540,109,1,9222,2,1,4,214,1,At Risk Customer
866629,61,1,6500,3,1,3,313,4,Regular Customer
866887,38,1,2380,4,1,2,412,0,Regular Customer
866924,103,1,9878,2,1,4,214,1,Regular Customer
867161,93,1,651,2,1,1,211,1,Regular Customer
867219,8,1,3836,5,1,2,512,0,Recent Customer
867277,114,1,12608,1,1,4,114,1,At Risk Customer
867302,100,1,13035,2,1,4,214,1,Regular Customer
867355,92,3,26015,2,2,5,225,4,Loyal Customer
867365,112,1,3614,1,1,2,112,1,At Risk Customer
867441,6,3,17302,5,2,5,525,0,Loyal Customer
867490,118,1,2981,1,1,2,112,1,At Risk Customer
867658,3,1,12400,5,1,4,514,0,Recent Customer
867768,83,2,10875,3,1,4,314,4,Regular Customer
867926,11,1,2274,5,1,1,511,0,Recent Customer
868057,102,3,12054,2,2,4,224,1,Loyal Customer
868302,29,1,3195,5,1,2,512,0,Recent Customer
868429,121,1,1636,1,1,1,111,1,At Risk Customer
868475,48,1,10359,4,1,4,414,4,Regular Customer
868499,79,1,732,3,1,1,311,4,Regular Customer
868505,114,2,18307,1,1,5,115,1,At Risk Customer
868541,137,7,33648,1,2,5,125,1,VIP Customer
868795,35,1,14920,4,1,5,415,0,Recent Customer
868964,92,1,9162,2,1,4,214,4,Regular Customer
868985,70,1,9212,3,1,4,314,4,Regular Customer
869008,138,1,7252,1,1,3,113,1,At Risk Customer
869081,29,1,2767,5,1,2,512,0,Recent Customer
869101,73,1,4954,3,1,3,313,4,Regular Customer
869123,103,1,1089,2,1,1,211,1,Regular Customer
869170,30,1,7824,5,1,3,513,0,Recent Customer
869183,93,1,3396,2,1,2,212,1,Regular Customer
869275,54,1,5151,4,1,3,413,4,Regular Customer
869432,127,2,23930,1,1,5,115,1,High Value Customer
869542,57,1,14496,4,1,5,415,4,Regular Customer
869544,89,1,114,2,1,1,211,4,Regular Customer
869576,72,1,33,3,1,1,311,4,Regular Customer
869663,114,1,4760,1,1,3,113,1,At Risk Customer
869899,66,1,10620,3,1,4,314,4,Regular Customer
870052,96,1,4786,2,1,3,213,1,Regular Customer
870114,18,1,4928,5,1,3,513,0,Recent Customer
870243,46,1,4851,4,1,3,413,0,Regular Customer
870323,129,3,4525,1,2,2,122,1,Loyal Customer
870390,11,1,4738,5,1,3,513,0,Recent Customer
870683,91,1,499,2,1,1,211,4,Regular Customer
870834,3,1,4429,5,1,2,512,0,Recent Customer
870843,19,2,5159,5,1,3,513,0,Recent Customer
871147,51,1,3661,4,1,2,412,4,Regular Customer
871178,127,1,2818,1,1,2,112,1,At Risk Customer
871243,1,1,4928,5,1,3,513,0,Recent Customer
871303,99,1,17240,2,1,5,215,1,Regular Customer
871359,38,1,19848,4,1,5,415,0,High Value Customer
871413,23,1,2106,5,1,1,511,0,Recent Customer
871414,128,1,6908,1,1,3,113,1,At Risk Customer
871424,11,1,3808,5,1,2,512,0,Recent Customer
871476,72,1,1737,3,1,1,311,4,Regular Customer
871854,133,1,5118,1,1,3,113,1,At Risk Customer
871971,97,1,9868,2,1,4,214,1,Regular Customer
872005,129,1,726,1,1,1,111,1,At Risk Customer
872183,137,1,4852,1,1,3,113,1,At Risk Customer
872187,89,1,463,2,1,1,211,4,Regular Customer
872338,94,7,46014,2,2,5,225,1,VIP Customer
872457,30,1,9474,5,1,4,514,0,Recent Customer
872574,9,1,906,5,1,1,511,0,Recent Customer
872690,73,1,6086,3,1,3,313,4,Regular Customer
872963,23,2,7820,5,1,3,513,0,Recent Customer
873157,31,2,11797,4,1,4,414,0,Recent Customer
873285,64,1,2146,3,1,1,311,4,Regular Customer
873287,2,1,3040,5,1,2,512,0,Recent Customer
873353,72,3,11800,3,2,4,324,4,Loyal Customer
873361,40,1,12474,4,1,4,414,0,Regular Customer
873401,109,1,9915,2,1,4,214,1,At Risk Customer
873435,116,1,1473,1,1,1,111,1,At Risk Customer
873597,125,1,9124,1,1,4,114,1,At Risk Customer
873605,134,1,1036,1,1,1,111,1,At Risk Customer
874288,79,1,1412,3,1,1,311,4,Regular Customer
874524,71,1,8850,3,1,4,314,4,Regular Customer
874668,129,1,1977,1,1,1,111,1,At Risk Customer
874723,29,1,6388,5,1,3,513,0,Recent Customer
875146,55,2,14162,4,1,5,415,4,Regular Customer
875263,88,1,8742,2,1,4,214,4,Regular Customer
875441,41,1,1695,4,1,1,411,0,Regular Customer
875496,27,1,12592,5,1,4,514,0,Recent Customer
875538,17,1,10320,5,1,4,514,0,Recent Customer
875557,60,1,4009,3,1,2,312,4,Regular Customer
875801,95,1,3309,2,1,2,212,1,Regular Customer
875891,133,1,9890,1,1,4,114,1,At Risk Customer
875921,122,4,17063,1,2,5,125,1,VIP Customer
875980,2,1,8040,5,1,3,513,0,Recent Customer
876029,25,1,1265,5,1,1,511,0,Recent Customer
876241,75,1,3543,3,1,2,312,4,Regular Customer
876254,127,1,6592,1,1,3,113,1,At Risk Customer
876319,30,1,623,5,1,1,511,0,Recent Customer
876323,126,1,9807,1,1,4,114,1,At Risk Customer
876481,97,1,590,2,1,1,211,1,Regular Customer
876581,108,1,8638,2,1,4,214,1,At Risk Customer
876612,60,1,91,3,1,1,311,4,Regular Customer
876719,11,1,12837,5,1,4,514,0,Recent Customer
877058,116,2,24461,1,1,5,115,1,High Value Customer
877108,74,1,4084,3,1,2,312,4,Regular Customer
877212,134,1,14140,1,1,5,115,1,At Risk Customer
877289,31,1,5706,4,1,3,413,0,Recent Customer
877309,10,1,9654,5,1,4,514,0,Recent Customer
877421,86,1,11532,2,1,4,214,4,Regular Customer
877486,12,2,16698,5,1,5,515,0,Recent Customer
877963,89,1,1109,2,1,1,211,4,Regular Customer
878229,102,1,9238,2,1,4,214,1,Regular Customer
878466,3,2,12614,5,1,4,514,0,Recent Customer
878690,105,1,1740,2,1,1,211,1,At Risk Customer
878699,79,1,16052,3,1,5,315,4,Regular Customer
879019,129,2,20549,1,1,5,115,1,High Value Customer
879063,101,1,13668,2,1,5,215,1,Regular Customer
879169,135,1,9820,1,1,4,114,1,At Risk Customer
879173,122,1,1998,1,1,1,111,1,At Risk Customer
879320,37,1,9566,4,1,4,414,0,Recent Customer
879518,57,1,4512,4,1,2,412,4,Regular Customer
879685,103,2,4073,2,1,2,212,1,Regular Customer
879818,18,3,15150,5,2,5,525,0,Loyal Customer
879907,115,2,22755,1,1,5,115,1,High Value Customer
880099,77,1,7245,3,1,3,313,4,Regular Customer
880333,37,1,2240,4,1,1,411,0,Recent Customer
880377,121,1,8295,1,1,3,113,1,At Risk Customer
880465,98,2,9565,2,1,4,214,1,Regular Customer
880513,92,1,6652,2,1,3,213,4,Regular Customer
880629,79,1,4754,3,1,3,313,4,Regular Customer
880840,69,1,4934,3,1,3,313,4,Regular Customer
880959,62,1,2044,3,1,1,311,4,Regular Customer
881061,43,3,21159,4,2,5,425,0,Loyal Customer
881365,83,1,7448,3,1,3,313,4,Regular Customer
881599,132,1,3867,1,1,2,112,1,At Risk Customer
881608,124,1,7064,1,1,3,113,1,At Risk Customer
881734,79,1,19148,3,1,5,315,4,High Value Customer
881932,127,2,18207,1,1,5,115,1,At Risk Customer
881948,53,1,645,4,1,1,411,4,Regular Customer
881999,57,2,6640,4,1,3,413,4,Regular Customer
882108,9,2,13386,5,1,4,514,0,Recent Customer
882313,136,1,17072,1,1,5,115,1,At Risk Customer
882367,47,1,672,4,1,1,411,4,Regular Customer
882469,29,1,1560,5,1,1,511,0,Recent Customer
883069,81,2,18310,3,1,5,315,4,Regular Customer
883093,44,3,16451,4,2,5,425,0,Loyal Customer
883121,58,1,10077,4,1,4,414,4,Regular Customer
883355,79,1,3474,3,1,2,312,4,Regular Customer
883404,9,1,5404,5,1,3,513,0,Recent Customer
883655,42,1,4230,4,1,2,412,0,Regular Customer
883693,28,1,1968,5,1,1,511,0,Recent Customer
883745,13,8,62784,5,2,5,525,0,VIP Customer
883817,116,1,4125,1,1,2,112,1,At Risk Customer
883927,18,1,1292,5,1,1,511,0,Recent Customer
884078,57,1,14132,4,1,5,415,4,Regular Customer
884409,136,1,882,1,1,1,111,1,At Risk Customer
884495,111,1,144,2,1,1,211,1,At Risk Customer
884534,65,1,10284,3,1,4,314,4,Regular Customer
884674,44,1,2778,4,1,2,412,0,Regular Customer
884923,39,1,7071,4,1,3,413,0,Regular Customer
884927,133,1,8294,1,1,3,113,1,At Risk Customer
884928,91,2,2666,2,1,2,212,4,Regular Customer
885199,87,1,19708,2,1,5,215,4,High Value Customer
885223,127,3,18568,1,2,5,125,1,Loyal Customer
885324,122,1,4873,1,1,3,113,1,At Risk Customer
885513,117,1,1383,1,1,1,111,1,At Risk Customer
885852,114,1,4167,1,1,2,112,1,At Risk Customer
885864,52,1,3386,4,1,2,412,4,Regular Customer
885899,119,1,7977,1,1,3,113,1,At Risk Customer
885909,81,1,4651,3,1,2,312,4,Regular Customer
886025,59,1,3881,3,1,2,312,4,Regular Customer
886110,123,2,14780,1,1,5,115,1,At Risk Customer
886166,109,3,26959,2,2,5,225,1,Loyal Customer
886178,98,1,13413,2,1,4,214,1,Regular Customer
886313,136,2,14324,1,1,5,115,1,At Risk Customer
886390,65,1,9540,3,1,4,314,4,Regular Customer
886402,104,1,1182,2,1,1,211,1,Regular Customer
886494,75,3,16934,3,2,5,325,4,Loyal Customer
886766,94,1,6636,2,1,3,213,1,Regular Customer
886905,3,2,13550,5,1,4,514,0,Recent Customer
887007,44,1,2848,4,1,2,412,0,Regular Customer
887168,15,1,5776,5,1,3,513,0,Recent Customer
887269,3,1,2660,5,1,2,512,0,Recent Customer
887451,36,1,653,4,1,1,411,0,Recent Customer
887459,46,1,1245,4,1,1,411,0,Regular Customer
887488,32,4,25400,4,2,5,425,0,VIP Customer
887520,59,1,8040,3,1,3,313,4,Regular Customer
887615,77,1,5157,3,1,3,313,4,Regular Customer
888165,50,1,4704,4,1,3,413,4,Regular Customer
888200,50,1,370,4,1,1,411,4,Regular Customer
888465,92,1,1076,2,1,1,211,4,Regular Customer
888469,44,2,16170,4,1,5,415,0,Regular Customer
888537,30,5,43180,5,2,5,525,0,VIP Customer
888593,21,1,2593,5,1,2,512,0,Recent Customer
888717,34,1,7866,4,1,3,413,0,Recent Customer
888739,105,1,14480,2,1,5,215,1,At Risk Customer
888741,108,3,10740,2,2,4,224,1,Loyal Customer
888829,89,1,168,2,1,1,211,4,Regular Customer
888834,114,2,4834,1,1,3,113,1,At Risk Customer
888860,25,1,4526,5,1,2,512,0,Recent Customer
888881,92,3,23139,2,2,5,225,4,Loyal Customer
889244,7,1,11781,5,1,4,514,0,Recent Customer
889407,136,1,11612,1,1,4,114,1,At Risk Customer
889526,37,1,40,4,1,1,411,0,Recent Customer
889692,35,1,5020,4,1,3,413,0,Recent Customer
889801,129,1,2194,1,1,1,111,1,At Risk Customer
889802,105,1,4954,2,1,3,213,1,At Risk Customer
889964,46,1,17436,4,1,5,415,0,Regular Customer
889997,122,1,4290,1,1,2,112,1,At Risk Customer
890047,4,2,24934,5,1,5,515,0,High Value Customer
890105,29,4,15739,5,2,5,525,0,VIP Customer
890290,92,1,1448,2,1,1,211,4,Regular Customer
890458,56,1,4934,4,1,3,413,4,Regular Customer
890611,94,1,14680,2,1,5,215,1,Regular Customer
890915,131,1,7828,1,1,3,113,1,At Risk Customer
890980,52,145,994770,4,2,5,425,3,VIP Customer
891134,17,1,15056,5,1,5,515,0,Recent Customer
891328,20,2,15151,5,1,5,515,0,Recent Customer
891726,116,1,2260,1,1,1,111,1,At Risk Customer
891847,1,1,1468,5,1,1,511,0,Recent Customer
891938,46,1,2322,4,1,2,412,0,Regular Customer
891942,60,1,16736,3,1,5,315,4,Regular Customer
892018,55,1,10068,4,1,4,414,4,Regular Customer
892316,23,1,8265,5,1,3,513,0,Recent Customer
892355,95,38,261933,2,2,5,225,1,VIP Customer
892371,128,1,29,1,1,1,111,1,At Risk Customer
892394,5,2,2847,5,1,2,512,0,Recent Customer
892424,124,1,5586,1,1,3,113,1,At Risk Customer
892464,81,1,4036,3,1,2,312,4,Regular Customer
892515,2,1,8838,5,1,4,514,0,Recent Customer
892646,60,1,15956,3,1,5,315,4,Regular Customer
892697,90,1,9480,2,1,4,214,4,Regular Customer
892706,53,2,15150,4,1,5,415,4,Regular Customer
892771,84,1,12321,3,1,4,314,4,Regular Customer
893009,58,2,16964,4,1,5,415,4,Regular Customer
893043,108,1,11032,2,1,4,214,1,At Risk Customer
893113,107,1,12828,2,1,4,214,1,At Risk Customer
893155,97,1,1784,2,1,1,211,1,Regular Customer
893232,74,1,8654,3,1,4,314,4,Regular Customer
893345,23,1,12309,5,1,4,514,0,Recent Customer
893541,30,3,18588,5,2,5,525,0,Loyal Customer
893630,58,1,4088,4,1,2,412,4,Regular Customer
893695,135,1,6990,1,1,3,113,1,At Risk Customer
893784,100,1,14376,2,1,5,215,1,Regular Customer
893962,117,1,11924,1,1,4,114,1,At Risk Customer
894034,131,3,19298,1,2,5,125,1,Loyal Customer
894065,3,1,2672,5,1,2,512,0,Recent Customer
894114,12,4,15606,5,2,5,525,0,VIP Customer
894153,57,4,34059,4,2,5,425,4,VIP Customer
894476,116,1,5888,1,1,3,113,1,At Risk Customer
894696,66,2,14210,3,1,5,315,4,Regular Customer
895189,71,1,150,3,1,1,311,4,Regular Customer
895230,58,2,4265,4,1,2,412,4,Regular Customer
895547,78,2,965,3,1,1,311,4,Regular Customer
895590,121,1,1022,1,1,1,111,1,At Risk Customer
895690,111,1,10677,2,1,4,214,1,At Risk Customer
895733,74,10,50237,3,2,5,325,4,VIP Customer
895744,59,1,12951,3,1,4,314,4,Regular Customer
895969,58,2,6915,4,1,3,413,4,Regular Customer
895999,1,50,302803,5,2,5,525,3,VIP Customer
896012,21,3,21615,5,2,5,525,0,Loyal Customer
896066,7,10,81493,5,2,5,525,0,VIP Customer
896088,49,2,4219,4,1,2,412,4,Regular Customer
896188,30,1,1353,5,1,1,511,0,Recent Customer
896273,123,1,4440,1,1,2,112,1,At Risk Customer
896274,92,1,333,2,1,1,211,4,Regular Customer
896347,25,17,136166,5,2,5,525,0,VIP Customer
896538,121,1,2675,1,1,2,112,1,At Risk Customer
896640,14,1,3951,5,1,2,512,0,Recent Customer
896750,124,1,467,1,1,1,111,1,At Risk Customer
897013,5,1,8192,5,1,3,513,0,Recent Customer
897017,95,1,3945,2,1,2,212,1,Regular Customer
897109,100,1,8424,2,1,4,214,1,Regular Customer
897140,51,1,13278,4,1,4,414,4,Regular Customer
897209,50,1,5614,4,1,3,413,4,Regular Customer
897308,115,1,7464,1,1,3,113,1,At Risk Customer
897374,31,1,14550,4,1,5,415,0,Recent Customer
897411,28,1,1038,5,1,1,511,0,Recent Customer
897565,45,1,10011,4,1,4,414,0,Regular Customer
897665,94,1,9126,2,1,4,214,1,Regular Customer
897873,106,1,7773,2,1,3,213,1,At Risk Customer
897961,13,1,1094,5,1,1,511,0,Recent Customer
897982,47,1,2438,4,1,2,412,4,Regular Customer
897984,11,1,5336,5,1,3,513,0,Recent Customer
898096,88,1,3844,2,1,2,212,4,Regular Customer
898161,32,1,19948,4,1,5,415,0,High Value Customer
898506,68,1,13500,3,1,4,314,4,Regular Customer
898590,22,1,1435,5,1,1,511,0,Recent Customer
898655,126,1,12561,1,1,4,114,1,At Risk Customer
898902,74,1,6594,3,1,3,313,4,Regular Customer
899006,49,1,6326,4,1,3,413,4,Regular Customer
899008,34,1,10732,4,1,4,414,0,Recent Customer
899357,136,2,6258,1,1,3,113,1,At Risk Customer
899494,84,1,2948,3,1,2,312,4,Regular Customer
899781,47,2,15175,4,1,5,415,4,Regular Customer
899836,51,1,6771,4,1,3,413,4,Regular Customer
899857,8,72,448131,5,2,5,525,3,VIP Customer
899898,76,1,13224,3,1,4,314,4,Regular Customer
899963,71,1,2220,3,1,1,311,4,Regular Customer
900369,112,1,7064,1,1,3,113,1,At Risk Customer
900674,127,1,2905,1,1,2,112,1,At Risk Customer
900715,44,1,6435,4,1,3,413,0,Regular Customer
900820,96,1,9856,2,1,4,214,1,Regular Customer
900966,20,1,4896,5,1,3,513,0,Recent Customer
901007,82,1,15212,3,1,5,315,4,Regular Customer
901221,85,1,12124,2,1,4,214,4,Regular Customer
901283,93,1,1422,2,1,1,211,1,Regular Customer
901422,14,1,19636,5,1,5,515,0,High Value Customer
901467,105,1,3750,2,1,2,212,1,At Risk Customer
901801,93,1,4156,2,1,2,212,1,Regular Customer
901880,42,1,118,4,1,1,411,0,Regular Customer
901953,67,2,17453,3,1,5,315,4,Regular Customer
901963,43,1,1916,4,1,1,411,0,Regular Customer
902186,59,3,31257,3,2,5,325,4,Loyal Customer
902220,138,1,5362,1,1,3,113,1,At Risk Customer
902243,124,1,1443,1,1,1,111,1,At Risk Customer
902303,45,1,6674,4,1,3,413,0,Regular Customer
902561,76,1,289,3,1,1,311,4,Regular Customer
902662,70,2,11388,3,1,4,314,4,Regular Customer
902701,65,1,11820,3,1,4,314,4,Regular Customer
902711,36,1,17948,4,1,5,415,0,Recent Customer
902756,37,3,16112,4,2,5,425,0,Loyal Customer
902881,69,1,18848,3,1,5,315,4,High Value Customer
902934,137,1,2796,1,1,2,112,1,At Risk Customer
903316,90,1,1757,2,1,1,211,4,Regular Customer
903507,104,4,39415,2,2,5,225,1,VIP Customer
903515,51,1,8534,4,1,4,414,4,Regular Customer
903580,77,1,9610,3,1,4,314,4,Regular Customer
903829,116,1,2516,1,1,2,112,1,At Risk Customer
903847,93,3,18748,2,2,5,225,1,Loyal Customer
903935,105,1,4700,2,1,3,213,1,At Risk Customer
904015,18,1,3796,5,1,2,512,0,Recent Customer
904135,71,2,17610,3,1,5,315,4,Regular Customer
904167,74,1,3507,3,1,2,312,4,Regular Customer
904185,24,1,5422,5,1,3,513,0,Recent Customer
904265,37,1,4417,4,1,2,412,0,Recent Customer
904294,105,1,9878,2,1,4,214,1,At Risk Customer
904351,30,14,96418,5,2,5,525,0,VIP Customer
904418,96,2,4715,2,1,3,213,1,Regular Customer
904485,51,1,3290,4,1,2,412,4,Regular Customer
904488,119,1,3960,1,1,2,112,1,At Risk Customer
904709,73,1,4628,3,1,2,312,4,Regular Customer
904736,45,1,10998,4,1,4,414,0,Regular Customer
904879,52,1,2888,4,1,2,412,4,Regular Customer
904880,116,1,1505,1,1,1,111,1,At Risk Customer
904885,103,1,1695,2,1,1,211,1,Regular Customer
904909,68,2,13746,3,1,5,315,4,Regular Customer
905132,64,1,15844,3,1,5,315,4,Regular Customer
905237,53,1,14391,4,1,5,415,4,Regular Customer
905280,80,1,3906,3,1,2,312,4,Regular Customer
905308,87,1,1867,2,1,1,211,4,Regular Customer
905375,2,1,12147,5,1,4,514,0,Recent Customer
905476,27,2,28452,5,1,5,515,0,High Value Customer
905500,84,2,17275,3,1,5,315,4,Regular Customer
905698,70,1,10036,3,1,4,314,4,Regular Customer
905751,10,1,809,5,1,1,511,0,Recent Customer
905872,4,1,8529,5,1,4,514,0,Recent Customer
905936,96,2,11249,2,1,4,214,1,Regular Customer
905952,17,1,6420,5,1,3,513,0,Recent Customer
905976,21,1,1261,5,1,1,511,0,Recent Customer
906092,136,1,551,1,1,1,111,1,At Risk Customer
906126,9,1,3136,5,1,2,512,0,Recent Customer
906134,50,1,1168,4,1,1,411,4,Regular Customer
906238,104,2,2832,2,1,2,212,1,Regular Customer
906325,59,2,12719,3,1,4,314,4,Regular Customer
906550,64,1,12048,3,1,4,314,4,Regular Customer
906695,10,1,4394,5,1,2,512,0,Recent Customer
906703,78,1,8385,3,1,4,314,4,Regular Customer
906707,9,1,3942,5,1,2,512,0,Recent Customer
906711,29,1,2251,5,1,1,511,0,Recent Customer
906765,99,1,14583,2,1,5,215,1,Regular Customer
906835,121,1,11060,1,1,4,114,1,At Risk Customer
906971,38,1,13464,4,1,4,414,0,Regular Customer
907091,107,1,17940,2,1,5,215,1,At Risk Customer
907797,61,1,12568,3,1,4,314,4,Regular Customer
907812,5,1,4668,5,1,3,513,0,Recent Customer
907815,10,1,13444,5,1,4,514,0,Recent Customer
908278,80,1,3120,3,1,2,312,4,Regular Customer
908372,61,1,6240,3,1,3,313,4,Regular Customer
908446,81,1,13980,3,1,5,315,4,Regular Customer
908646,26,1,3975,5,1,2,512,0,Recent Customer
908786,48,1,14679,4,1,5,415,4,Regular Customer
908805,52,1,6432,4,1,3,413,4,Regular Customer
908818,59,1,7750,3,1,3,313,4,Regular Customer
908905,78,1,4108,3,1,2,312,4,Regular Customer
908941,101,1,602,2,1,1,211,1,Regular Customer
908971,129,1,3198,1,1,2,112,1,At Risk Customer
909277,25,1,3161,5,1,2,512,0,Recent Customer
909282,80,1,2692,3,1,2,312,4,Regular Customer
909547,80,1,7020,3,1,3,313,4,Regular Customer
910083,79,1,2951,3,1,2,312,4,Regular Customer
910106,71,1,6812,3,1,3,313,4,Regular Customer
910312,117,1,1433,1,1,1,111,1,At Risk Customer
910472,100,1,3426,2,1,2,212,1,Regular Customer
910960,135,1,6412,1,1,3,113,1,At Risk Customer
911093,108,3,35436,2,2,5,225,1,Loyal Customer
911377,44,1,5691,4,1,3,413,0,Regular Customer
911378,21,1,3350,5,1,2,512,0,Recent Customer
911446,126,1,15716,1,1,5,115,1,At Risk Customer
911447,25,1,7722,5,1,3,513,0,Recent Customer
911457,92,1,1131,2,1,1,211,4,Regular Customer
911674,104,1,1796,2,1,1,211,1,Regular Customer
911693,115,1,7173,1,1,3,113,1,At Risk Customer
911744,113,1,3846,1,1,2,112,1,At Risk Customer
911759,117,1,5214,1,1,3,113,1,At Risk Customer
912102,113,1,5448,1,1,3,113,1,At Risk Customer
912117,25,1,19384,5,1,5,515,0,High Value Customer
912214,91,1,9026,2,1,4,214,4,Regular Customer
912550,67,1,8408,3,1,4,314,4,Regular Customer
913045,95,2,14559,2,1,5,215,1,Regular Customer
913185,20,1,3384,5,1,2,512,0,Recent Customer
913201,129,4,29553,1,2,5,125,1,VIP Customer
913285,101,1,12954,2,1,4,214,1,Regular Customer
913454,138,1,9194,1,1,4,114,1,At Risk Customer
913490,107,1,5690,2,1,3,213,1,At Risk Customer
913725,56,1,2920,4,1,2,412,4,Regular Customer
913869,77,1,7810,3,1,3,313,4,Regular Customer
913976,5,1,8354,5,1,4,514,0,Recent Customer
914152,119,1,17592,1,1,5,115,1,At Risk Customer
914409,59,8,87583,3,2,5,325,4,VIP Customer
914613,57,1,2122,4,1,1,411,4,Regular Customer
914617,4,2,12551,5,1,4,514,0,Recent Customer
914636,59,1,8792,3,1,4,314,4,Regular Customer
914651,73,1,8265,3,1,3,313,4,Regular Customer
914734,49,1,5848,4,1,3,413,4,Regular Customer
914895,8,1,363,5,1,1,511,0,Recent Customer
915019,118,1,6178,1,1,3,113,1,At Risk Customer
915069,67,1,4573,3,1,2,312,4,Regular Customer
915126,116,4,21485,1,2,5,125,1,VIP Customer
915213,18,2,7552,5,1,3,513,0,Recent Customer
915374,107,1,15796,2,1,5,215,1,At Risk Customer
915412,66,1,4467,3,1,2,312,4,Regular Customer
915485,71,1,8838,3,1,4,314,4,Regular Customer
915594,89,1,4754,2,1,3,213,4,Regular Customer
915623,25,1,6786,5,1,3,513,0,Recent Customer
915759,114,1,1375,1,1,1,111,1,At Risk Customer
915892,93,1,2793,2,1,2,212,1,Regular Customer
916024,84,1,7353,3,1,3,313,4,Regular Customer
916332,24,1,3142,5,1,2,512,0,Recent Customer
916518,75,1,4452,3,1,2,312,4,Regular Customer
916527,10,1,8482,5,1,4,514,0,Recent Customer
916600,95,1,11308,2,1,4,214,1,Regular Customer
916601,2,1,13881,5,1,5,515,0,Recent Customer
916742,22,1,14032,5,1,5,515,0,Recent Customer
917001,126,1,2427,1,1,2,112,1,At Risk Customer
917005,58,1,67,4,1,1,411,4,Regular Customer
917036,103,1,866,2,1,1,211,1,Regular Customer
917038,100,1,540,2,1,1,211,1,Regular Customer
917059,92,1,8440,2,1,4,214,4,Regular Customer
917188,63,1,8133,3,1,3,313,4,Regular Customer
917289,102,1,11805,2,1,4,214,1,Regular Customer
917293,107,1,2052,2,1,1,211,1,At Risk Customer
917345,57,2,21666,4,1,5,415,4,High Value Customer
917360,72,1,4053,3,1,2,312,4,Regular Customer
917500,81,4,23434,3,2,5,325,4,VIP Customer
917528,11,1,1575,5,1,1,511,0,Recent Customer
917577,5,2,2767,5,1,2,512,0,Recent Customer
917594,81,1,794,3,1,1,311,4,Regular Customer
917629,11,2,1660,5,1,1,511,0,Recent Customer
917791,24,1,16276,5,1,5,515,0,Recent Customer
917851,64,2,4070,3,1,2,312,4,Regular Customer
917853,35,2,17547,4,1,5,415,0,Recent Customer
918146,99,1,5954,2,1,3,213,1,Regular Customer
918201,29,1,11844,5,1,4,514,0,Recent Customer
918277,15,12,86413,5,2,5,525,0,VIP Customer
918289,115,1,3708,1,1,2,112,1,At Risk Customer
918412,75,1,4456,3,1,2,312,4,Regular Customer
918415,126,1,5236,1,1,3,113,1,At Risk Customer
918441,5,1,11205,5,1,4,514,0,Recent Customer
918585,44,1,619,4,1,1,411,0,Regular Customer
918651,16,6,20764,5,2,5,525,0,VIP Customer
918664,124,1,9908,1,1,4,114,1,At Risk Customer
919028,90,5,39628,2,2,5,225,4,VIP Customer
919275,135,1,6952,1,1,3,113,1,At Risk Customer
919302,111,3,18040,2,2,5,225,1,Loyal Customer
919347,56,1,2861,4,1,2,412,4,Regular Customer
919420,110,1,16876,2,1,5,215,1,At Risk Customer
919682,52,1,2304,4,1,2,412,4,Regular Customer
919820,112,1,3942,1,1,2,112,1,At Risk Customer
920004,31,1,1844,4,1,1,411,0,Recent Customer
920018,51,1,4679,4,1,3,413,4,Regular Customer
920156,83,2,1165,3,1,1,311,4,Regular Customer
920453,53,1,2728,4,1,2,412,4,Regular Customer
920899,80,1,5308,3,1,3,313,4,Regular Customer
921444,102,1,4018,2,1,2,212,1,Regular Customer
921489,93,1,2612,2,1,2,212,1,Regular Customer
921499,17,1,3424,5,1,2,512,0,Recent Customer
921518,122,1,3846,1,1,2,112,1,At Risk Customer
921696,63,1,3433,3,1,2,312,4,Regular Customer
921915,2,1,2314,5,1,2,512,0,Recent Customer
922581,61,2,19986,3,1,5,315,4,High Value Customer
922607,31,2,30292,4,1,5,415,0,High Value Customer
922817,61,1,5070,3,1,3,313,4,Regular Customer
922843,110,1,8612,2,1,4,214,1,At Risk Customer
922967,91,1,5544,2,1,3,213,4,Regular Customer
923017,16,1,4672,5,1,3,513,0,Recent Customer
923179,16,1,1676,5,1,1,511,0,Recent Customer
923338,97,1,15604,2,1,5,215,1,Regular Customer
923418,32,1,3142,4,1,2,412,0,Recent Customer
923475,29,1,12252,5,1,4,514,0,Recent Customer
923908,119,2,5535,1,1,3,113,1,At Risk Customer
924020,88,1,8952,2,1,4,214,4,Regular Customer
924176,57,1,14892,4,1,5,415,4,Regular Customer
924468,124,1,6400,1,1,3,113,1,At Risk Customer
924484,123,1,8292,1,1,3,113,1,At Risk Customer
924526,118,1,4102,1,1,2,112,1,At Risk Customer
924551,60,1,3393,3,1,2,312,4,Regular Customer
924707,8,1,3873,5,1,2,512,0,Recent Customer
924711,76,1,1224,3,1,1,311,4,Regular Customer
924724,117,1,18372,1,1,5,115,1,At Risk Customer
924839,18,1,2239,5,1,1,511,0,Recent Customer
924939,80,1,6516,3,1,3,313,4,Regular Customer
925004,120,3,30898,1,2,5,125,1,Loyal Customer
925062,14,1,2238,5,1,1,511,0,Recent Customer
925189,93,1,4926,2,1,3,213,1,Regular Customer
925350,2,1,17332,5,1,5,515,0,Recent Customer
925703,101,1,7344,2,1,3,213,1,Regular Customer
925755,42,1,4848,4,1,3,413,0,Regular Customer
925775,95,1,1322,2,1,1,211,1,Regular Customer
925888,98,2,6176,2,1,3,213,1,Regular Customer
925995,123,1,12252,1,1,4,114,1,At Risk Customer
926014,6,1,4264,5,1,2,512,0,Recent Customer
926018,30,1,84,5,1,1,511,0,Recent Customer
926289,133,1,7680,1,1,3,113,1,At Risk Customer
926397,44,1,842,4,1,1,411,0,Regular Customer
926439,7,1,3450,5,1,2,512,0,Recent Customer
926490,64,1,5676,3,1,3,313,4,Regular Customer
926668,3,1,10773,5,1,4,514,0,Recent Customer
926821,84,1,2176,3,1,1,311,4,Regular Customer
927045,69,2,6771,3,1,3,313,4,Regular Customer
927075,30,1,468,5,1,1,511,0,Recent Customer
927157,6,1,2824,5,1,2,512,0,Recent Customer
927183,45,2,9726,4,1,4,414,0,Regular Customer
927384,45,3,7134,4,2,3,423,0,Loyal Customer
927429,51,2,6101,4,1,3,413,4,Regular Customer
927447,55,1,2179,4,1,1,411,4,Regular Customer
927736,66,1,4254,3,1,2,312,4,Regular Customer
927756,74,3,20105,3,2,5,325,4,Loyal Customer
927784,110,1,2984,2,1,2,212,1,At Risk Customer
927838,115,6,49796,1,2,5,125,1,VIP Customer
928046,108,2,25588,2,1,5,215,1,High Value Customer
928367,123,2,11385,1,1,4,114,1,At Risk Customer
928951,58,3,11908,4,2,4,424,4,Loyal Customer
929045,134,4,18101,1,2,5,125,1,VIP Customer
929159,52,1,2286,4,1,1,411,4,Regular Customer
929230,125,1,14316,1,1,5,115,1,At Risk Customer
929356,26,1,6027,5,1,3,513,0,Recent Customer
929382,102,2,19312,2,1,5,215,1,High Value Customer
929480,2,1,12892,5,1,4,514,0,Recent Customer
929638,114,2,7740,1,1,3,113,1,At Risk Customer
929721,87,1,183,2,1,1,211,4,Regular Customer
929807,77,1,2353,3,1,2,312,4,Regular Customer
929875,121,1,424,1,1,1,111,1,At Risk Customer
930274,72,1,1430,3,1,1,311,4,Regular Customer
930609,72,1,4180,3,1,2,312,4,Regular Customer
930694,9,2,10698,5,1,4,514,0,Recent Customer
930934,63,1,3580,3,1,2,312,4,Regular Customer
931020,58,1,11889,4,1,4,414,4,Regular Customer
931074,9,1,12462,5,1,4,514,0,Recent Customer
931182,128,2,23164,1,1,5,115,1,High Value Customer
931515,115,1,4954,1,1,3,113,1,At Risk Customer
931900,38,5,22034,4,2,5,425,0,VIP Customer
931964,98,1,12555,2,1,4,214,1,Regular Customer
932017,56,1,12680,4,1,4,414,4,Regular Customer
932109,93,1,882,2,1,1,211,1,Regular Customer
932151,137,2,6677,1,1,3,113,1,At Risk Customer
932193,100,2,12008,2,1,4,214,1,Regular Customer
932203,87,2,7988,2,1,3,213,4,Regular Customer
932290,25,1,14516,5,1,5,515,0,Recent Customer
932444,116,1,93,1,1,1,111,1,At Risk Customer
932542,118,2,8106,1,1,3,113,1,At Risk Customer
932633,10,1,88,5,1,1,511,0,Recent Customer
932651,127,2,12002,1,1,4,114,1,At Risk Customer
933174,89,2,8880,2,1,4,214,4,Regular Customer
933225,36,1,243,4,1,1,411,0,Recent Customer
933310,107,2,14799,2,1,5,215,1,At Risk Customer
933327,31,2,12357,4,1,4,414,0,Recent Customer
933696,112,1,1236,1,1,1,111,1,At Risk Customer
933700,22,1,2864,5,1,2,512,0,Recent Customer
933821,36,7,45285,4,2,5,425,0,VIP Customer
933885,54,1,2034,4,1,1,411,4,Regular Customer
933910,81,1,1851,3,1,1,311,4,Regular Customer
934208,60,3,14302,3,2,5,325,4,Loyal Customer
934244,80,1,2114,3,1,1,311,4,Regular Customer
934396,64,1,9964,3,1,4,314,4,Regular Customer
934487,4,1,4384,5,1,2,512,0,Recent Customer
934588,67,1,4894,3,1,3,313,4,Regular Customer
934648,110,1,7803,2,1,3,213,1,At Risk Customer
934663,42,1,3136,4,1,2,412,0,Regular Customer
934704,54,1,502,4,1,1,411,4,Regular Customer
934767,94,3,14287,2,2,5,225,1,Loyal Customer
935325,130,23,133477,1,2,5,125,1,VIP Customer
935355,70,1,7504,3,1,3,313,4,Regular Customer
935481,128,1,7971,1,1,3,113,1,At Risk Customer
935588,80,1,2151,3,1,1,311,4,Regular Customer
935624,63,1,2076,3,1,1,311,4,Regular Customer
935667,86,1,5830,2,1,3,213,4,Regular Customer
935726,4,1,11252,5,1,4,514,0,Recent Customer
935908,79,1,16008,3,1,5,315,4,Regular Customer
935910,66,1,4266,3,1,2,312,4,Regular Customer
935959,27,1,7300,5,1,3,513,0,Recent Customer
935997,127,2,5762,1,1,3,113,1,At Risk Customer
936360,111,1,4028,2,1,2,212,1,At Risk Customer
936434,131,1,8406,1,1,4,114,1,At Risk Customer
936674,92,2,606,2,1,1,211,4,Regular Customer
936737,108,1,1188,2,1,1,211,1,At Risk Customer
936783,93,1,3400,2,1,2,212,1,Regular Customer
937192,10,1,7910,5,1,3,513,0,Recent Customer
937219,76,1,4550,3,1,2,312,4,Regular Customer
937463,122,4,25951,1,2,5,125,1,VIP Customer
937483,122,2,16298,1,1,5,115,1,At Risk Customer
937494,95,1,804,2,1,1,211,1,Regular Customer
937584,99,2,9195,2,1,4,214,1,Regular Customer
937709,41,1,490,4,1,1,411,0,Regular Customer
938120,95,1,11112,2,1,4,214,1,Regular Customer
938199,13,1,574,5,1,1,511,0,Recent Customer
938243,50,1,9237,4,1,4,414,4,Regular Customer
938270,125,1,6194,1,1,3,113,1,At Risk Customer
938396,4,3,17346,5,2,5,525,0,Loyal Customer
938411,42,3,15316,4,2,5,425,0,Loyal Customer
938512,71,1,7484,3,1,3,313,4,Regular Customer
938513,115,1,7227,1,1,3,113,1,At Risk Customer
938835,122,1,13464,1,1,4,114,1,At Risk Customer
938994,117,1,9714,1,1,4,114,1,At Risk Customer
939019,70,1,19520,3,1,5,315,4,High Value Customer
939169,112,1,4349,1,1,2,112,1,At Risk Customer
939233,53,2,8016,4,1,3,413,4,Regular Customer
939239,24,1,1458,5,1,1,511,0,Recent Customer
939279,44,2,14014,4,1,5,415,0,Regular Customer
939309,104,2,16348,2,1,5,215,1,Regular Customer
939395,60,1,8456,3,1,4,314,4,Regular Customer
939674,35,1,6148,4,1,3,413,0,Recent Customer
939751,105,2,6356,2,1,3,213,1,At Risk Customer
939792,8,2,7199,5,1,3,513,0,Recent Customer
939961,30,1,942,5,1,1,511,0,Recent Customer
940070,59,2,13424,3,1,4,314,4,Regular Customer
940301,118,1,5184,1,1,3,113,1,At Risk Customer
940445,44,1,19848,4,1,5,415,0,High Value Customer
940498,98,1,12204,2,1,4,214,1,Regular Customer
940608,105,1,9684,2,1,4,214,1,At Risk Customer
940689,107,1,4058,2,1,2,212,1,At Risk Customer
940760,61,1,10317,3,1,4,314,4,Regular Customer
940955,87,2,34184,2,1,5,215,4,High Value Customer
941104,30,1,2231,5,1,1,511,0,Recent Customer
941284,72,1,6165,3,1,3,313,4,Regular Customer
941359,94,3,6930,2,2,3,223,1,Loyal Customer
941576,126,1,3586,1,1,2,112,1,At Risk Customer
941761,134,3,13369,1,2,4,124,1,Loyal Customer
942023,30,1,10413,5,1,4,514,0,Recent Customer
942096,36,2,9389,4,1,4,414,0,Recent Customer
942176,130,2,11470,1,1,4,114,1,At Risk Customer
942616,115,1,16056,1,1,5,115,1,At Risk Customer
942814,94,1,2793,2,1,2,212,1,Regular Customer
942926,119,5,17758,1,2,5,125,1,VIP Customer
943123,59,1,19444,3,1,5,315,4,High Value Customer
943357,53,1,922,4,1,1,411,4,Regular Customer
943466,116,1,4098,1,1,2,112,1,At Risk Customer
943518,107,2,11171,2,1,4,214,1,At Risk Customer
943572,80,1,3157,3,1,2,312,4,Regular Customer
943802,10,1,4934,5,1,3,513,0,Recent Customer
943950,110,2,9407,2,1,4,214,1,At Risk Customer
944168,69,3,24651,3,2,5,325,4,Loyal Customer
944221,124,1,16436,1,1,5,115,1,At Risk Customer
944307,81,2,12904,3,1,4,314,4,Regular Customer
944416,22,1,8736,5,1,4,514,0,Recent Customer
944418,65,1,7544,3,1,3,313,4,Regular Customer
944439,6,1,4920,5,1,3,513,0,Recent Customer
944478,126,1,10314,1,1,4,114,1,At Risk Customer
944546,133,1,8064,1,1,3,113,1,At Risk Customer
945184,109,1,2596,2,1,2,212,1,At Risk Customer
945223,86,1,4778,2,1,3,213,4,Regular Customer
945356,117,1,2344,1,1,2,112,1,At Risk Customer
945421,134,2,21345,1,1,5,115,1,High Value Customer
945508,16,2,17205,5,1,5,515,0,Recent Customer
945545,79,1,7506,3,1,3,313,4,Regular Customer
945612,89,3,24770,2,2,5,225,4,Loyal Customer
945706,99,1,3339,2,1,2,212,1,Regular Customer
946197,60,1,591,3,1,1,311,4,Regular Customer
946268,134,3,29401,1,2,5,125,1,Loyal Customer
946269,88,1,469,2,1,1,211,4,Regular Customer
946363,41,3,23591,4,2,5,425,0,Loyal Customer
946607,107,1,974,2,1,1,211,1,At Risk Customer
946749,138,1,9256,1,1,4,114,1,At Risk Customer
947112,78,1,483,3,1,1,311,4,Regular Customer
947389,79,4,22736,3,2,5,325,4,VIP Customer
947392,16,1,11127,5,1,4,514,0,Recent Customer
947400,14,1,13216,5,1,4,514,0,Recent Customer
947485,122,1,5292,1,1,3,113,1,At Risk Customer
947562,19,1,408,5,1,1,511,0,Recent Customer
947585,50,3,15867,4,2,5,425,4,Loyal Customer
947609,42,2,20452,4,1,5,415,0,High Value Customer
947666,116,1,3912,1,1,2,112,1,At Risk Customer
947829,60,1,13204,3,1,4,314,4,Regular Customer
947843,135,3,21402,1,2,5,125,1,Loyal Customer
948047,88,1,9582,2,1,4,214,4,Regular Customer
948335,136,3,11833,1,2,4,124,1,Loyal Customer
948336,114,1,3535,1,1,2,112,1,At Risk Customer
948540,14,1,13536,5,1,4,514,0,Recent Customer
948926,16,1,1612,5,1,1,511,0,Recent Customer
948961,60,1,4889,3,1,3,313,4,Regular Customer
949077,8,1,2234,5,1,1,511,0,Recent Customer
949126,79,1,1131,3,1,1,311,4,Regular Customer
949263,29,1,6060,5,1,3,513,0,Recent Customer
949323,119,5,19092,1,2,5,125,1,VIP Customer
949435,19,1,4866,5,1,3,513,0,Recent Customer
949454,107,4,18261,2,2,5,225,1,VIP Customer
949562,113,1,9993,1,1,4,114,1,At Risk Customer
949626,86,1,2343,2,1,2,212,4,Regular Customer
949648,77,1,9610,3,1,4,314,4,Regular Customer
949780,20,1,762,5,1,1,511,0,Recent Customer
949876,134,1,14529,1,1,5,115,1,At Risk Customer
949896,93,1,6864,2,1,3,213,1,Regular Customer
949981,75,1,14264,3,1,5,315,4,Regular Customer
950153,18,6,38265,5,2,5,525,0,VIP Customer
950508,125,1,3700,1,1,2,112,1,At Risk Customer
950833,61,1,2952,3,1,2,312,4,Regular Customer
950881,59,1,408,3,1,1,311,4,Regular Customer
951095,65,2,14035,3,1,5,315,4,Regular Customer
951347,102,1,12345,2,1,4,214,1,Regular Customer
951407,72,1,4400,3,1,2,312,4,Regular Customer
951430,36,1,14368,4,1,5,415,0,Recent Customer
951555,28,1,19700,5,1,5,515,0,High Value Customer
951590,127,1,8548,1,1,4,114,1,At Risk Customer
951702,137,1,5084,1,1,3,113,1,At Risk Customer
951816,55,1,7965,4,1,3,413,4,Regular Customer
952015,38,1,898,4,1,1,411,0,Regular Customer
952246,65,55,294408,3,2,5,325,3,VIP Customer
952266,120,1,2493,1,1,2,112,1,At Risk Customer
952319,136,1,11476,1,1,4,114,1,At Risk Customer
952388,92,3,10358,2,2,4,224,4,Loyal Customer
952390,32,1,580,4,1,1,411,0,Recent Customer
952446,18,2,8294,5,1,3,513,0,Recent Customer
952700,70,5,19829,3,2,5,325,4,VIP Customer
952791,41,1,4915,4,1,3,413,0,Regular Customer
952882,118,2,15288,1,1,5,115,1,At Risk Customer
952904,16,3,28963,5,2,5,525,0,Loyal Customer
952962,124,1,1201,1,1,1,111,1,At Risk Customer
953198,128,1,13136,1,1,4,114,1,At Risk Customer
953371,120,5,37973,1,2,5,125,1,VIP Customer
953412,106,1,453,2,1,1,211,1,At Risk Customer
953625,77,1,1201,3,1,1,311,4,Regular Customer
953662,134,1,7260,1,1,3,113,1,At Risk Customer
953666,126,1,3644,1,1,2,112,1,At Risk Customer
953678,53,1,890,4,1,1,411,4,Regular Customer
953734,126,1,8457,1,1,4,114,1,At Risk Customer
953833,85,2,15672,2,1,5,215,4,Regular Customer
953853,34,2,13844,4,1,5,415,0,Recent Customer
953963,46,1,3944,4,1,2,412,0,Regular Customer
953982,4,1,4645,5,1,2,512,0,Recent Customer
954026,79,1,10784,3,1,4,314,4,Regular Customer
954086,59,1,422,3,1,1,311,4,Regular Customer
954160,14,1,2332,5,1,2,512,0,Recent Customer
954259,66,1,2227,3,1,1,311,4,Regular Customer
954276,6,1,2562,5,1,2,512,0,Recent Customer
954360,52,1,9812,4,1,4,414,4,Regular Customer
954541,44,1,2908,4,1,2,412,0,Regular Customer
954590,2,1,8124,5,1,3,513,0,Recent Customer
954619,74,1,14721,3,1,5,315,4,Regular Customer
954716,57,1,10983,4,1,4,414,4,Regular Customer
954836,38,1,14776,4,1,5,415,0,Regular Customer
955081,44,2,9685,4,1,4,414,0,Regular Customer
955154,59,1,617,3,1,1,311,4,Regular Customer
955335,80,1,3827,3,1,2,312,4,Regular Customer
955486,120,1,1982,1,1,1,111,1,At Risk Customer
955557,29,1,628,5,1,1,511,0,Recent Customer
955719,37,1,4200,4,1,2,412,0,Recent Customer
955924,91,1,5422,2,1,3,213,4,Regular Customer
956011,108,1,17244,2,1,5,215,1,At Risk Customer
956214,72,1,1164,3,1,1,311,4,Regular Customer
956258,69,1,8652,3,1,4,314,4,Regular Customer
956280,80,1,4773,3,1,3,313,4,Regular Customer
956284,37,1,10077,4,1,4,414,0,Recent Customer
956343,60,1,9915,3,1,4,314,4,Regular Customer
956435,7,1,405,5,1,1,511,0,Recent Customer
956613,31,1,2728,4,1,2,412,0,Recent Customer
956729,135,1,9950,1,1,4,114,1,At Risk Customer
957284,88,1,4442,2,1,2,212,4,Regular Customer
957312,93,3,35175,2,2,5,225,1,Loyal Customer
957392,103,1,8823,2,1,4,214,1,Regular Customer
957393,73,1,3030,3,1,2,312,4,Regular Customer
957595,73,2,8479,3,1,4,314,4,Regular Customer
957685,10,1,3208,5,1,2,512,0,Recent Customer
957729,70,1,19396,3,1,5,315,4,High Value Customer
958246,125,1,1995,1,1,1,111,1,At Risk Customer
958255,114,3,6312,1,2,3,123,1,Loyal Customer
958262,25,1,2769,5,1,2,512,0,Recent Customer
958461,81,6,49989,3,2,5,325,4,VIP Customer
958747,135,1,802,1,1,1,111,1,At Risk Customer
959037,106,2,2341,2,1,2,212,1,At Risk Customer
959082,136,1,15252,1,1,5,115,1,At Risk Customer
959170,3,1,3333,5,1,2,512,0,Recent Customer
959204,29,1,4230,5,1,2,512,0,Recent Customer
959284,71,1,6036,3,1,3,313,4,Regular Customer
959326,80,1,4955,3,1,3,313,4,Regular Customer
959698,67,1,168,3,1,1,311,4,Regular Customer
959808,19,1,4908,5,1,3,513,0,Recent Customer
959855,94,1,4096,2,1,2,212,1,Regular Customer
959967,67,1,2092,3,1,1,311,4,Regular Customer
960004,104,6,48397,2,2,5,225,1,VIP Customer
960056,101,1,11832,2,1,4,214,1,Regular Customer
960093,7,1,14268,5,1,5,515,0,Recent Customer
960105,35,1,14648,4,1,5,415,0,Recent Customer
960145,105,1,4640,2,1,2,212,1,At Risk Customer
960340,79,1,3422,3,1,2,312,4,Regular Customer
960661,93,1,7978,2,1,3,213,1,Regular Customer
960778,71,1,3018,3,1,2,312,4,Regular Customer
960783,31,1,1408,4,1,1,411,0,Recent Customer
960916,104,1,3630,2,1,2,212,1,Regular Customer
960928,107,1,16164,2,1,5,215,1,At Risk Customer
960973,98,1,3636,2,1,2,212,1,Regular Customer
961001,19,1,14094,5,1,5,515,0,Recent Customer
961085,107,1,2520,2,1,2,212,1,At Risk Customer
961272,21,3,15941,5,2,5,525,0,Loyal Customer
961324,128,4,10762,1,2,4,124,1,Loyal Customer
961349,125,1,4530,1,1,2,112,1,At Risk Customer
961411,107,3,33369,2,2,5,225,1,Loyal Customer
961421,22,6,29636,5,2,5,525,0,VIP Customer
961427,65,1,1104,3,1,1,311,4,Regular Customer
961717,123,3,7302,1,2,3,123,1,Loyal Customer
962056,85,1,3620,2,1,2,212,4,Regular Customer
962091,8,1,3488,5,1,2,512,0,Recent Customer
962131,61,14,63216,3,2,5,325,4,VIP Customer
962181,126,1,3516,1,1,2,112,1,At Risk Customer
962368,51,1,3672,4,1,2,412,4,Regular Customer
962631,70,3,32733,3,2,5,325,4,Loyal Customer
962819,73,1,9910,3,1,4,314,4,Regular Customer
962863,19,1,524,5,1,1,511,0,Recent Customer
962933,106,2,12783,2,1,4,214,1,At Risk Customer
963194,79,1,1282,3,1,1,311,4,Regular Customer
963337,50,2,21807,4,1,5,415,4,High Value Customer
963387,29,1,2108,5,1,1,511,0,Recent Customer
963916,14,1,6696,5,1,3,513,0,Recent Customer
964178,71,2,14016,3,1,5,315,4,Regular Customer
964317,79,1,1944,3,1,1,311,4,Regular Customer
964382,31,1,1347,4,1,1,411,0,Recent Customer
964404,43,1,112,4,1,1,411,0,Regular Customer
964726,102,1,1162,2,1,1,211,1,Regular Customer
964763,135,1,12500,1,1,4,114,1,At Risk Customer
964767,43,2,13997,4,1,5,415,0,Regular Customer
964794,40,17,87104,4,2,5,425,0,VIP Customer
964795,109,1,10815,2,1,4,214,1,At Risk Customer
964962,65,1,9776,3,1,4,314,4,Regular Customer
965057,135,1,10780,1,1,4,114,1,At Risk Customer
965434,46,1,1946,4,1,1,411,0,Regular Customer
965471,91,1,4200,2,1,2,212,4,Regular Customer
965603,46,1,5304,4,1,3,413,0,Regular Customer
966010,105,1,4252,2,1,2,212,1,At Risk Customer
966535,50,1,11988,4,1,4,414,4,Regular Customer
966579,102,1,2481,2,1,2,212,1,Regular Customer
966628,134,1,7460,1,1,3,113,1,At Risk Customer
966752,34,2,14642,4,1,5,415,0,Recent Customer
966859,79,1,3701,3,1,2,312,4,Regular Customer
966971,128,1,669,1,1,1,111,1,At Risk Customer
967034,110,1,11847,2,1,4,214,1,At Risk Customer
967093,127,1,632,1,1,1,111,1,At Risk Customer
967112,135,4,34125,1,2,5,125,1,VIP Customer
967180,123,4,25951,1,2,5,125,1,VIP Customer
967462,52,1,6206,4,1,3,413,4,Regular Customer
967483,105,4,11106,2,2,4,224,1,Loyal Customer
967783,32,2,13796,4,1,5,415,0,Recent Customer
967857,95,1,1909,2,1,1,211,1,Regular Customer
967877,79,1,7578,3,1,3,313,4,Regular Customer
968098,57,2,950,4,1,1,411,4,Regular Customer
968110,24,4,10063,5,2,4,524,0,Loyal Customer
968156,45,1,5046,4,1,3,413,0,Regular Customer
968159,61,6,35740,3,2,5,325,4,VIP Customer
968390,10,1,8806,5,1,4,514,0,Recent Customer
968555,25,1,312,5,1,1,511,0,Recent Customer
968585,31,1,4228,4,1,2,412,0,Recent Customer
968647,90,4,38226,2,2,5,225,4,VIP Customer
968652,32,1,486,4,1,1,411,0,Recent Customer
968769,136,1,3426,1,1,2,112,1,At Risk Customer
968880,28,3,12914,5,2,4,524,0,Loyal Customer
969200,123,1,6380,1,1,3,113,1,At Risk Customer
969295,53,1,3660,4,1,2,412,4,Regular Customer
969326,86,2,6797,2,1,3,213,4,Regular Customer
969519,100,1,16252,2,1,5,215,1,Regular Customer
969655,45,1,13876,4,1,5,415,0,Regular Customer
969827,84,4,25577,3,2,5,325,4,VIP Customer
969845,44,2,13056,4,1,4,414,0,Regular Customer
969860,42,1,19896,4,1,5,415,0,High Value Customer
970208,19,1,4470,5,1,2,512,0,Recent Customer
970345,38,1,14572,4,1,5,415,0,Regular Customer
970404,78,1,4868,3,1,3,313,4,Regular Customer
970787,22,1,6026,5,1,3,513,0,Recent Customer
970883,135,1,5115,1,1,3,113,1,At Risk Customer
971243,48,1,14886,4,1,5,415,4,Regular Customer
971301,136,1,3042,1,1,2,112,1,At Risk Customer
971406,64,1,3900,3,1,2,312,4,Regular Customer
971413,116,1,3051,1,1,2,112,1,At Risk Customer
971454,2,5,32951,5,2,5,525,0,VIP Customer
971479,137,1,4560,1,1,2,112,1,At Risk Customer
972040,136,4,29715,1,2,5,125,1,VIP Customer
972071,50,5,35712,4,2,5,425,4,VIP Customer
972095,104,4,48302,2,2,5,225,1,VIP Customer
972500,69,1,2728,3,1,2,312,4,Regular Customer
972638,5,1,10029,5,1,4,514,0,Recent Customer
972698,129,1,4935,1,1,3,113,1,At Risk Customer
972757,49,1,17772,4,1,5,415,4,Regular Customer
972775,135,1,613,1,1,1,111,1,At Risk Customer
972968,67,2,10950,3,1,4,314,4,Regular Customer
973109,48,1,4108,4,1,2,412,4,Regular Customer
973129,121,1,2548,1,1,2,112,1,At Risk Customer
973195,60,3,15402,3,2,5,325,4,Loyal Customer
973243,45,1,7124,4,1,3,413,0,Regular Customer
973305,28,1,5655,5,1,3,513,0,Recent Customer
973332,37,1,6312,4,1,3,413,0,Recent Customer
973585,123,1,2869,1,1,2,112,1,At Risk Customer
973633,19,2,14094,5,1,5,515,0,Recent Customer
973908,107,1,1322,2,1,1,211,1,At Risk Customer
973946,94,1,10740,2,1,4,214,1,Regular Customer
973973,53,1,5310,4,1,3,413,4,Regular Customer
974226,63,45,272665,3,2,5,325,4,VIP Customer
974291,112,1,6738,1,1,3,113,1,At Risk Customer
974437,7,2,22166,5,1,5,515,0,High Value Customer
974539,136,1,2428,1,1,2,112,1,At Risk Customer
974673,53,1,4767,4,1,3,413,4,Regular Customer
974794,106,1,8126,2,1,3,213,1,At Risk Customer
975595,96,1,6981,2,1,3,213,1,Regular Customer
975652,60,1,4882,3,1,3,313,4,Regular Customer
975683,92,1,2171,2,1,1,211,4,Regular Customer
975703,91,2,9633,2,1,4,214,4,Regular Customer
975757,104,1,1331,2,1,1,211,1,Regular Customer
975820,7,1,4518,5,1,2,512,0,Recent Customer
976190,136,1,4828,1,1,3,113,1,At Risk Customer
976217,86,1,4641,2,1,2,212,4,Regular Customer
976410,93,1,4416,2,1,2,212,1,Regular Customer
976424,125,1,7224,1,1,3,113,1,At Risk Customer
976601,84,1,8548,3,1,4,314,4,Regular Customer
976621,65,1,5940,3,1,3,313,4,Regular Customer
976623,16,1,2340,5,1,2,512,0,Recent Customer
976885,71,1,2784,3,1,2,312,4,Regular Customer
976950,34,2,22648,4,1,5,415,0,High Value Customer
977158,49,1,18000,4,1,5,415,4,Regular Customer
977305,19,1,60,5,1,1,511,0,Recent Customer
977325,135,1,12321,1,1,4,114,1,At Risk Customer
977450,104,1,2336,2,1,2,212,1,Regular Customer
977486,53,1,7956,4,1,3,413,4,Regular Customer
977536,116,1,15344,1,1,5,115,1,At Risk Customer
977567,109,1,4322,2,1,2,212,1,At Risk Customer
977593,34,1,17584,4,1,5,415,0,Recent Customer
977651,5,1,5322,5,1,3,513,0,Recent Customer
977751,64,1,19820,3,1,5,315,4,High Value Customer
977791,37,1,14667,4,1,5,415,0,Recent Customer
978112,114,4,27509,1,2,5,125,1,VIP Customer
978294,86,1,8514,2,1,4,214,4,Regular Customer
978578,97,1,1277,2,1,1,211,1,Regular Customer
978636,92,1,3171,2,1,2,212,4,Regular Customer
978717,122,1,968,1,1,1,111,1,At Risk Customer
978755,86,1,8706,2,1,4,214,4,Regular Customer
978758,16,1,8724,5,1,4,514,0,Recent Customer
978909,91,3,25651,2,2,5,225,4,Loyal Customer
978968,36,1,4970,4,1,3,413,0,Recent Customer
979458,70,1,447,3,1,1,311,4,Regular Customer
979535,80,1,10983,3,1,4,314,4,Regular Customer
979550,22,1,8964,5,1,4,514,0,Recent Customer
979847,92,1,963,2,1,1,211,4,Regular Customer
979940,126,1,4858,1,1,3,113,1,At Risk Customer
980166,41,1,4934,4,1,3,413,0,Regular Customer
980414,71,2,20064,3,1,5,315,4,High Value Customer
980817,123,1,1243,1,1,1,111,1,At Risk Customer
980851,10,1,1420,5,1,1,511,0,Recent Customer
980867,80,1,13110,3,1,4,314,4,Regular Customer
981111,29,1,6180,5,1,3,513,0,Recent Customer
981144,105,2,12341,2,1,4,214,1,At Risk Customer
981216,92,1,1712,2,1,1,211,4,Regular Customer
981240,85,1,12456,2,1,4,214,4,Regular Customer
981245,85,1,4185,2,1,2,212,4,Regular Customer
981266,58,1,5834,4,1,3,413,4,Regular Customer
981323,38,1,1670,4,1,1,411,0,Regular Customer
981327,33,1,3994,4,1,2,412,0,Recent Customer
981430,63,1,8704,3,1,4,314,4,Regular Customer
981516,19,1,8956,5,1,4,514,0,Recent Customer
981541,58,1,2988,4,1,2,412,4,Regular Customer
981607,71,1,4428,3,1,2,312,4,Regular Customer
981838,45,1,18332,4,1,5,415,0,Regular Customer
981868,118,1,10185,1,1,4,114,1,At Risk Customer
982027,52,1,4792,4,1,3,413,4,Regular Customer
982049,72,1,120,3,1,1,311,4,Regular Customer
982154,46,4,13469,4,2,4,424,0,Loyal Customer
982175,134,1,2466,1,1,2,112,1,At Risk Customer
982231,74,1,6574,3,1,3,313,4,Regular Customer
982271,61,1,2517,3,1,2,312,4,Regular Customer
982453,60,2,1916,3,1,1,311,4,Regular Customer
982518,23,1,12966,5,1,4,514,0,Recent Customer
982605,75,1,536,3,1,1,311,4,Regular Customer
982634,115,2,10864,1,1,4,114,1,At Risk Customer
982670,77,3,27496,3,2,5,325,4,Loyal Customer
982764,57,1,12831,4,1,4,414,4,Regular Customer
982880,55,1,14716,4,1,5,415,4,Regular Customer
982959,121,2,18155,1,1,5,115,1,At Risk Customer
983224,10,1,13734,5,1,5,515,0,Recent Customer
983395,106,2,3652,2,1,2,212,1,At Risk Customer
983783,9,1,2861,5,1,2,512,0,Recent Customer
983841,8,1,10308,5,1,4,514,0,Recent Customer
983850,107,1,9831,2,1,4,214,1,At Risk Customer
983908,135,2,14876,1,1,5,115,1,At Risk Customer
983943,3,1,6154,5,1,3,513,0,Recent Customer
984077,126,3,10564,1,2,4,124,1,Loyal Customer
984171,9,1,10080,5,1,4,514,0,Recent Customer
984521,8,1,2205,5,1,1,511,0,Recent Customer
984532,8,1,292,5,1,1,511,0,Recent Customer
984544,136,1,4480,1,1,2,112,1,At Risk Customer
985513,64,1,4256,3,1,2,312,4,Regular Customer
985691,87,1,4836,2,1,3,213,4,Regular Customer
985771,2,1,1288,5,1,1,511,0,Recent Customer
985837,73,5,28122,3,2,5,325,4,VIP Customer
985863,5,1,1221,5,1,1,511,0,Recent Customer
985901,107,1,1371,2,1,1,211,1,At Risk Customer
985974,30,1,4680,5,1,3,513,0,Recent Customer
986064,67,1,2728,3,1,2,312,4,Regular Customer
986085,16,1,387,5,1,1,511,0,Recent Customer
986104,115,1,7464,1,1,3,113,1,At Risk Customer
986111,23,1,942,5,1,1,511,0,Recent Customer
986223,58,2,5921,4,1,3,413,4,Regular Customer
986288,89,1,3175,2,1,2,212,4,Regular Customer
986325,136,1,4945,1,1,3,113,1,At Risk Customer
986353,22,1,13500,5,1,4,514,0,Recent Customer
986413,6,2,6371,5,1,3,513,0,Recent Customer
986554,93,1,1277,2,1,1,211,1,Regular Customer
986577,67,6,42495,3,2,5,325,4,VIP Customer
986730,60,1,1905,3,1,1,311,4,Regular Customer
986748,52,1,9334,4,1,4,414,4,Regular Customer
986764,92,1,14283,2,1,5,215,4,Regular Customer
986876,35,1,1732,4,1,1,411,0,Recent Customer
987045,60,1,2229,3,1,1,311,4,Regular Customer
987255,114,1,7839,1,1,3,113,1,At Risk Customer
987431,53,1,6500,4,1,3,413,4,Regular Customer
987534,42,1,7938,4,1,3,413,0,Regular Customer
987655,59,1,2276,3,1,1,311,4,Regular Customer
987715,138,1,14116,1,1,5,115,1,At Risk Customer
987857,62,1,9584,3,1,4,314,4,Regular Customer
987912,106,1,4033,2,1,2,212,1,At Risk Customer
987921,59,1,15416,3,1,5,315,4,Regular Customer
988009,62,3,18711,3,2,5,325,4,Loyal Customer
988142,93,1,1556,2,1,1,211,1,Regular Customer
988274,123,2,5229,1,1,3,113,1,At Risk Customer
988367,126,1,3649,1,1,2,112,1,At Risk Customer
988412,124,2,13878,1,1,5,115,1,At Risk Customer
988441,42,1,5415,4,1,3,413,0,Regular Customer
988447,124,1,3804,1,1,2,112,1,At Risk Customer
988452,126,2,16185,1,1,5,115,1,At Risk Customer
988658,20,3,29312,5,2,5,525,0,Loyal Customer
988939,72,9,37531,3,2,5,325,4,VIP Customer
989023,82,1,8313,3,1,4,314,4,Regular Customer
989085,104,1,19220,2,1,5,215,1,High Value Customer
989215,93,1,1240,2,1,1,211,1,Regular Customer
989283,58,1,4628,4,1,2,412,4,Regular Customer
989290,36,1,8034,4,1,3,413,0,Recent Customer
989360,120,1,3054,1,1,2,112,1,At Risk Customer
989748,137,1,4500,1,1,2,112,1,At Risk Customer
989759,91,1,7254,2,1,3,213,4,Regular Customer
989917,3,1,10638,5,1,4,514,0,Recent Customer
989923,136,1,8824,1,1,4,114,1,At Risk Customer
990103,18,1,14436,5,1,5,515,0,Recent Customer
990104,53,1,9825,4,1,4,414,4,Regular Customer
990216,80,3,9037,3,2,4,324,4,Loyal Customer
990276,33,1,10424,4,1,4,414,0,Recent Customer
990306,112,2,13911,1,1,5,115,1,At Risk Customer
990624,18,2,13060,5,1,4,514,0,Recent Customer
990637,65,1,422,3,1,1,311,4,Regular Customer
990746,55,1,7628,4,1,3,413,4,Regular Customer
990819,13,1,1683,5,1,1,511,0,Recent Customer
990984,85,1,3396,2,1,2,212,4,Regular Customer
991189,18,2,10050,5,1,4,514,0,Recent Customer
991198,108,1,3716,2,1,2,212,1,At Risk Customer
991246,67,3,15994,3,2,5,325,4,Loyal Customer
991350,95,1,4680,2,1,3,213,1,Regular Customer
991381,94,1,2152,2,1,1,211,1,Regular Customer
992385,65,1,2976,3,1,2,312,4,Regular Customer
992397,19,1,1630,5,1,1,511,0,Recent Customer
992447,108,1,1203,2,1,1,211,1,At Risk Customer
992844,108,1,6238,2,1,3,213,1,At Risk Customer
993032,73,1,5106,3,1,3,313,4,Regular Customer
993078,125,2,2973,1,1,2,112,1,At Risk Customer
993137,135,1,1512,1,1,1,111,1,At Risk Customer
993282,44,3,31052,4,2,5,425,0,Loyal Customer
993355,52,1,18440,4,1,5,415,4,High Value Customer
993475,125,1,5866,1,1,3,113,1,At Risk Customer
993674,62,1,14992,3,1,5,315,4,Regular Customer
993759,73,1,6788,3,1,3,313,4,Regular Customer
993905,62,1,2772,3,1,2,312,4,Regular Customer
994099,22,1,13572,5,1,4,514,0,Recent Customer
994633,58,1,15444,4,1,5,415,4,Regular Customer
994815,121,1,13791,1,1,5,115,1,At Risk Customer
994820,3,71,382361,5,2,5,525,3,VIP Customer
994931,30,1,1172,5,1,1,511,0,Recent Customer
994937,116,1,5962,1,1,3,113,1,At Risk Customer
994979,114,1,2046,1,1,1,111,1,At Risk Customer
995024,46,1,18396,4,1,5,415,0,Regular Customer
995103,28,1,3350,5,1,2,512,0,Recent Customer
995122,24,1,3987,5,1,2,512,0,Recent Customer
995225,46,4,25342,4,2,5,425,0,VIP Customer
995227,137,1,4875,1,1,3,113,1,At Risk Customer
995267,72,1,1996,3,1,1,311,4,Regular Customer
995314,137,1,13028,1,1,4,114,1,At Risk Customer
995343,93,1,6876,2,1,3,213,1,Regular Customer
995397,17,1,7866,5,1,3,513,0,Recent Customer
995406,4,1,10824,5,1,4,514,0,Recent Customer
995714,20,1,3668,5,1,2,512,0,Recent Customer
995727,8,1,8426,5,1,4,514,0,Recent Customer
995838,65,3,30700,3,2,5,325,4,Loyal Customer
995908,124,1,16660,1,1,5,115,1,At Risk Customer
995925,94,1,7754,2,1,3,213,1,Regular Customer
996134,108,1,12456,2,1,4,214,1,At Risk Customer
996157,111,1,3868,2,1,2,212,1,At Risk Customer
996699,113,1,5434,1,1,3,113,1,At Risk Customer
996714,127,1,1326,1,1,1,111,1,At Risk Customer
996879,78,25,160096,3,2,5,325,4,VIP Customer
996891,87,1,72,2,1,1,211,4,Regular Customer
996991,138,1,10048,1,1,4,114,1,At Risk Customer
997125,12,2,20471,5,1,5,515,0,High Value Customer
997219,71,1,221,3,1,1,311,4,Regular Customer
997256,114,1,412,1,1,1,111,1,At Risk Customer
997282,129,2,14840,1,1,5,115,1,At Risk Customer
997690,19,1,1679,5,1,1,511,0,Recent Customer
997699,127,1,7136,1,1,3,113,1,At Risk Customer
997925,112,1,6288,1,1,3,113,1,At Risk Customer
998017,67,6,15284,3,2,5,325,4,VIP Customer
998175,117,1,3098,1,1,2,112,1,At Risk Customer
998383,102,1,4471,2,1,2,212,1,Regular Customer
998502,19,1,7474,5,1,3,513,0,Recent Customer
998545,106,2,6544,2,1,3,213,1,At Risk Customer
998577,50,1,9135,4,1,4,414,4,Regular Customer
998681,76,1,12732,3,1,4,314,4,Regular Customer
998729,66,2,9059,3,1,4,314,4,Regular Customer
998808,91,1,2129,2,1,1,211,4,Regular Customer
998938,46,1,6678,4,1,3,413,0,Regular Customer
998962,96,1,10228,2,1,4,214,1,Regular Customer
999047,24,1,6780,5,1,3,513,0,Recent Customer
999212,64,1,16532,3,1,5,315,4,Regular Customer
999295,109,1,1008,2,1,1,211,1,At Risk Customer
999378,51,1,17340,4,1,5,415,4,Regular Customer
999399,55,2,548,4,1,1,411,4,Regular Customer
999814,82,1,5106,3,1,3,313,4,Regular Customer
999869,74,3,15007,3,2,5,325,4,Loyal Customer
999926,94,1,12381,2,1,4,214,1,Regular Customer
1000030,11,1,1605,5,1,1,511,0,Recent Customer
1000057,71,1,4308,3,1,2,312,4,Regular Customer
1000093,12,2,3210,5,1,2,512,0,Recent Customer
1000248,32,1,1096,4,1,1,411,0,Recent Customer
1000306,21,2,9864,5,1,4,514,0,Recent Customer
1000454,86,1,7646,2,1,3,213,4,Regular Customer
1000561,40,1,3843,4,1,2,412,0,Regular Customer
1000583,55,1,17700,4,1,5,415,4,Regular Customer
1000593,136,2,3223,1,1,2,112,1,At Risk Customer
1000656,116,3,12240,1,2,4,124,1,Loyal Customer
1000678,22,1,17060,5,1,5,515,0,Recent Customer
1000767,108,1,7026,2,1,3,213,1,At Risk Customer
1001248,76,1,3210,3,1,2,312,4,Regular Customer
1001263,20,1,3836,5,1,2,512,0,Recent Customer
1001270,70,1,10017,3,1,4,314,4,Regular Customer
1001317,18,1,472,5,1,1,511,0,Recent Customer
1001344,122,1,2793,1,1,2,112,1,At Risk Customer
1001365,82,3,21627,3,2,5,325,4,Loyal Customer
1001427,57,1,6926,4,1,3,413,4,Regular Customer
1001567,105,1,9280,2,1,4,214,1,At Risk Customer
1001673,109,2,16385,2,1,5,215,1,At Risk Customer
1001771,74,1,9188,3,1,4,314,4,Regular Customer
1001901,59,1,617,3,1,1,311,4,Regular Customer
1002060,107,1,4604,2,1,2,212,1,At Risk Customer
1002107,38,1,11500,4,1,4,414,0,Regular Customer
1002162,27,1,9256,5,1,4,514,0,Recent Customer
1002419,55,2,9326,4,1,4,414,4,Regular Customer
1002471,95,1,1819,2,1,1,211,1,Regular Customer
1002478,30,1,13652,5,1,5,515,0,Recent Customer
1002583,17,1,6879,5,1,3,513,0,Recent Customer
1002973,113,1,144,1,1,1,111,1,At Risk Customer
1003058,3,13,77118,5,2,5,525,0,VIP Customer
1003087,3,2,9880,5,1,4,514,0,Recent Customer
1003152,123,1,12495,1,1,4,114,1,At Risk Customer
1003580,33,1,9186,4,1,4,414,0,Recent Customer
1003787,9,1,3386,5,1,2,512,0,Recent Customer
1003939,25,1,5838,5,1,3,513,0,Recent Customer
1004088,102,2,12138,2,1,4,214,1,Regular Customer
1004110,84,1,4476,3,1,2,312,4,Regular Customer
1004134,20,1,12375,5,1,4,514,0,Recent Customer
1004213,30,1,1249,5,1,1,511,0,Recent Customer
1004238,55,1,7002,4,1,3,413,4,Regular Customer
1004543,85,1,12732,2,1,4,214,4,Regular Customer
1004573,119,1,9406,1,1,4,114,1,At Risk Customer
1004711,99,1,1998,2,1,1,211,1,Regular Customer
1004871,123,1,2856,1,1,2,112,1,At Risk Customer
1005001,31,1,12723,4,1,4,414,0,Recent Customer
1005010,78,1,7059,3,1,3,313,4,Regular Customer
1005052,82,1,14696,3,1,5,315,4,Regular Customer
1005141,67,2,12634,3,1,4,314,4,Regular Customer
1005153,43,1,12189,4,1,4,414,0,Regular Customer
1005223,135,2,4669,1,1,3,113,1,At Risk Customer
1005234,47,1,3402,4,1,2,412,4,Regular Customer
1005305,92,1,1396,2,1,1,211,4,Regular Customer
1005330,59,2,11384,3,1,4,314,4,Regular Customer
1005397,85,1,17628,2,1,5,215,4,Regular Customer
1005558,126,9,79899,1,2,5,125,1,VIP Customer
1005583,23,1,6976,5,1,3,513,0,Recent Customer
1005613,128,2,18900,1,1,5,115,1,High Value Customer
1005723,66,1,5584,3,1,3,313,4,Regular Customer
1005779,84,1,504,3,1,1,311,4,Regular Customer
1005822,66,1,8535,3,1,4,314,4,Regular Customer
1005863,2,2,3940,5,1,2,512,0,Recent Customer
1005867,99,4,16072,2,2,5,225,1,VIP Customer
1005876,120,1,10560,1,1,4,114,1,At Risk Customer
1006067,52,1,8252,4,1,3,413,4,Regular Customer
1006114,32,1,4076,4,1,2,412,0,Recent Customer
1006359,24,2,9359,5,1,4,514,0,Recent Customer
1006407,81,2,10043,3,1,4,314,4,Regular Customer
1006522,63,3,20678,3,2,5,325,4,Loyal Customer
1006557,1,1,7254,5,1,3,513,0,Recent Customer
1007078,130,1,2601,1,1,2,112,1,At Risk Customer
1007184,80,1,524,3,1,1,311,4,Regular Customer
1007248,94,2,6260,2,1,3,213,1,Regular Customer
1007362,90,1,224,2,1,1,211,4,Regular Customer
1007372,59,1,5064,3,1,3,313,4,Regular Customer
1007671,49,1,1686,4,1,1,411,4,Regular Customer
1007692,30,2,22921,5,1,5,515,0,High Value Customer
1007724,47,3,9126,4,2,4,424,4,Loyal Customer
1008289,67,1,4800,3,1,3,313,4,Regular Customer
1008434,5,1,3853,5,1,2,512,0,Recent Customer
1008461,76,1,12186,3,1,4,314,4,Regular Customer
1008517,23,1,18452,5,1,5,515,0,High Value Customer
1008540,88,1,11139,2,1,4,214,4,Regular Customer
1008739,51,5,3764,4,2,2,422,4,Loyal Customer
1008753,49,1,16512,4,1,5,415,4,Regular Customer
1008793,82,1,6140,3,1,3,313,4,Regular Customer
1008851,115,4,27282,1,2,5,125,1,VIP Customer
1009185,115,2,7582,1,1,3,113,1,At Risk Customer
1009186,13,1,18248,5,1,5,515,0,Recent Customer
1009304,93,1,1621,2,1,1,211,1,Regular Customer
1009438,52,1,4934,4,1,3,413,4,Regular Customer
1009613,81,3,24138,3,2,5,325,4,Loyal Customer
1009644,37,1,4893,4,1,3,413,0,Recent Customer
1009686,43,1,324,4,1,1,411,0,Regular Customer
1009766,20,2,5509,5,1,3,513,0,Recent Customer
1009811,94,1,1026,2,1,1,211,1,Regular Customer
1009812,93,1,8496,2,1,4,214,1,Regular Customer
1010111,22,3,15080,5,2,5,525,0,Loyal Customer
1010592,84,1,7464,3,1,3,313,4,Regular Customer
1010711,89,3,23538,2,2,5,225,4,Loyal Customer
1010812,92,1,10148,2,1,4,214,4,Regular Customer
1010834,112,4,13778,1,2,5,125,1,VIP Customer
1010916,135,2,4709,1,1,3,113,1,At Risk Customer
1011116,10,1,2776,5,1,2,512,0,Recent Customer
1011421,51,1,3729,4,1,2,412,4,Regular Customer
1011481,41,1,11452,4,1,4,414,0,Regular Customer
1011731,53,1,66,4,1,1,411,4,Regular Customer
1011757,136,1,11007,1,1,4,114,1,At Risk Customer
1011796,19,2,15606,5,1,5,515,0,Recent Customer
1011817,26,1,18124,5,1,5,515,0,Recent Customer
1011956,9,1,6920,5,1,3,513,0,Recent Customer
1011964,31,4,27560,4,2,5,425,0,VIP Customer
1012089,109,1,12186,2,1,4,214,1,At Risk Customer
1012108,24,2,15448,5,1,5,515,0,Recent Customer
1012118,130,1,11456,1,1,4,114,1,At Risk Customer
1012516,100,1,6348,2,1,3,213,1,Regular Customer
1012647,103,1,899,2,1,1,211,1,Regular Customer
1012717,30,1,260,5,1,1,511,0,Recent Customer
1012836,82,1,7227,3,1,3,313,4,Regular Customer
1012983,123,1,4311,1,1,2,112,1,At Risk Customer
1013035,135,1,9486,1,1,4,114,1,At Risk Customer
1013317,48,1,13240,4,1,4,414,4,Regular Customer
1013418,18,2,13961,5,1,5,515,0,Recent Customer
1013440,86,2,14266,2,1,5,215,4,Regular Customer
1013524,46,1,11826,4,1,4,414,0,Regular Customer
1013587,45,1,374,4,1,1,411,0,Regular Customer
1013626,4,1,744,5,1,1,511,0,Recent Customer
1013810,46,3,35222,4,2,5,425,0,Loyal Customer
1013847,110,1,2584,2,1,2,212,1,At Risk Customer
1013883,46,7,32626,4,2,5,425,0,VIP Customer
1014071,60,4,18726,3,2,5,325,4,VIP Customer
1014131,72,1,6372,3,1,3,313,4,Regular Customer
1014161,126,1,9846,1,1,4,114,1,At Risk Customer
1014189,94,3,10924,2,2,4,224,1,Loyal Customer
1014288,114,1,10515,1,1,4,114,1,At Risk Customer
1014314,66,2,22235,3,1,5,315,4,High Value Customer
1014434,134,4,59878,1,2,5,125,1,VIP Customer
1014574,94,1,7752,2,1,3,213,1,Regular Customer
1014701,60,4,45240,3,2,5,325,4,VIP Customer
1015123,104,1,6048,2,1,3,213,1,Regular Customer
1015139,71,10,55000,3,2,5,325,4,VIP Customer
1015243,11,1,520,5,1,1,511,0,Recent Customer
1015807,13,1,6018,5,1,3,513,0,Recent Customer
1016212,48,1,8466,4,1,4,414,4,Regular Customer
1016234,112,1,17796,1,1,5,115,1,At Risk Customer
1016281,71,1,16252,3,1,5,315,4,Regular Customer
1016356,131,2,2254,1,1,1,111,1,At Risk Customer
1016496,77,1,1928,3,1,1,311,4,Regular Customer
1016574,90,1,4619,2,1,2,212,4,Regular Customer
1016592,126,1,1124,1,1,1,111,1,At Risk Customer
1016855,114,1,4000,1,1,2,112,1,At Risk Customer
1017137,38,2,12452,4,1,4,414,0,Regular Customer
1017211,11,1,694,5,1,1,511,0,Recent Customer
1017263,18,2,15943,5,1,5,515,0,Recent Customer
1017375,86,1,3673,2,1,2,212,4,Regular Customer
1017413,136,1,2055,1,1,1,111,1,At Risk Customer
1017619,131,1,14716,1,1,5,115,1,At Risk Customer
1017798,36,1,3634,4,1,2,412,0,Recent Customer
1017859,87,1,1946,2,1,1,211,4,Regular Customer
1017973,67,1,555,3,1,1,311,4,Regular Customer
1017997,133,4,35294,1,2,5,125,1,VIP Customer
1018074,19,2,4565,5,1,2,512,0,Recent Customer
1018140,123,1,186,1,1,1,111,1,At Risk Customer
1018203,25,1,10920,5,1,4,514,0,Recent Customer
1018216,89,1,12648,2,1,4,214,4,Regular Customer
1018325,109,1,6564,2,1,3,213,1,At Risk Customer
1018339,32,2,19976,4,1,5,415,0,High Value Customer
1018423,65,2,6470,3,1,3,313,4,Regular Customer
1018513,115,1,2370,1,1,2,112,1,At Risk Customer
1018526,26,1,2013,5,1,1,511,0,Recent Customer
1018616,43,1,5415,4,1,3,413,0,Regular Customer
1018880,14,2,15227,5,1,5,515,0,Recent Customer
1018974,134,1,906,1,1,1,111,1,At Risk Customer
1018985,100,1,3616,2,1,2,212,1,Regular Customer
1019032,81,1,87,3,1,1,311,4,Regular Customer
1019052,72,1,2135,3,1,1,311,4,Regular Customer
1019094,87,1,2088,2,1,1,211,4,Regular Customer
1019196,59,1,912,3,1,1,311,4,Regular Customer
1019407,124,2,17838,1,1,5,115,1,At Risk Customer
1019495,23,1,14883,5,1,5,515,0,Recent Customer
1019510,66,1,4858,3,1,3,313,4,Regular Customer
1019573,68,1,7276,3,1,3,313,4,Regular Customer
1019603,29,1,3804,5,1,2,512,0,Recent Customer
1019696,26,1,7452,5,1,3,513,0,Recent Customer
1019930,57,1,531,4,1,1,411,4,Regular Customer
1020024,14,5,803,5,2,1,521,0,Loyal Customer
1020169,108,2,18966,2,1,5,215,1,High Value Customer
1020281,27,1,7824,5,1,3,513,0,Recent Customer
1020462,114,1,16852,1,1,5,115,1,At Risk Customer
1020495,134,1,17232,1,1,5,115,1,At Risk Customer
1020511,30,2,5562,5,1,3,513,0,Recent Customer
1020574,11,1,2504,5,1,2,512,0,Recent Customer
1020737,91,5,33286,2,2,5,225,4,VIP Customer
1020763,18,1,14768,5,1,5,515,0,Recent Customer
1020965,129,1,246,1,1,1,111,1,At Risk Customer
1021170,112,1,13539,1,1,4,114,1,At Risk Customer
1021202,104,1,16532,2,1,5,215,1,Regular Customer
1021527,70,2,23775,3,1,5,315,4,High Value Customer
1021744,91,1,13164,2,1,4,214,4,Regular Customer
1021811,96,4,12176,2,2,4,224,1,Loyal Customer
1021936,5,1,7725,5,1,3,513,0,Recent Customer
1022003,77,3,31503,3,2,5,325,4,Loyal Customer
1022147,9,1,1724,5,1,1,511,0,Recent Customer
1022199,102,1,13119,2,1,4,214,1,Regular Customer
1022415,78,1,985,3,1,1,311,4,Regular Customer
1022432,63,1,2253,3,1,1,311,4,Regular Customer
1022503,57,1,4628,4,1,2,412,4,Regular Customer
1022968,122,2,6860,1,1,3,113,1,At Risk Customer
1023087,52,1,16488,4,1,5,415,4,Regular Customer
1023090,129,1,1708,1,1,1,111,1,At Risk Customer
1023179,93,1,14961,2,1,5,215,1,Regular Customer
1023195,3,3,13252,5,2,4,524,0,Loyal Customer
1023198,128,1,13896,1,1,5,115,1,At Risk Customer
1023537,27,1,8472,5,1,4,514,0,Recent Customer
1023761,58,2,11476,4,1,4,414,4,Regular Customer
1024035,94,1,1606,2,1,1,211,1,Regular Customer
1024199,84,2,18413,3,1,5,315,4,Regular Customer
1024325,82,1,9696,3,1,4,314,4,Regular Customer
1024334,36,1,9750,4,1,4,414,0,Recent Customer
1024873,34,1,4476,4,1,2,412,0,Recent Customer
1024919,58,1,3324,4,1,2,412,4,Regular Customer
1025012,12,1,7854,5,1,3,513,0,Recent Customer
1025263,22,1,2356,5,1,2,512,0,Recent Customer
1025490,84,1,8325,3,1,4,314,4,Regular Customer
1025715,54,1,13140,4,1,4,414,4,Regular Customer
1025723,1,1,16280,5,1,5,515,0,Recent Customer
1025839,88,1,511,2,1,1,211,4,Regular Customer
1026145,125,1,8998,1,1,4,114,1,At Risk Customer
1026160,113,1,1085,1,1,1,111,1,At Risk Customer
1026208,108,1,1400,2,1,1,211,1,At Risk Customer
1026425,138,1,2116,1,1,1,111,1,At Risk Customer
1026467,54,2,19188,4,1,5,415,4,High Value Customer
1026720,109,1,2992,2,1,2,212,1,At Risk Customer
1026772,36,1,12032,4,1,4,414,0,Recent Customer
1027308,130,1,9890,1,1,4,114,1,At Risk Customer
1027310,85,1,6045,2,1,3,213,4,Regular Customer
1027328,67,1,223,3,1,1,311,4,Regular Customer
1027357,88,1,8372,2,1,4,214,4,Regular Customer
1027706,22,1,7288,5,1,3,513,0,Recent Customer
1027708,107,1,252,2,1,1,211,1,At Risk Customer
1027767,127,1,8936,1,1,4,114,1,At Risk Customer
1027949,93,1,3290,2,1,2,212,1,Regular Customer
1028073,107,1,8290,2,1,3,213,1,At Risk Customer
1028180,113,1,9094,1,1,4,114,1,At Risk Customer
1028187,57,1,2808,4,1,2,412,4,Regular Customer
1028379,56,1,9860,4,1,4,414,4,Regular Customer
1028639,106,1,8680,2,1,4,214,1,At Risk Customer
1028669,129,1,3680,1,1,2,112,1,At Risk Customer
1028889,125,1,612,1,1,1,111,1,At Risk Customer
1028897,2,2,26179,5,1,5,515,0,High Value Customer
1029094,78,1,9212,3,1,4,314,4,Regular Customer
1029355,65,1,2008,3,1,1,311,4,Regular Customer
1029499,107,2,18052,2,1,5,215,1,At Risk Customer
1029750,83,1,8224,3,1,3,313,4,Regular Customer
1029755,88,2,5389,2,1,3,213,4,Regular Customer
1029785,98,1,4388,2,1,2,212,1,Regular Customer
1030351,75,1,3874,3,1,2,312,4,Regular Customer
1030439,19,1,7868,5,1,3,513,0,Recent Customer
1030794,12,2,14892,5,1,5,515,0,Recent Customer
1030813,136,1,16448,1,1,5,115,1,At Risk Customer
1030861,28,1,8924,5,1,4,514,0,Recent Customer
1030896,58,1,4858,4,1,3,413,4,Regular Customer
1030990,62,1,5562,3,1,3,313,4,Regular Customer
1031046,66,3,31432,3,2,5,325,4,Loyal Customer
1031191,19,1,1428,5,1,1,511,0,Recent Customer
1031226,116,1,8943,1,1,4,114,1,At Risk Customer
1031546,67,1,3944,3,1,2,312,4,Regular Customer
1031618,33,1,3686,4,1,2,412,0,Recent Customer
1031663,32,8,44780,4,2,5,425,0,VIP Customer
1031691,135,1,6297,1,1,3,113,1,At Risk Customer
1032156,135,1,7070,1,1,3,113,1,At Risk Customer
1032211,67,1,618,3,1,1,311,4,Regular Customer
1032217,3,1,3022,5,1,2,512,0,Recent Customer
1032349,48,3,13005,4,2,4,424,4,Loyal Customer
1032380,30,1,1881,5,1,1,511,0,Recent Customer
1032394,90,1,3534,2,1,2,212,4,Regular Customer
1032403,10,2,6124,5,1,3,513,0,Recent Customer
1032432,50,4,41598,4,2,5,425,4,VIP Customer
1032561,5,1,4342,5,1,2,512,0,Recent Customer
1032718,56,1,7322,4,1,3,413,4,Regular Customer
1032778,129,1,996,1,1,1,111,1,At Risk Customer
1033046,72,1,1070,3,1,1,311,4,Regular Customer
1033073,93,1,7814,2,1,3,213,1,Regular Customer
1033279,23,1,1074,5,1,1,511,0,Recent Customer
1033428,89,1,3972,2,1,2,212,4,Regular Customer
1033504,39,1,18768,4,1,5,415,0,High Value Customer
1033586,13,2,8368,5,1,4,514,0,Recent Customer
1033678,19,1,6958,5,1,3,513,0,Recent Customer
1033716,9,1,2673,5,1,2,512,0,Recent Customer
1033920,128,2,12826,1,1,4,114,1,At Risk Customer
1033942,124,1,14649,1,1,5,115,1,At Risk Customer
1033958,127,1,4758,1,1,3,113,1,At Risk Customer
1034255,21,1,7404,5,1,3,513,0,Recent Customer
1034371,84,1,3205,3,1,2,312,4,Regular Customer
1034675,50,1,1044,4,1,1,411,4,Regular Customer
1034756,54,2,593,4,1,1,411,4,Regular Customer
1034827,8,1,5898,5,1,3,513,0,Recent Customer
1034893,95,1,2456,2,1,2,212,1,Regular Customer
1035007,54,1,231,4,1,1,411,4,Regular Customer
1035009,129,2,22026,1,1,5,115,1,High Value Customer
1035266,124,1,2444,1,1,2,112,1,At Risk Customer
1035426,81,2,19148,3,1,5,315,4,High Value Customer
1035459,27,1,6410,5,1,3,513,0,Recent Customer
1035678,74,1,860,3,1,1,311,4,Regular Customer
1035684,92,1,9978,2,1,4,214,4,Regular Customer
1035708,117,1,4932,1,1,3,113,1,At Risk Customer
1035744,11,2,20180,5,1,5,515,0,High Value Customer
1035750,64,2,11550,3,1,4,314,4,Regular Customer
1035814,128,31,238892,1,2,5,125,1,VIP Customer
1035890,127,1,13248,1,1,4,114,1,At Risk Customer
1035968,61,1,3464,3,1,2,312,4,Regular Customer
1036016,59,3,24774,3,2,5,325,4,Loyal Customer
1036059,61,2,12444,3,1,4,314,4,Regular Customer
1036246,25,1,4890,5,1,3,513,0,Recent Customer
1036286,81,1,1569,3,1,1,311,4,Regular Customer
1036360,4,1,1284,5,1,1,511,0,Recent Customer
1036452,60,1,8734,3,1,4,314,4,Regular Customer
1036487,70,1,1410,3,1,1,311,4,Regular Customer
1036738,123,1,15476,1,1,5,115,1,At Risk Customer
1036936,58,1,14973,4,1,5,415,4,Regular Customer
1037270,136,1,14082,1,1,5,115,1,At Risk Customer
1037330,32,1,4962,4,1,3,413,0,Recent Customer
1037384,14,1,18600,5,1,5,515,0,High Value Customer
1037441,92,1,4768,2,1,3,213,4,Regular Customer
1037514,56,1,6744,4,1,3,413,4,Regular Customer
1037560,106,1,9656,2,1,4,214,1,At Risk Customer
1038221,101,1,942,2,1,1,211,1,Regular Customer
1038322,134,1,6846,1,1,3,113,1,At Risk Customer
1038363,7,1,2738,5,1,2,512,0,Recent Customer
1038542,70,1,13935,3,1,5,315,4,Regular Customer
1038646,44,1,4290,4,1,2,412,0,Regular Customer
1038651,135,1,3049,1,1,2,112,1,At Risk Customer
1038782,95,2,2528,2,1,2,212,1,Regular Customer
1038789,94,1,11088,2,1,4,214,1,Regular Customer
1038848,9,1,5836,5,1,3,513,0,Recent Customer
1038991,55,1,10323,4,1,4,414,4,Regular Customer
1039032,102,1,7480,2,1,3,213,1,Regular Customer
1039060,133,1,457,1,1,1,111,1,At Risk Customer
1039214,122,1,1792,1,1,1,111,1,At Risk Customer
1039506,18,1,13437,5,1,4,514,0,Recent Customer
1039509,28,1,4104,5,1,2,512,0,Recent Customer
1039753,96,1,5156,2,1,3,213,1,Regular Customer
1039831,67,1,2246,3,1,1,311,4,Regular Customer
1039973,72,1,17684,3,1,5,315,4,Regular Customer
1039976,84,2,9106,3,1,4,314,4,Regular Customer
1040041,8,1,276,5,1,1,511,0,Recent Customer
1040075,112,1,16628,1,1,5,115,1,At Risk Customer
1040119,72,1,1140,3,1,1,311,4,Regular Customer
1040266,44,1,11204,4,1,4,414,0,Regular Customer
1040321,63,2,4897,3,1,3,313,4,Regular Customer
1040574,86,2,10138,2,1,4,214,4,Regular Customer
1040857,125,3,22480,1,2,5,125,1,Loyal Customer
1040946,132,1,9990,1,1,4,114,1,At Risk Customer
1040979,106,1,3861,2,1,2,212,1,At Risk Customer
1040993,52,1,372,4,1,1,411,4,Regular Customer
1041001,89,1,12668,2,1,4,214,4,Regular Customer
1041043,58,1,5961,4,1,3,413,4,Regular Customer
1041111,7,1,12624,5,1,4,514,0,Recent Customer
1041255,108,1,17496,2,1,5,215,1,At Risk Customer
1041299,105,1,8934,2,1,4,214,1,At Risk Customer
1041389,43,1,7401,4,1,3,413,0,Regular Customer
1041558,25,1,6464,5,1,3,513,0,Recent Customer
1041562,129,1,12248,1,1,4,114,1,At Risk Customer
1041707,24,1,7240,5,1,3,513,0,Recent Customer
1041986,81,1,3810,3,1,2,312,4,Regular Customer
1042059,50,1,1331,4,1,1,411,4,Regular Customer
1042112,29,19,94970,5,2,5,525,0,VIP Customer
1042192,31,1,2672,4,1,2,412,0,Recent Customer
1042356,123,1,7064,1,1,3,113,1,At Risk Customer
1042434,60,5,33355,3,2,5,325,4,VIP Customer
1042656,95,1,10761,2,1,4,214,1,Regular Customer
1042727,39,1,2003,4,1,1,411,0,Regular Customer
1042749,108,2,19036,2,1,5,215,1,High Value Customer
1042885,122,1,3956,1,1,2,112,1,At Risk Customer
1043181,45,2,14366,4,1,5,415,0,Regular Customer
1043386,71,1,10220,3,1,4,314,4,Regular Customer
1043417,15,1,3660,5,1,2,512,0,Recent Customer
1043433,108,1,2315,2,1,2,212,1,At Risk Customer
1043498,65,1,4492,3,1,2,312,4,Regular Customer
1043535,28,1,1636,5,1,1,511,0,Recent Customer
1043550,70,1,1942,3,1,1,311,4,Regular Customer
1043555,137,3,13070,1,2,4,124,1,Loyal Customer
1043576,135,1,12894,1,1,4,114,1,At Risk Customer
1043630,10,2,9152,5,1,4,514,0,Recent Customer
1043678,92,1,7304,2,1,3,213,4,Regular Customer
1043832,117,1,14619,1,1,5,115,1,At Risk Customer
1044028,28,1,8276,5,1,3,513,0,Recent Customer
1044121,60,1,11454,3,1,4,314,4,Regular Customer
1044586,93,1,2870,2,1,2,212,1,Regular Customer
1044618,37,1,17928,4,1,5,415,0,Recent Customer
1044703,105,1,1890,2,1,1,211,1,At Risk Customer
1044770,126,1,4884,1,1,3,113,1,At Risk Customer
1044793,19,1,2128,5,1,1,511,0,Recent Customer
1044842,44,1,1497,4,1,1,411,0,Regular Customer
1044862,136,1,6945,1,1,3,113,1,At Risk Customer
1044986,44,1,3552,4,1,2,412,0,Regular Customer
1045077,63,1,14132,3,1,5,315,4,Regular Customer
1045152,138,3,14748,1,2,5,125,1,Loyal Customer
1045205,133,2,24944,1,1,5,115,1,High Value Customer
1045212,54,1,4529,4,1,2,412,4,Regular Customer
1045290,79,1,3680,3,1,2,312,4,Regular Customer
1045409,116,2,3013,1,1,2,112,1,At Risk Customer
1045440,9,1,850,5,1,1,511,0,Recent Customer
1045445,62,1,17536,3,1,5,315,4,Regular Customer
1045572,33,1,8908,4,1,4,414,0,Recent Customer
1045580,92,1,2250,2,1,1,211,4,Regular Customer
1045905,66,1,1187,3,1,1,311,4,Regular Customer
1045937,1,1,4445,5,1,2,512,0,Recent Customer
1046101,86,1,4305,2,1,2,212,4,Regular Customer
1046172,109,1,1798,2,1,1,211,1,At Risk Customer
1046288,23,1,4578,5,1,2,512,0,Recent Customer
1046310,3,1,9952,5,1,4,514,0,Recent Customer
1046490,7,1,5782,5,1,3,513,0,Recent Customer
1046579,124,1,8499,1,1,4,114,1,At Risk Customer
1046769,122,1,6148,1,1,3,113,1,At Risk Customer
1046787,10,1,13848,5,1,5,515,0,Recent Customer
1046837,44,1,2490,4,1,2,412,0,Regular Customer
1046904,78,1,12462,3,1,4,314,4,Regular Customer
1046933,133,1,4348,1,1,2,112,1,At Risk Customer
1046944,79,1,1134,3,1,1,311,4,Regular Customer
1047253,37,1,3252,4,1,2,412,0,Recent Customer
1047269,120,2,23300,1,1,5,115,1,High Value Customer
1047384,129,2,14049,1,1,5,115,1,At Risk Customer
1047431,67,1,822,3,1,1,311,4,Regular Customer
1047637,20,1,4170,5,1,2,512,0,Recent Customer
1047813,93,1,10227,2,1,4,214,1,Regular Customer
1048033,14,2,29624,5,1,5,515,0,High Value Customer
1048327,4,1,3181,5,1,2,512,0,Recent Customer
1048533,120,3,13068,1,2,4,124,1,Loyal Customer
1048650,32,1,6574,4,1,3,413,0,Recent Customer
1048836,86,1,2813,2,1,2,212,4,Regular Customer
1048883,61,1,314,3,1,1,311,4,Regular Customer
1049594,74,1,7860,3,1,3,313,4,Regular Customer
1049595,136,2,10595,1,1,4,114,1,At Risk Customer
1049610,41,1,2671,4,1,2,412,0,Regular Customer
1050037,28,1,2314,5,1,2,512,0,Recent Customer
1050385,103,1,4960,2,1,3,213,1,Regular Customer
1050485,115,1,7818,1,1,3,113,1,At Risk Customer
1050575,49,1,4107,4,1,2,412,4,Regular Customer
1050618,118,1,6902,1,1,3,113,1,At Risk Customer
1050805,109,2,8225,2,1,3,213,1,At Risk Customer
1051054,49,2,8602,4,1,4,414,4,Regular Customer
1051319,49,2,13153,4,1,4,414,4,Regular Customer
1051368,60,1,4632,3,1,2,312,4,Regular Customer
1051470,66,1,3952,3,1,2,312,4,Regular Customer
1051529,8,1,17288,5,1,5,515,0,Recent Customer
1051557,92,3,14784,2,2,5,225,4,Loyal Customer
1051607,105,1,4994,2,1,3,213,1,At Risk Customer
1051642,123,1,887,1,1,1,111,1,At Risk Customer
1051698,86,1,8128,2,1,3,213,4,Regular Customer
1052281,37,1,19976,4,1,5,415,0,High Value Customer
1052311,99,2,7232,2,1,3,213,1,Regular Customer
1052403,129,8,53261,1,2,5,125,1,VIP Customer
1052428,103,1,2524,2,1,2,212,1,Regular Customer
1052508,32,1,4934,4,1,3,413,0,Recent Customer
1052690,46,1,888,4,1,1,411,0,Regular Customer
1052785,86,2,6210,2,1,3,213,4,Regular Customer
1052861,51,1,6978,4,1,3,413,4,Regular Customer
1053089,84,2,10452,3,1,4,314,4,Regular Customer
1053100,76,1,4298,3,1,2,312,4,Regular Customer
1053258,59,1,11031,3,1,4,314,4,Regular Customer
1053351,111,2,20994,2,1,5,215,1,High Value Customer
1053437,123,3,21382,1,2,5,125,1,Loyal Customer
1053559,31,1,2896,4,1,2,412,0,Recent Customer
1053581,37,1,4700,4,1,3,413,0,Recent Customer
1053591,25,1,923,5,1,1,511,0,Recent Customer
1053783,60,4,17397,3,2,5,325,4,VIP Customer
1053908,52,1,11920,4,1,4,414,4,Regular Customer
1053942,28,1,5193,5,1,3,513,0,Recent Customer
1054391,47,1,5530,4,1,3,413,4,Regular Customer
1054587,35,1,8580,4,1,4,414,0,Recent Customer
1054607,31,3,21916,4,2,5,425,0,Loyal Customer
1054695,11,1,618,5,1,1,511,0,Recent Customer
1054808,60,2,10065,3,1,4,314,4,Regular Customer
1054824,58,1,3932,4,1,2,412,4,Regular Customer
1055074,30,1,15648,5,1,5,515,0,Recent Customer
1055133,80,1,1978,3,1,1,311,4,Regular Customer
1055329,122,2,4361,1,1,2,112,1,At Risk Customer
1055347,26,1,1731,5,1,1,511,0,Recent Customer
1055401,27,6,34831,5,2,5,525,0,VIP Customer
1055770,104,1,2425,2,1,2,212,1,Regular Customer
1056030,78,1,1644,3,1,1,311,4,Regular Customer
1056162,45,1,15204,4,1,5,415,0,Regular Customer
1056168,14,1,6574,5,1,3,513,0,Recent Customer
1056247,112,1,4469,1,1,2,112,1,At Risk Customer
1056311,31,1,1282,4,1,1,411,0,Recent Customer
1056551,29,2,15234,5,1,5,515,0,Recent Customer
1056651,24,1,2991,5,1,2,512,0,Recent Customer
1056881,88,1,285,2,1,1,211,4,Regular Customer
1056901,27,1,3265,5,1,2,512,0,Recent Customer
1056921,65,1,8724,3,1,4,314,4,Regular Customer
1056961,32,2,27566,4,1,5,415,0,High Value Customer
1057266,67,1,1851,3,1,1,311,4,Regular Customer
1057330,120,1,1958,1,1,1,111,1,At Risk Customer
1057465,94,1,7322,2,1,3,213,1,Regular Customer
1057581,123,1,6404,1,1,3,113,1,At Risk Customer
1057608,65,1,654,3,1,1,311,4,Regular Customer
1058123,17,2,8393,5,1,4,514,0,Recent Customer
1058185,52,1,2472,4,1,2,412,4,Regular Customer
1058190,46,1,8214,4,1,3,413,0,Regular Customer
1058213,130,3,18418,1,2,5,125,1,Loyal Customer
1058268,85,2,8066,2,1,3,213,4,Regular Customer
1058388,101,1,2493,2,1,2,212,1,Regular Customer
1058404,93,1,4609,2,1,2,212,1,Regular Customer
1058409,57,2,285,4,1,1,411,4,Regular Customer
1058490,88,1,11056,2,1,4,214,4,Regular Customer
1058657,133,1,5858,1,1,3,113,1,At Risk Customer
1058705,88,1,13578,2,1,4,214,4,Regular Customer
1058708,1,2,22134,5,1,5,515,0,High Value Customer
1058710,60,1,8052,3,1,3,313,4,Regular Customer
1058908,71,1,329,3,1,1,311,4,Regular Customer
1058941,3,2,8368,5,1,4,514,0,Recent Customer
1059065,9,1,6876,5,1,3,513,0,Recent Customer
1059363,7,2,10930,5,1,4,514,0,Recent Customer
1059475,107,1,8088,2,1,3,213,1,At Risk Customer
1059647,66,1,822,3,1,1,311,4,Regular Customer
1059939,21,1,7122,5,1,3,513,0,Recent Customer
1060139,34,1,1782,4,1,1,411,0,Recent Customer
1060241,78,1,12248,3,1,4,314,4,Regular Customer
1060420,88,1,969,2,1,1,211,4,Regular Customer
1060458,77,1,8160,3,1,3,313,4,Regular Customer
1060630,113,2,28826,1,1,5,115,1,High Value Customer
1060743,85,1,15092,2,1,5,215,4,Regular Customer
1061238,14,6,32144,5,2,5,525,0,VIP Customer
1061273,50,1,4584,4,1,2,412,4,Regular Customer
1061336,20,1,12942,5,1,4,514,0,Recent Customer
1061666,4,1,9194,5,1,4,514,0,Recent Customer
1061966,119,2,17121,1,1,5,115,1,At Risk Customer
1062192,64,3,28778,3,2,5,325,4,Loyal Customer
1062424,62,1,2163,3,1,1,311,4,Regular Customer
1062583,98,1,339,2,1,1,211,1,Regular Customer
1062602,29,1,16224,5,1,5,515,0,Recent Customer
1062712,128,1,2758,1,1,2,112,1,At Risk Customer
1062766,30,1,6352,5,1,3,513,0,Recent Customer
1062953,129,1,10995,1,1,4,114,1,At Risk Customer
1062982,48,1,19088,4,1,5,415,4,High Value Customer
1062987,137,2,22071,1,1,5,115,1,High Value Customer
1063648,79,1,11415,3,1,4,314,4,Regular Customer
1063775,90,1,5868,2,1,3,213,4,Regular Customer
1063848,21,1,3454,5,1,2,512,0,Recent Customer
1063946,35,1,3948,4,1,2,412,0,Recent Customer
1064350,53,1,2763,4,1,2,412,4,Regular Customer
1064358,40,2,12013,4,1,4,414,0,Regular Customer
1064422,19,3,10665,5,2,4,524,0,Loyal Customer
1064435,78,1,13316,3,1,4,314,4,Regular Customer
1064436,11,1,9036,5,1,4,514,0,Recent Customer
1064483,119,1,6009,1,1,3,113,1,At Risk Customer
1064813,43,1,8980,4,1,4,414,0,Regular Customer
1064901,74,1,6092,3,1,3,313,4,Regular Customer
1065189,23,2,11070,5,1,4,514,0,Recent Customer
1065255,93,36,206760,2,2,5,225,4,VIP Customer
1065320,33,1,9920,4,1,4,414,0,Recent Customer
1065650,66,1,9808,3,1,4,314,4,Regular Customer
1065793,128,1,2124,1,1,1,111,1,At Risk Customer
1065827,129,1,9036,1,1,4,114,1,At Risk Customer
1065940,94,2,2716,2,1,2,212,1,Regular Customer
1066033,70,1,7064,3,1,3,313,4,Regular Customer
1066199,72,1,9855,3,1,4,314,4,Regular Customer
1066293,107,1,1305,2,1,1,211,1,At Risk Customer
1066337,37,1,219,4,1,1,411,0,Recent Customer
1066430,132,1,5067,1,1,3,113,1,At Risk Customer
1066440,127,1,19668,1,1,5,115,1,High Value Customer
1066883,94,1,243,2,1,1,211,1,Regular Customer
1066959,1,1,8024,5,1,3,513,0,Recent Customer
1067290,31,1,1910,4,1,1,411,0,Recent Customer
1067500,46,1,9462,4,1,4,414,0,Regular Customer
1067646,92,1,7100,2,1,3,213,4,Regular Customer
1067805,57,1,4276,4,1,2,412,4,Regular Customer
1067810,63,1,7352,3,1,3,313,4,Regular Customer
1068179,20,1,17788,5,1,5,515,0,Recent Customer
1068387,18,1,1210,5,1,1,511,0,Recent Customer
1068640,124,1,14812,1,1,5,115,1,At Risk Customer
1068737,31,1,2564,4,1,2,412,0,Recent Customer
1068780,88,1,18364,2,1,5,215,4,Regular Customer
1068812,66,1,8064,3,1,3,313,4,Regular Customer
1069077,10,1,848,5,1,1,511,0,Recent Customer
1069091,73,1,4954,3,1,3,313,4,Regular Customer
1069361,43,1,17192,4,1,5,415,0,Regular Customer
1069511,113,1,14540,1,1,5,115,1,At Risk Customer
1069526,41,1,10038,4,1,4,414,0,Regular Customer
1069711,93,1,960,2,1,1,211,1,Regular Customer
1069746,6,1,414,5,1,1,511,0,Recent Customer
1069754,29,1,13998,5,1,5,515,0,Recent Customer
1069856,66,1,6372,3,1,3,313,4,Regular Customer
1069931,75,1,10860,3,1,4,314,4,Regular Customer
1069987,13,1,7292,5,1,3,513,0,Recent Customer
1070029,80,3,19016,3,2,5,325,4,Loyal Customer
1070060,42,1,2058,4,1,1,411,0,Regular Customer
1070249,57,4,22837,4,2,5,425,4,VIP Customer
1070384,25,1,12183,5,1,4,514,0,Recent Customer
1070440,10,1,2247,5,1,1,511,0,Recent Customer
1070506,85,1,8680,2,1,4,214,4,Regular Customer
1070509,87,1,13746,2,1,5,215,4,Regular Customer
1070560,72,1,7364,3,1,3,313,4,Regular Customer
1070882,112,1,7272,1,1,3,113,1,At Risk Customer
1070938,78,1,2402,3,1,2,312,4,Regular Customer
1071121,41,2,12135,4,1,4,414,0,Regular Customer
1071124,37,1,2264,4,1,1,411,0,Recent Customer
1071234,129,1,4950,1,1,3,113,1,At Risk Customer
1071262,88,1,13328,2,1,4,214,4,Regular Customer
1071308,84,2,3708,3,1,2,312,4,Regular Customer
1071322,116,1,159,1,1,1,111,1,At Risk Customer
1071410,66,1,2688,3,1,2,312,4,Regular Customer
1071499,36,1,12867,4,1,4,414,0,Recent Customer
1071608,123,1,14835,1,1,5,115,1,At Risk Customer
1071627,51,1,4644,4,1,2,412,4,Regular Customer
1071835,71,1,3917,3,1,2,312,4,Regular Customer
1071917,126,1,816,1,1,1,111,1,At Risk Customer
1071919,9,1,2395,5,1,2,512,0,Recent Customer
1072212,106,1,1656,2,1,1,211,1,At Risk Customer
1072220,12,1,8592,5,1,4,514,0,Recent Customer
1072230,105,1,3192,2,1,2,212,1,At Risk Customer
1072332,90,1,2240,2,1,1,211,4,Regular Customer
1072496,19,1,4314,5,1,2,512,0,Recent Customer
1072753,51,1,1470,4,1,1,411,4,Regular Customer
1072776,25,2,4120,5,1,2,512,0,Recent Customer
1073168,123,1,2467,1,1,2,112,1,At Risk Customer
1073266,120,1,2780,1,1,2,112,1,At Risk Customer
1073377,71,8,66195,3,2,5,325,4,VIP Customer
1073653,114,3,23000,1,2,5,125,1,Loyal Customer
1073658,3,2,4706,5,1,3,513,0,Recent Customer
1073844,80,1,1398,3,1,1,311,4,Regular Customer
1073944,8,1,1845,5,1,1,511,0,Recent Customer
1074034,102,1,2698,2,1,2,212,1,Regular Customer
1074117,15,1,3777,5,1,2,512,0,Recent Customer
1074157,51,2,20568,4,1,5,415,4,High Value Customer
1074170,10,1,7954,5,1,3,513,0,Recent Customer
1074223,123,1,14340,1,1,5,115,1,At Risk Customer
1074236,45,1,12508,4,1,4,414,0,Regular Customer
1074248,13,1,584,5,1,1,511,0,Recent Customer
1074315,87,1,9381,2,1,4,214,4,Regular Customer
1074354,21,1,13440,5,1,4,514,0,Recent Customer
1074449,80,1,7820,3,1,3,313,4,Regular Customer
1074470,78,1,8216,3,1,3,313,4,Regular Customer
1074644,18,1,11088,5,1,4,514,0,Recent Customer
1074861,49,4,12516,4,2,4,424,4,Loyal Customer
1075090,93,1,14480,2,1,5,215,1,Regular Customer
1075203,16,1,15624,5,1,5,515,0,Recent Customer
1075423,83,47,243406,3,2,5,325,4,VIP Customer
1075444,63,1,690,3,1,1,311,4,Regular Customer
1075504,128,1,4596,1,1,2,112,1,At Risk Customer
1075782,74,1,7392,3,1,3,313,4,Regular Customer
1075785,30,1,10887,5,1,4,514,0,Recent Customer
1075788,35,1,10696,4,1,4,414,0,Recent Customer
1075890,28,1,12084,5,1,4,514,0,Recent Customer
1075898,4,1,4962,5,1,3,513,0,Recent Customer
1076102,67,2,12025,3,1,4,314,4,Regular Customer
1076167,37,1,4624,4,1,2,412,0,Recent Customer
1076270,108,2,13249,2,1,4,214,1,At Risk Customer
1076359,122,1,4573,1,1,2,112,1,At Risk Customer
1076366,27,20,134088,5,2,5,525,0,VIP Customer
1076451,135,1,4636,1,1,2,112,1,At Risk Customer
1076479,15,2,9911,5,1,4,514,0,Recent Customer
1076493,53,1,7628,4,1,3,413,4,Regular Customer
1076559,3,1,3658,5,1,2,512,0,Recent Customer
1076611,92,1,4778,2,1,3,213,4,Regular Customer
1076857,46,2,17640,4,1,5,415,0,Regular Customer
1077145,105,1,5433,2,1,3,213,1,At Risk Customer
1077320,91,3,8932,2,2,4,224,4,Loyal Customer
1077471,120,1,1097,1,1,1,111,1,At Risk Customer
1077585,72,1,5199,3,1,3,313,4,Regular Customer
1077937,8,1,15992,5,1,5,515,0,Recent Customer
1077968,74,5,45816,3,2,5,325,4,VIP Customer
1077984,2,8,25414,5,2,5,525,0,VIP Customer
1078180,52,2,10797,4,1,4,414,4,Regular Customer
1078208,75,1,3118,3,1,2,312,4,Regular Customer
1078266,48,1,10124,4,1,4,414,4,Regular Customer
1078486,137,2,16302,1,1,5,115,1,At Risk Customer
1078513,105,1,9610,2,1,4,214,1,At Risk Customer
1078946,62,2,20092,3,1,5,315,4,High Value Customer
1079139,19,2,13724,5,1,5,515,0,Recent Customer
1079533,137,1,7592,1,1,3,113,1,At Risk Customer
1079760,129,1,1503,1,1,1,111,1,At Risk Customer
1079932,43,2,2805,4,1,2,412,0,Regular Customer
1079996,85,1,8914,2,1,4,214,4,Regular Customer
1080273,14,1,4832,5,1,3,513,0,Recent Customer
1080647,72,1,5262,3,1,3,313,4,Regular Customer
1080678,76,1,9194,3,1,4,314,4,Regular Customer
1080729,12,1,4933,5,1,3,513,0,Recent Customer
1080955,17,1,12213,5,1,4,514,0,Recent Customer
1081220,80,2,5396,3,1,3,313,4,Regular Customer
1081405,9,1,10962,5,1,4,514,0,Recent Customer
1081431,8,1,8560,5,1,4,514,0,Recent Customer
1081566,112,1,3129,1,1,2,112,1,At Risk Customer
1081624,115,1,226,1,1,1,111,1,At Risk Customer
1081726,70,2,12074,3,1,4,314,4,Regular Customer
1081741,114,2,14896,1,1,5,115,1,At Risk Customer
1081894,77,1,9490,3,1,4,314,4,Regular Customer
1081901,116,1,2104,1,1,1,111,1,At Risk Customer
1082043,51,1,2468,4,1,2,412,4,Regular Customer
1082305,23,3,15708,5,2,5,525,0,Loyal Customer
1082371,75,1,2771,3,1,2,312,4,Regular Customer
1082536,14,1,1624,5,1,1,511,0,Recent Customer
1082641,37,2,17605,4,1,5,415,0,Recent Customer
1082822,91,1,10779,2,1,4,214,4,Regular Customer
1082887,32,1,8376,4,1,4,414,0,Recent Customer
1083036,78,1,8062,3,1,3,313,4,Regular Customer
1083118,13,1,9714,5,1,4,514,0,Recent Customer
1083127,79,1,169,3,1,1,311,4,Regular Customer
1083188,108,1,228,2,1,1,211,1,At Risk Customer
1083253,7,1,1843,5,1,1,511,0,Recent Customer
1083369,94,1,4904,2,1,3,213,1,Regular Customer
1083373,39,9,69854,4,2,5,425,0,VIP Customer
1083495,110,1,33,2,1,1,211,1,At Risk Customer
1083658,56,1,18560,4,1,5,415,4,High Value Customer
1083786,127,5,20961,1,2,5,125,1,VIP Customer
1083837,119,1,12792,1,1,4,114,1,At Risk Customer
1083923,30,1,11224,5,1,4,514,0,Recent Customer
1084018,44,2,6349,4,1,3,413,0,Regular Customer
1084182,136,1,3635,1,1,2,112,1,At Risk Customer
1084265,81,1,10788,3,1,4,314,4,Regular Customer
1084305,42,1,5678,4,1,3,413,0,Regular Customer
1084338,32,1,2702,4,1,2,412,0,Recent Customer
1084528,35,1,4215,4,1,2,412,0,Recent Customer
1084561,17,1,3508,5,1,2,512,0,Recent Customer
1084569,132,2,5127,1,1,3,113,1,At Risk Customer
1084617,104,1,5610,2,1,3,213,1,Regular Customer
1084677,79,2,14302,3,1,5,315,4,Regular Customer
1084741,63,2,1856,3,1,1,311,4,Regular Customer
1084952,16,3,14507,5,2,5,525,0,Loyal Customer
1085279,64,1,7362,3,1,3,313,4,Regular Customer
1085571,137,1,1284,1,1,1,111,1,At Risk Customer
1085620,129,1,10683,1,1,4,114,1,At Risk Customer
1085624,65,1,3565,3,1,2,312,4,Regular Customer
1085761,137,1,4576,1,1,2,112,1,At Risk Customer
1085818,24,3,14985,5,2,5,525,0,Loyal Customer
1085829,115,1,1822,1,1,1,111,1,At Risk Customer
1085971,88,1,3242,2,1,2,212,4,Regular Customer
1086003,12,1,4176,5,1,2,512,0,Recent Customer
1086034,77,1,8622,3,1,4,314,4,Regular Customer
1086075,90,1,1558,2,1,1,211,4,Regular Customer
1086108,129,1,5182,1,1,3,113,1,At Risk Customer
1086334,48,2,9576,4,1,4,414,4,Regular Customer
1086897,94,1,4654,2,1,3,213,1,Regular Customer
1086903,63,1,3861,3,1,2,312,4,Regular Customer
1086913,64,1,8715,3,1,4,314,4,Regular Customer
1086982,30,2,7292,5,1,3,513,0,Recent Customer
1087295,88,1,3939,2,1,2,212,4,Regular Customer
1087601,120,1,3305,1,1,2,112,1,At Risk Customer
1088027,23,1,4158,5,1,2,512,0,Recent Customer
1088068,32,1,7156,4,1,3,413,0,Recent Customer
1088103,61,1,5070,3,1,3,313,4,Regular Customer
1088116,125,1,4256,1,1,2,112,1,At Risk Customer
1088151,122,1,7392,1,1,3,113,1,At Risk Customer
1088210,31,1,4711,4,1,3,413,0,Recent Customer
1088211,44,1,3075,4,1,2,412,0,Regular Customer
1088275,109,1,10884,2,1,4,214,1,At Risk Customer
1088393,116,1,17372,1,1,5,115,1,At Risk Customer
1088465,103,1,648,2,1,1,211,1,Regular Customer
1088880,21,3,13535,5,2,4,524,0,Loyal Customer
1088976,107,1,446,2,1,1,211,1,At Risk Customer
1089538,53,1,6070,4,1,3,413,4,Regular Customer
1089853,135,1,15180,1,1,5,115,1,At Risk Customer
1089934,92,1,1327,2,1,1,211,4,Regular Customer
1089992,27,1,346,5,1,1,511,0,Recent Customer
1090044,80,1,1718,3,1,1,311,4,Regular Customer
1090063,37,1,11253,4,1,4,414,0,Recent Customer
1090124,38,1,1122,4,1,1,411,0,Regular Customer
1090144,134,1,9890,1,1,4,114,1,At Risk Customer
1090325,7,1,435,5,1,1,511,0,Recent Customer
1090413,127,1,1691,1,1,1,111,1,At Risk Customer
1090473,25,1,6999,5,1,3,513,0,Recent Customer
1090548,137,1,6120,1,1,3,113,1,At Risk Customer
1090665,79,2,1404,3,1,1,311,4,Regular Customer
1090824,14,1,177,5,1,1,511,0,Recent Customer
1090856,64,1,3600,3,1,2,312,4,Regular Customer
1090857,107,1,344,2,1,1,211,1,At Risk Customer
1090887,62,1,8130,3,1,3,313,4,Regular Customer
1091087,35,2,11764,4,1,4,414,0,Recent Customer
1091107,104,1,3174,2,1,2,212,1,Regular Customer
1091556,136,1,8372,1,1,4,114,1,At Risk Customer
1091732,79,1,6702,3,1,3,313,4,Regular Customer
1091855,124,2,12536,1,1,4,114,1,At Risk Customer
1092175,36,1,1560,4,1,1,411,0,Recent Customer
1092199,32,1,12894,4,1,4,414,0,Recent Customer
1092370,135,2,13617,1,1,4,114,1,At Risk Customer
1092403,43,1,4755,4,1,3,413,0,Regular Customer
1092409,19,1,4584,5,1,2,512,0,Recent Customer
1092478,94,2,12499,2,1,4,214,1,Regular Customer
1092723,72,2,19830,3,1,5,315,4,High Value Customer
1092797,59,1,3244,3,1,2,312,4,Regular Customer
1093035,100,68,405614,2,2,5,225,3,VIP Customer
1093062,26,1,5492,5,1,3,513,0,Recent Customer
1093151,103,1,14564,2,1,5,215,1,Regular Customer
1093456,74,1,7752,3,1,3,313,4,Regular Customer
1093461,25,1,1278,5,1,1,511,0,Recent Customer
1093736,138,1,4778,1,1,3,113,1,At Risk Customer
1093771,50,1,15908,4,1,5,415,4,Regular Customer
1093946,112,2,24770,1,1,5,115,1,High Value Customer
1094021,63,2,6628,3,1,3,313,4,Regular Customer
1094034,42,1,1046,4,1,1,411,0,Regular Customer
1094089,137,1,12099,1,1,4,114,1,At Risk Customer
1094128,69,2,13136,3,1,4,314,4,Regular Customer
1094188,51,1,3296,4,1,2,412,4,Regular Customer
1094310,72,1,1826,3,1,1,311,4,Regular Customer
1094389,87,1,3516,2,1,2,212,4,Regular Customer
1094490,109,1,4560,2,1,2,212,1,At Risk Customer
1094597,52,1,2393,4,1,2,412,4,Regular Customer
1094829,31,1,7382,4,1,3,413,0,Recent Customer
1095103,127,1,9890,1,1,4,114,1,At Risk Customer
1095124,44,1,9784,4,1,4,414,0,Regular Customer
1095458,29,5,34173,5,2,5,525,0,VIP Customer
1095470,70,2,23645,3,1,5,315,4,High Value Customer
1095484,59,1,3219,3,1,2,312,4,Regular Customer
1095555,33,1,11730,4,1,4,414,0,Recent Customer
1095676,74,1,13328,3,1,4,314,4,Regular Customer
1096075,72,1,9274,3,1,4,314,4,Regular Customer
1096142,93,1,3996,2,1,2,212,1,Regular Customer
1096330,78,1,136,3,1,1,311,4,Regular Customer
1096495,54,1,4568,4,1,2,412,4,Regular Customer
1096542,126,1,11772,1,1,4,114,1,At Risk Customer
1096676,121,1,5764,1,1,3,113,1,At Risk Customer
1096840,72,1,4200,3,1,2,312,4,Regular Customer
1097026,51,2,8892,4,1,4,414,4,Regular Customer
1097216,49,3,35792,4,2,5,425,4,Loyal Customer
1097386,66,1,2660,3,1,2,312,4,Regular Customer
1097400,72,5,31179,3,2,5,325,4,VIP Customer
1097512,57,1,1570,4,1,1,411,4,Regular Customer
1097646,87,2,22778,2,1,5,215,4,High Value Customer
1097897,80,1,5720,3,1,3,313,4,Regular Customer
1098035,45,1,1622,4,1,1,411,0,Regular Customer
1098310,85,1,2620,2,1,2,212,4,Regular Customer
1098391,63,1,3696,3,1,2,312,4,Regular Customer
1098607,59,1,8130,3,1,3,313,4,Regular Customer
1098616,15,1,9678,5,1,4,514,0,Recent Customer
1098767,77,1,2888,3,1,2,312,4,Regular Customer
1098769,8,2,15355,5,1,5,515,0,Recent Customer
1098883,11,1,3267,5,1,2,512,0,Recent Customer
1098888,77,1,11292,3,1,4,314,4,Regular Customer
1098959,21,1,354,5,1,1,511,0,Recent Customer
1099198,64,1,108,3,1,1,311,4,Regular Customer
1099348,62,1,13020,3,1,4,314,4,Regular Customer
1099519,9,1,10832,5,1,4,514,0,Recent Customer
1099612,59,1,6240,3,1,3,313,4,Regular Customer
1099749,49,3,17260,4,2,5,425,4,Loyal Customer
1099801,46,1,2686,4,1,2,412,0,Regular Customer
1099842,50,2,10544,4,1,4,414,4,Regular Customer
1099905,53,1,8166,4,1,3,413,4,Regular Customer
1099916,57,2,7211,4,1,3,413,4,Regular Customer
1100002,58,1,19636,4,1,5,415,4,High Value Customer
1100036,24,1,5836,5,1,3,513,0,Recent Customer
1100390,107,1,2644,2,1,2,212,1,At Risk Customer
1100641,67,2,3931,3,1,2,312,4,Regular Customer
1100851,55,1,6692,4,1,3,413,4,Regular Customer
1100884,123,1,14732,1,1,5,115,1,At Risk Customer
1100892,7,2,6734,5,1,3,513,0,Recent Customer
1100984,13,1,15196,5,1,5,515,0,Recent Customer
1101023,4,1,13340,5,1,4,514,0,Recent Customer
1101111,8,1,2229,5,1,1,511,0,Recent Customer
1101242,129,1,9891,1,1,4,114,1,At Risk Customer
1101303,98,1,3932,2,1,2,212,1,Regular Customer
1101373,28,2,6104,5,1,3,513,0,Recent Customer
1101539,3,2,8382,5,1,4,514,0,Recent Customer
1101747,50,7,47424,4,2,5,425,4,VIP Customer
1101754,112,1,2786,1,1,2,112,1,At Risk Customer
1101917,87,1,2488,2,1,2,212,4,Regular Customer
1102019,118,2,11565,1,1,4,114,1,At Risk Customer
1102053,72,1,6828,3,1,3,313,4,Regular Customer
1102257,67,2,16568,3,1,5,315,4,Regular Customer
1102275,92,1,1484,2,1,1,211,4,Regular Customer
1102279,6,1,12714,5,1,4,514,0,Recent Customer
1102311,44,1,164,4,1,1,411,0,Regular Customer
1102467,44,1,3976,4,1,2,412,0,Regular Customer
1102508,125,1,2768,1,1,2,112,1,At Risk Customer
1102694,67,1,17024,3,1,5,315,4,Regular Customer
1102743,59,3,10475,3,2,4,324,4,Loyal Customer
1102940,85,1,828,2,1,1,211,4,Regular Customer
1103132,52,1,9388,4,1,4,414,4,Regular Customer
1103176,76,1,9952,3,1,4,314,4,Regular Customer
1103202,25,1,1160,5,1,1,511,0,Recent Customer
1103292,135,1,19008,1,1,5,115,1,High Value Customer
1103541,11,14,94093,5,2,5,525,0,VIP Customer
1103783,43,1,1724,4,1,1,411,0,Regular Customer
1103835,73,1,4013,3,1,2,312,4,Regular Customer
1103840,100,1,4282,2,1,2,212,1,Regular Customer
1103880,98,1,3794,2,1,2,212,1,Regular Customer
1103897,79,2,15500,3,1,5,315,4,Regular Customer
1103912,11,1,5560,5,1,3,513,0,Recent Customer
1103914,62,8,71467,3,2,5,325,4,VIP Customer
1104027,56,2,10456,4,1,4,414,4,Regular Customer
1104056,53,1,9704,4,1,4,414,4,Regular Customer
1104076,16,2,24545,5,1,5,515,0,High Value Customer
1104300,100,2,4179,2,1,2,212,1,Regular Customer
1104374,3,1,5206,5,1,3,513,0,Recent Customer
1104446,2,1,3460,5,1,2,512,0,Recent Customer
1104456,43,2,13214,4,1,4,414,0,Regular Customer
1104495,136,1,4076,1,1,2,112,1,At Risk Customer
1104649,69,2,12876,3,1,4,314,4,Regular Customer
1104771,18,5,26749,5,2,5,525,0,VIP Customer
1104878,129,2,5431,1,1,3,113,1,At Risk Customer
1104957,47,4,18999,4,2,5,425,4,VIP Customer
1105004,92,1,2494,2,1,2,212,4,Regular Customer
1105174,11,2,16756,5,1,5,515,0,Recent Customer
1105313,127,1,8698,1,1,4,114,1,At Risk Customer
1105909,13,1,13164,5,1,4,514,0,Recent Customer
1105978,90,1,7300,2,1,3,213,4,Regular Customer
1106054,101,2,17676,2,1,5,215,1,Regular Customer
1106141,52,1,7752,4,1,3,413,4,Regular Customer
1106143,135,1,481,1,1,1,111,1,At Risk Customer
1106190,105,2,22566,2,1,5,215,1,High Value Customer
1106244,44,1,1990,4,1,1,411,0,Regular Customer
1106288,59,1,5834,3,1,3,313,4,Regular Customer
1106356,136,1,18204,1,1,5,115,1,At Risk Customer
1106563,19,1,2239,5,1,1,511,0,Recent Customer
1106611,39,1,2631,4,1,2,412,0,Regular Customer
1106764,78,1,16068,3,1,5,315,4,Regular Customer
1106803,78,1,1608,3,1,1,311,4,Regular Customer
1106846,74,1,9180,3,1,4,314,4,Regular Customer
1107033,30,1,797,5,1,1,511,0,Recent Customer
1107097,40,1,8302,4,1,4,414,0,Regular Customer
1107485,50,1,1251,4,1,1,411,4,Regular Customer
1107505,26,2,5609,5,1,3,513,0,Recent Customer
1107953,136,1,14860,1,1,5,115,1,At Risk Customer
1107997,31,1,6904,4,1,3,413,0,Recent Customer
1108172,67,1,9392,3,1,4,314,4,Regular Customer
1108396,108,1,6548,2,1,3,213,1,At Risk Customer
1108631,36,26,110544,4,2,5,425,0,VIP Customer
1108664,20,1,7830,5,1,3,513,0,Recent Customer
1108790,69,1,7308,3,1,3,313,4,Regular Customer
1108795,129,1,146,1,1,1,111,1,At Risk Customer
1108873,124,1,14892,1,1,5,115,1,At Risk Customer
1108906,125,1,8436,1,1,4,114,1,At Risk Customer
1108919,16,1,1456,5,1,1,511,0,Recent Customer
1109044,105,1,3339,2,1,2,212,1,At Risk Customer
1109295,30,1,868,5,1,1,511,0,Recent Customer
1109799,121,1,1282,1,1,1,111,1,At Risk Customer
1109812,35,1,11910,4,1,4,414,0,Recent Customer
1109848,2,1,1830,5,1,1,511,0,Recent Customer
1109927,74,1,2810,3,1,2,312,4,Regular Customer
1109989,36,1,1560,4,1,1,411,0,Recent Customer
1110180,13,1,7884,5,1,3,513,0,Recent Customer
1110237,87,1,17844,2,1,5,215,4,Regular Customer
1110239,36,1,3523,4,1,2,412,0,Recent Customer
1110278,39,1,7803,4,1,3,413,0,Regular Customer
1110280,110,1,17280,2,1,5,215,1,At Risk Customer
1110455,85,2,5257,2,1,3,213,4,Regular Customer
1110471,32,1,16904,4,1,5,415,0,Recent Customer
1110523,60,2,12954,3,1,4,314,4,Regular Customer
1110744,116,1,559,1,1,1,111,1,At Risk Customer
1110822,34,4,12601,4,2,4,424,0,Loyal Customer
1110929,56,3,31312,4,2,5,425,4,Loyal Customer
1110986,25,1,16996,5,1,5,515,0,Recent Customer
1110994,133,1,3466,1,1,2,112,1,At Risk Customer
1111177,116,2,2559,1,1,2,112,1,At Risk Customer
1111195,83,1,19468,3,1,5,315,4,High Value Customer
1111213,54,1,617,4,1,1,411,4,Regular Customer
1111469,11,1,9564,5,1,4,514,0,Recent Customer
1111661,64,1,1780,3,1,1,311,4,Regular Customer
1111735,77,1,14568,3,1,5,315,4,Regular Customer
1111928,101,1,9684,2,1,4,214,1,Regular Customer
1112013,44,5,50900,4,2,5,425,0,VIP Customer
1112020,39,1,11640,4,1,4,414,0,Regular Customer
1112178,62,1,10860,3,1,4,314,4,Regular Customer
1112198,129,1,18716,1,1,5,115,1,High Value Customer
1112510,86,1,1220,2,1,1,211,4,Regular Customer
1112704,65,1,1924,3,1,1,311,4,Regular Customer
1112769,48,1,7644,4,1,3,413,4,Regular Customer
1113059,51,1,3144,4,1,2,412,4,Regular Customer
1113064,58,1,9028,4,1,4,414,4,Regular Customer
1113110,124,1,6348,1,1,3,113,1,At Risk Customer
1113250,46,1,3738,4,1,2,412,0,Regular Customer
1113351,29,5,22685,5,2,5,525,0,VIP Customer
1113362,136,1,9459,1,1,4,114,1,At Risk Customer
1113417,80,2,5361,3,1,3,313,4,Regular Customer
1113427,94,1,13312,2,1,4,214,1,Regular Customer
1113443,21,3,23395,5,2,5,525,0,Loyal Customer
1113547,82,2,2468,3,1,2,312,4,Regular Customer
1113650,129,2,23724,1,1,5,115,1,High Value Customer
1113675,23,1,10386,5,1,4,514,0,Recent Customer
1113715,24,1,12453,5,1,4,514,0,Recent Customer
1114039,23,1,4584,5,1,2,512,0,Recent Customer
1114192,65,1,14028,3,1,5,315,4,Regular Customer
1114201,2,1,1605,5,1,1,511,0,Recent Customer
1114308,135,1,14085,1,1,5,115,1,At Risk Customer
1114514,108,1,15248,2,1,5,215,1,At Risk Customer
1114772,113,1,1614,1,1,1,111,1,At Risk Customer
1114887,22,1,3380,5,1,2,512,0,Recent Customer
1115272,91,1,4998,2,1,3,213,4,Regular Customer
1115446,49,4,25739,4,2,5,425,4,VIP Customer
1115616,43,1,4360,4,1,2,412,0,Regular Customer
1115637,111,1,3783,2,1,2,212,1,At Risk Customer
1115891,57,1,1611,4,1,1,411,4,Regular Customer
1115938,96,1,2417,2,1,2,212,1,Regular Customer
1115990,21,1,13608,5,1,4,514,0,Recent Customer
1116078,126,2,14534,1,1,5,115,1,At Risk Customer
1116087,121,2,9556,1,1,4,114,1,At Risk Customer
1116368,116,1,4671,1,1,3,113,1,At Risk Customer
1116426,103,1,7118,2,1,3,213,1,Regular Customer
1116522,65,1,548,3,1,1,311,4,Regular Customer
1116575,9,1,5625,5,1,3,513,0,Recent Customer
1116687,71,1,72,3,1,1,311,4,Regular Customer
1116716,106,1,9490,2,1,4,214,1,At Risk Customer
1116948,128,27,159429,1,2,5,125,1,VIP Customer
1117079,88,1,14583,2,1,5,215,4,Regular Customer
1117144,114,1,8175,1,1,3,113,1,At Risk Customer
1117293,122,4,17673,1,2,5,125,1,VIP Customer
1117312,38,1,1011,4,1,1,411,0,Regular Customer
1117333,117,2,16919,1,1,5,115,1,At Risk Customer
1117547,30,1,4320,5,1,2,512,0,Recent Customer
1117667,60,1,7484,3,1,3,313,4,Regular Customer
1117845,98,1,7146,2,1,3,213,1,Regular Customer
1118004,81,1,1722,3,1,1,311,4,Regular Customer
1118015,49,1,11583,4,1,4,414,4,Regular Customer
1118074,70,1,2230,3,1,1,311,4,Regular Customer
1118106,101,1,514,2,1,1,211,1,Regular Customer
1118109,10,2,26516,5,1,5,515,0,High Value Customer
1118325,23,3,21134,5,2,5,525,0,Loyal Customer
1118397,82,1,10836,3,1,4,314,4,Regular Customer
1118449,86,1,4082,2,1,2,212,4,Regular Customer
1118705,46,1,7146,4,1,3,413,0,Regular Customer
1119174,67,1,19304,3,1,5,315,4,High Value Customer
1119195,96,1,7668,2,1,3,213,1,Regular Customer
1119553,104,1,4087,2,1,2,212,1,Regular Customer
1119669,55,1,18796,4,1,5,415,4,High Value Customer
1119697,87,1,4292,2,1,2,212,4,Regular Customer
1119719,99,1,2178,2,1,1,211,1,Regular Customer
1119767,69,1,12390,3,1,4,314,4,Regular Customer
1119870,94,1,4053,2,1,2,212,1,Regular Customer
1119872,50,1,4092,4,1,2,412,4,Regular Customer
1119941,51,2,19281,4,1,5,415,4,High Value Customer
1120092,23,1,7515,5,1,3,513,0,Recent Customer
1120124,53,1,3636,4,1,2,412,4,Regular Customer
1120144,51,3,16681,4,2,5,425,4,Loyal Customer
1120343,121,1,1117,1,1,1,111,1,At Risk Customer
1120402,100,1,1008,2,1,1,211,1,Regular Customer
1120642,84,1,1146,3,1,1,311,4,Regular Customer
1120870,66,7,27925,3,2,5,325,4,VIP Customer
1121064,87,1,6021,2,1,3,213,4,Regular Customer
1121100,128,1,7586,1,1,3,113,1,At Risk Customer
1121386,20,1,19700,5,1,5,515,0,High Value Customer
1121454,78,1,2796,3,1,2,312,4,Regular Customer
1121652,19,3,16046,5,2,5,525,0,Loyal Customer
1121665,17,1,4791,5,1,3,513,0,Recent Customer
1121776,37,1,495,4,1,1,411,0,Recent Customer
1121909,87,1,4476,2,1,2,212,4,Regular Customer
1122208,107,1,600,2,1,1,211,1,At Risk Customer
1122429,89,1,16628,2,1,5,215,4,Regular Customer
1122464,30,1,3332,5,1,2,512,0,Recent Customer
1122486,53,1,17584,4,1,5,415,4,Regular Customer
1122620,5,1,16312,5,1,5,515,0,Recent Customer
1122754,97,1,11622,2,1,4,214,1,Regular Customer
1122758,90,2,10822,2,1,4,214,4,Regular Customer
1122870,7,6,36803,5,2,5,525,0,VIP Customer
1122980,131,1,4131,1,1,2,112,1,At Risk Customer
1123042,95,2,13560,2,1,4,214,1,Regular Customer
1123059,25,1,4662,5,1,3,513,0,Recent Customer
1123085,107,1,1565,2,1,1,211,1,At Risk Customer
1123106,104,1,4229,2,1,2,212,1,Regular Customer
1123149,121,1,4308,1,1,2,112,1,At Risk Customer
1123245,45,1,4076,4,1,2,412,0,Regular Customer
1123295,56,5,24151,4,2,5,425,4,VIP Customer
1123306,72,1,11643,3,1,4,314,4,Regular Customer
1123419,11,2,11360,5,1,4,514,0,Recent Customer
1123490,32,1,7156,4,1,3,413,0,Recent Customer
1123575,59,2,11059,3,1,4,314,4,Regular Customer
1123577,60,1,12558,3,1,4,314,4,Regular Customer
1123703,94,1,2776,2,1,2,212,1,Regular Customer
1123995,64,2,12438,3,1,4,314,4,Regular Customer
1124031,35,1,7611,4,1,3,413,0,Recent Customer
1124488,74,1,14988,3,1,5,315,4,Regular Customer
1124499,73,1,3888,3,1,2,312,4,Regular Customer
1124557,123,1,3316,1,1,2,112,1,At Risk Customer
1124617,113,1,4893,1,1,3,113,1,At Risk Customer
1124622,8,1,4204,5,1,2,512,0,Recent Customer
1124699,2,1,18632,5,1,5,515,0,High Value Customer
1124964,71,10,57780,3,2,5,325,4,VIP Customer
1125180,33,1,6692,4,1,3,413,0,Recent Customer
1125220,46,2,18590,4,1,5,415,0,High Value Customer
1125459,52,1,12524,4,1,4,414,4,Regular Customer
1125465,88,1,13172,2,1,4,214,4,Regular Customer
1125532,128,3,25086,1,2,5,125,1,Loyal Customer
1125577,77,1,14100,3,1,5,315,4,Regular Customer
1125765,5,1,405,5,1,1,511,0,Recent Customer
1125791,12,1,5628,5,1,3,513,0,Recent Customer
1125860,32,1,3042,4,1,2,412,0,Recent Customer
1125958,89,1,3614,2,1,2,212,4,Regular Customer
1126069,72,1,9960,3,1,4,314,4,Regular Customer
1126439,42,1,7512,4,1,3,413,0,Regular Customer
1126569,4,35,244400,5,2,5,525,0,VIP Customer
1126660,68,1,7860,3,1,3,313,4,Regular Customer
1126674,136,1,2248,1,1,1,111,1,At Risk Customer
1126685,61,1,13164,3,1,4,314,4,Regular Customer
1126793,31,3,10950,4,2,4,424,0,Loyal Customer
1126836,88,1,4708,2,1,3,213,4,Regular Customer
1126939,59,1,5936,3,1,3,313,4,Regular Customer
1126945,35,2,11984,4,1,4,414,0,Recent Customer
1127021,103,1,13119,2,1,4,214,1,Regular Customer
1127110,40,1,14511,4,1,5,415,0,Regular Customer
1127166,135,2,3330,1,1,2,112,1,At Risk Customer
1127234,70,1,12498,3,1,4,314,4,Regular Customer
1127406,93,2,6959,2,1,3,213,1,Regular Customer
1127429,52,2,16703,4,1,5,415,4,Regular Customer
1127697,87,1,11104,2,1,4,214,4,Regular Customer
1127962,2,3,21650,5,2,5,525,0,Loyal Customer
1128088,46,1,3930,4,1,2,412,0,Regular Customer
1128102,115,1,3088,1,1,2,112,1,At Risk Customer
1128161,84,1,8754,3,1,4,314,4,Regular Customer
1128190,7,1,1136,5,1,1,511,0,Recent Customer
1128416,35,1,17704,4,1,5,415,0,Recent Customer
1128479,77,1,2116,3,1,1,311,4,Regular Customer
1128592,101,1,4644,2,1,2,212,1,Regular Customer
1128809,126,4,30858,1,2,5,125,1,VIP Customer
1128828,77,1,6537,3,1,3,313,4,Regular Customer
1128992,67,1,4488,3,1,2,312,4,Regular Customer
1129209,55,1,1473,4,1,1,411,4,Regular Customer
1129347,85,2,6991,2,1,3,213,4,Regular Customer
1129356,135,1,1759,1,1,1,111,1,At Risk Customer
1129379,36,1,1172,4,1,1,411,0,Recent Customer
1129408,123,1,8092,1,1,3,113,1,At Risk Customer
1129553,122,2,18288,1,1,5,115,1,At Risk Customer
1129560,105,2,2335,2,1,2,212,1,At Risk Customer
1129594,130,2,6384,1,1,3,113,1,At Risk Customer
1129614,7,8,80420,5,2,5,525,0,VIP Customer
1129898,28,1,15428,5,1,5,515,0,Recent Customer
1130032,21,2,20343,5,1,5,515,0,High Value Customer
1130129,93,1,3408,2,1,2,212,1,Regular Customer
1130179,98,1,11565,2,1,4,214,1,Regular Customer
1130204,116,2,13503,1,1,4,114,1,At Risk Customer
1130351,45,1,14632,4,1,5,415,0,Regular Customer
1130635,137,1,4658,1,1,3,113,1,At Risk Customer
1130689,54,1,2593,4,1,2,412,4,Regular Customer
1130809,87,1,9404,2,1,4,214,4,Regular Customer
1130813,76,1,9866,3,1,4,314,4,Regular Customer
1130868,113,1,13461,1,1,4,114,1,At Risk Customer
1131152,52,1,3808,4,1,2,412,4,Regular Customer
1131362,12,2,5682,5,1,3,513,0,Recent Customer
1131431,125,3,18659,1,2,5,125,1,Loyal Customer
1131565,59,1,3304,3,1,2,312,4,Regular Customer
1131582,57,1,1008,4,1,1,411,4,Regular Customer
1131632,100,1,7088,2,1,3,213,1,Regular Customer
1131743,95,1,8898,2,1,4,214,1,Regular Customer
1131970,121,1,1889,1,1,1,111,1,At Risk Customer
1132150,111,2,8798,2,1,4,214,1,At Risk Customer
1132349,81,1,12924,3,1,4,314,4,Regular Customer
1132359,24,1,9832,5,1,4,514,0,Recent Customer
1132402,124,1,11688,1,1,4,114,1,At Risk Customer
1132549,37,1,2467,4,1,2,412,0,Recent Customer
1132655,80,1,15968,3,1,5,315,4,Regular Customer
1132858,1,1,1414,5,1,1,511,0,Recent Customer
1132933,113,2,16168,1,1,5,115,1,At Risk Customer
1132989,79,1,33,3,1,1,311,4,Regular Customer
1133097,24,2,17028,5,1,5,515,0,Recent Customer
1133108,78,1,7548,3,1,3,313,4,Regular Customer
1133645,127,1,3754,1,1,2,112,1,At Risk Customer
1133713,58,1,4098,4,1,2,412,4,Regular Customer
1134182,26,1,2588,5,1,2,512,0,Recent Customer
1134369,24,1,8256,5,1,3,513,0,Recent Customer
1134479,23,1,4653,5,1,3,513,0,Recent Customer
1134627,25,1,354,5,1,1,511,0,Recent Customer
1134659,100,1,4834,2,1,3,213,1,Regular Customer
1134753,40,1,15032,4,1,5,415,0,Regular Customer
1134806,73,1,16176,3,1,5,315,4,Regular Customer
1134854,76,2,8581,3,1,4,314,4,Regular Customer
1134909,49,1,942,4,1,1,411,4,Regular Customer
1134963,16,1,6072,5,1,3,513,0,Recent Customer
1134975,25,26,149089,5,2,5,525,0,VIP Customer
1134979,11,2,8101,5,1,3,513,0,Recent Customer
1135150,123,1,14982,1,1,5,115,1,At Risk Customer
1135249,129,2,16758,1,1,5,115,1,At Risk Customer
1135254,36,1,8112,4,1,3,413,0,Recent Customer
1135274,51,1,4875,4,1,3,413,4,Regular Customer
1135374,133,1,1870,1,1,1,111,1,At Risk Customer
1135500,136,1,3206,1,1,2,112,1,At Risk Customer
1135803,127,1,4281,1,1,2,112,1,At Risk Customer
1135842,73,1,9300,3,1,4,314,4,Regular Customer
1135907,88,1,1260,2,1,1,211,4,Regular Customer
1136498,74,1,3564,3,1,2,312,4,Regular Customer
1136594,4,3,26411,5,2,5,525,0,Loyal Customer
1136617,95,1,7034,2,1,3,213,1,Regular Customer
1136622,122,1,764,1,1,1,111,1,At Risk Customer
1136644,86,1,1827,2,1,1,211,4,Regular Customer
1136709,44,1,10964,4,1,4,414,0,Regular Customer
1136741,9,1,4852,5,1,3,513,0,Recent Customer
1136787,29,1,8084,5,1,3,513,0,Recent Customer
1136931,113,2,3276,1,1,2,112,1,At Risk Customer
1137032,49,1,5186,4,1,3,413,4,Regular Customer
1137033,70,1,5624,3,1,3,313,4,Regular Customer
1137093,70,1,2660,3,1,2,312,4,Regular Customer
1137581,124,2,29763,1,1,5,115,1,High Value Customer
1137634,112,4,17338,1,2,5,125,1,VIP Customer
1137704,107,3,30507,2,2,5,225,1,Loyal Customer
1137846,97,1,3146,2,1,2,212,1,Regular Customer
1137950,27,2,5157,5,1,3,513,0,Recent Customer
1137997,105,1,1302,2,1,1,211,1,At Risk Customer
1138103,80,1,10359,3,1,4,314,4,Regular Customer
1138300,72,1,3358,3,1,2,312,4,Regular Customer
1138326,64,4,16657,3,2,5,325,4,VIP Customer
1138443,134,1,18252,1,1,5,115,1,At Risk Customer
1138492,10,1,8464,5,1,4,514,0,Recent Customer
1138722,89,1,14772,2,1,5,215,4,Regular Customer
1139013,73,1,5211,3,1,3,313,4,Regular Customer
1139092,109,1,1223,2,1,1,211,1,At Risk Customer
1139336,113,1,569,1,1,1,111,1,At Risk Customer
1139426,40,1,14292,4,1,5,415,0,Regular Customer
1139502,32,1,5002,4,1,3,413,0,Recent Customer
1139617,22,1,8172,5,1,3,513,0,Recent Customer
1139658,54,1,2406,4,1,2,412,4,Regular Customer
1139670,70,1,10684,3,1,4,314,4,Regular Customer
1139909,126,1,171,1,1,1,111,1,At Risk Customer
1140031,98,1,1284,2,1,1,211,1,Regular Customer
1140064,32,1,10188,4,1,4,414,0,Recent Customer
1140205,89,2,18930,2,1,5,215,4,High Value Customer
1140215,137,1,9826,1,1,4,114,1,At Risk Customer
1140225,117,2,1405,1,1,1,111,1,At Risk Customer
1140386,3,1,15740,5,1,5,515,0,Recent Customer
1140406,49,2,17214,4,1,5,415,4,Regular Customer
1140665,136,1,2816,1,1,2,112,1,At Risk Customer
1140795,94,1,285,2,1,1,211,1,Regular Customer
1140878,137,1,8049,1,1,3,113,1,At Risk Customer
1140886,67,6,45044,3,2,5,325,4,VIP Customer
1141126,56,1,8760,4,1,4,414,4,Regular Customer
1141285,77,1,9636,3,1,4,314,4,Regular Customer
1141334,53,1,4758,4,1,3,413,4,Regular Customer
1141663,59,2,23744,3,1,5,315,4,High Value Customer
1141925,117,2,5692,1,1,3,113,1,At Risk Customer
1142076,55,1,12820,4,1,4,414,4,Regular Customer
1142081,72,1,13108,3,1,4,314,4,Regular Customer
1142299,77,1,2383,3,1,2,312,4,Regular Customer
1142434,53,1,778,4,1,1,411,4,Regular Customer
1142436,93,1,4296,2,1,2,212,1,Regular Customer
1142592,70,1,3819,3,1,2,312,4,Regular Customer
1143014,49,1,641,4,1,1,411,4,Regular Customer
1143105,75,1,1304,3,1,1,311,4,Regular Customer
1143173,77,1,232,3,1,1,311,4,Regular Customer
1143222,87,1,18340,2,1,5,215,4,Regular Customer
1143288,126,1,5420,1,1,3,113,1,At Risk Customer
1143344,108,4,24194,2,2,5,225,1,VIP Customer
1143379,85,1,877,2,1,1,211,4,Regular Customer
1143383,96,56,352498,2,2,5,225,3,VIP Customer
1143600,133,1,2620,1,1,2,112,1,At Risk Customer
1143755,67,1,720,3,1,1,311,4,Regular Customer
1143795,33,2,13930,4,1,5,415,0,Recent Customer
1143882,51,1,4976,4,1,3,413,4,Regular Customer
1143932,68,1,11264,3,1,4,314,4,Regular Customer
1144107,4,1,4468,5,1,2,512,0,Recent Customer
1144300,125,1,1766,1,1,1,111,1,At Risk Customer
1144306,36,1,3906,4,1,2,412,0,Recent Customer
1144503,53,3,34135,4,2,5,425,4,Loyal Customer
1144517,39,1,190,4,1,1,411,0,Regular Customer
1144604,58,1,1603,4,1,1,411,4,Regular Customer
1144735,78,1,4933,3,1,3,313,4,Regular Customer
1144846,67,2,9756,3,1,4,314,4,Regular Customer
1144857,76,14,95870,3,2,5,325,4,VIP Customer
1144858,7,1,3572,5,1,2,512,0,Recent Customer
1144904,57,1,4346,4,1,2,412,4,Regular Customer
1145025,116,1,766,1,1,1,111,1,At Risk Customer
1145088,64,1,969,3,1,1,311,4,Regular Customer
1145187,34,1,8436,4,1,4,414,0,Recent Customer
1145243,93,1,1140,2,1,1,211,1,Regular Customer
1145382,115,7,64125,1,2,5,125,1,VIP Customer
1145611,46,1,18796,4,1,5,415,0,High Value Customer
1145844,14,2,8151,5,1,3,513,0,Recent Customer
1145919,18,1,5718,5,1,3,513,0,Recent Customer
1146070,47,1,11472,4,1,4,414,4,Regular Customer
1146169,44,2,6896,4,1,3,413,0,Regular Customer
1146172,93,1,926,2,1,1,211,1,Regular Customer
1146291,55,2,7404,4,1,3,413,4,Regular Customer
1146423,134,1,6580,1,1,3,113,1,At Risk Customer
1146431,63,2,12930,3,1,4,314,4,Regular Customer
1146510,134,1,3740,1,1,2,112,1,At Risk Customer
1146520,43,1,6160,4,1,3,413,0,Regular Customer
1146647,87,1,6610,2,1,3,213,4,Regular Customer
1146790,46,2,17261,4,1,5,415,0,Regular Customer
1146952,62,1,17148,3,1,5,315,4,Regular Customer
1147655,8,10,34515,5,2,5,525,0,VIP Customer
1148075,45,1,480,4,1,1,411,0,Regular Customer
1148151,31,2,27144,4,1,5,415,0,High Value Customer
1148273,46,1,16508,4,1,5,415,0,Regular Customer
1148285,24,1,11586,5,1,4,514,0,Recent Customer
1148299,49,1,3476,4,1,2,412,4,Regular Customer
1148301,73,1,12244,3,1,4,314,4,Regular Customer
1148408,63,1,7640,3,1,3,313,4,Regular Customer
1148976,73,1,4554,3,1,2,312,4,Regular Customer
1149102,29,2,19500,5,1,5,515,0,High Value Customer
1149209,46,1,3580,4,1,2,412,0,Regular Customer
1149213,115,1,2488,1,1,2,112,1,At Risk Customer
1149234,108,1,1976,2,1,1,211,1,At Risk Customer
1149372,101,1,10884,2,1,4,214,1,Regular Customer
1149471,61,1,6942,3,1,3,313,4,Regular Customer
1149521,44,1,9860,4,1,4,414,0,Regular Customer
1149586,120,1,9188,1,1,4,114,1,At Risk Customer
1149667,9,1,561,5,1,1,511,0,Recent Customer
1149756,135,2,20914,1,1,5,115,1,High Value Customer
1149804,90,1,7002,2,1,3,213,4,Regular Customer
1149894,132,1,1236,1,1,1,111,1,At Risk Customer
1150086,1,559,3587061,5,2,5,525,2,VIP Customer
1150088,96,1,1322,2,1,1,211,1,Regular Customer
1150405,47,3,11521,4,2,4,424,4,Loyal Customer
1150455,25,1,3050,5,1,2,512,0,Recent Customer
1150460,12,1,2541,5,1,2,512,0,Recent Customer
1150478,24,1,378,5,1,1,511,0,Recent Customer
1150514,86,1,457,2,1,1,211,4,Regular Customer
1150613,102,1,14610,2,1,5,215,1,Regular Customer
1151093,64,1,4962,3,1,3,313,4,Regular Customer
1151581,57,1,7551,4,1,3,413,4,Regular Customer
1151604,16,2,5372,5,1,3,513,0,Recent Customer
1151703,72,1,3813,3,1,2,312,4,Regular Customer
1151781,113,1,14728,1,1,5,115,1,At Risk Customer
1151782,19,1,8794,5,1,4,514,0,Recent Customer
1151882,48,1,647,4,1,1,411,4,Regular Customer
1151933,25,1,7976,5,1,3,513,0,Recent Customer
1152128,62,1,7056,3,1,3,313,4,Regular Customer
1152259,80,1,6780,3,1,3,313,4,Regular Customer
1152318,95,1,504,2,1,1,211,1,Regular Customer
1152346,106,1,4172,2,1,2,212,1,At Risk Customer
1152367,25,1,89,5,1,1,511,0,Recent Customer
1152432,69,1,4422,3,1,2,312,4,Regular Customer
1152644,105,1,988,2,1,1,211,1,At Risk Customer
1152738,40,3,14260,4,2,5,425,0,Loyal Customer
1153013,126,1,6240,1,1,3,113,1,At Risk Customer
1153047,33,1,2468,4,1,2,412,0,Recent Customer
1153138,93,1,3592,2,1,2,212,1,Regular Customer
1153145,18,1,1954,5,1,1,511,0,Recent Customer
1153460,85,1,8700,2,1,4,214,4,Regular Customer
1153564,44,6,21359,4,2,5,425,0,VIP Customer
1153702,94,1,3304,2,1,2,212,1,Regular Customer
1153783,128,1,5688,1,1,3,113,1,At Risk Customer
1153970,114,1,3504,1,1,2,112,1,At Risk Customer
1154301,94,1,4384,2,1,2,212,1,Regular Customer
1154309,94,1,14880,2,1,5,215,1,Regular Customer
1154310,25,1,3629,5,1,2,512,0,Recent Customer
1154334,121,1,12126,1,1,4,114,1,At Risk Customer
1154431,10,1,3936,5,1,2,512,0,Recent Customer
1154710,76,1,675,3,1,1,311,4,Regular Customer
1154784,118,1,6702,1,1,3,113,1,At Risk Customer
1154800,124,1,14740,1,1,5,115,1,At Risk Customer
1154951,120,1,5086,1,1,3,113,1,At Risk Customer
1154973,135,1,3667,1,1,2,112,1,At Risk Customer
1155030,74,2,15442,3,1,5,315,4,Regular Customer
1155466,92,1,10983,2,1,4,214,4,Regular Customer
1155475,55,2,9960,4,1,4,414,4,Regular Customer
1155647,86,3,17712,2,2,5,225,4,Loyal Customer
1155663,112,1,7041,1,1,3,113,1,At Risk Customer
1155978,48,1,14898,4,1,5,415,4,Regular Customer
1156452,26,2,9743,5,1,4,514,0,Recent Customer
1156525,16,4,32197,5,2,5,525,0,VIP Customer
1156674,24,2,5230,5,1,3,513,0,Recent Customer
1156860,0,2,6729,5,1,3,513,0,Recent Customer
1156870,13,2,18060,5,1,5,515,0,Recent Customer
1156938,65,1,2781,3,1,2,312,4,Regular Customer
1156969,99,1,18204,2,1,5,215,1,Regular Customer
1157108,56,1,2532,4,1,2,412,4,Regular Customer
1157167,102,2,13760,2,1,5,215,1,Regular Customer
1157291,122,1,491,1,1,1,111,1,At Risk Customer
1157313,40,1,1583,4,1,1,411,0,Regular Customer
1157385,31,1,12894,4,1,4,414,0,Recent Customer
1157587,70,1,752,3,1,1,311,4,Regular Customer
1157842,123,1,2552,1,1,2,112,1,At Risk Customer
1157950,54,1,1859,4,1,1,411,4,Regular Customer
1158076,123,1,9890,1,1,4,114,1,At Risk Customer
1158127,114,3,32022,1,2,5,125,1,Loyal Customer
1158402,60,1,786,3,1,1,311,4,Regular Customer
1158677,100,1,1302,2,1,1,211,1,Regular Customer
1158831,14,1,8092,5,1,3,513,0,Recent Customer
1159125,93,1,2610,2,1,2,212,1,Regular Customer
1159485,128,1,1293,1,1,1,111,1,At Risk Customer
1159592,71,2,6313,3,1,3,313,4,Regular Customer
1159609,53,1,1866,4,1,1,411,4,Regular Customer
1159681,107,1,1486,2,1,1,211,1,At Risk Customer
1159713,46,1,144,4,1,1,411,0,Regular Customer
1159752,26,1,5400,5,1,3,513,0,Recent Customer
1159765,104,1,242,2,1,1,211,1,Regular Customer
1159847,88,1,4132,2,1,2,212,4,Regular Customer
1160112,94,2,22478,2,1,5,215,1,High Value Customer
1160258,18,2,13255,5,1,4,514,0,Recent Customer
1160338,52,1,710,4,1,1,411,4,Regular Customer
1160346,33,1,14020,4,1,5,415,0,Recent Customer
1160402,3,1,416,5,1,1,511,0,Recent Customer
1160440,93,1,3931,2,1,2,212,1,Regular Customer
1160836,94,1,4814,2,1,3,213,1,Regular Customer
1160882,28,1,1351,5,1,1,511,0,Recent Customer
1160955,10,1,12872,5,1,4,514,0,Recent Customer
1160976,11,1,4080,5,1,2,512,0,Recent Customer
1161147,118,1,1312,1,1,1,111,1,At Risk Customer
1161163,92,115,828085,2,2,5,225,3,VIP Customer
1161252,81,2,10846,3,1,4,314,4,Regular Customer
1161263,52,1,12126,4,1,4,414,4,Regular Customer
1161707,2,1,19852,5,1,5,515,0,High Value Customer
1161712,94,1,19500,2,1,5,215,1,High Value Customer
1161968,132,10,67936,1,2,5,125,1,VIP Customer
1161980,9,1,17964,5,1,5,515,0,Recent Customer
1162129,115,1,10368,1,1,4,114,1,At Risk Customer
1162136,5,3,16954,5,2,5,525,0,Loyal Customer
1162188,30,1,13350,5,1,4,514,0,Recent Customer
1162239,93,1,2588,2,1,2,212,1,Regular Customer
1162252,53,1,10620,4,1,4,414,4,Regular Customer
1162584,65,1,10380,3,1,4,314,4,Regular Customer
1162772,31,3,10700,4,2,4,424,0,Loyal Customer
1162858,108,2,3330,2,1,2,212,1,At Risk Customer
1162982,111,1,528,2,1,1,211,1,At Risk Customer
1163126,122,1,5096,1,1,3,113,1,At Risk Customer
1163388,22,1,3634,5,1,2,512,0,Recent Customer
1163417,49,1,2226,4,1,1,411,4,Regular Customer
1163432,19,1,5884,5,1,3,513,0,Recent Customer
1163475,102,1,4628,2,1,2,212,1,Regular Customer
1163709,6,1,2428,5,1,2,512,0,Recent Customer
1163984,23,1,8816,5,1,4,514,0,Recent Customer
1163985,25,1,386,5,1,1,511,0,Recent Customer
1164136,52,1,18736,4,1,5,415,4,High Value Customer
1164313,117,1,9340,1,1,4,114,1,At Risk Customer
1164547,102,1,653,2,1,1,211,1,Regular Customer
1164596,88,3,11295,2,2,4,224,4,Loyal Customer
1164713,30,5,33392,5,2,5,525,0,VIP Customer
1164733,31,1,2218,4,1,1,411,0,Recent Customer
1164964,102,1,15772,2,1,5,215,1,Regular Customer
1165061,22,2,5693,5,1,3,513,0,Recent Customer
1165148,1,27,167793,5,2,5,525,0,VIP Customer
1165239,73,1,7401,3,1,3,313,4,Regular Customer
1165267,116,1,3305,1,1,2,112,1,At Risk Customer
1165346,84,2,22440,3,1,5,315,4,High Value Customer
1165458,93,1,3088,2,1,2,212,1,Regular Customer
1165524,81,1,3868,3,1,2,312,4,Regular Customer
1165533,53,1,12189,4,1,4,414,4,Regular Customer
1165669,46,2,11335,4,1,4,414,0,Regular Customer
1165723,53,1,2488,4,1,2,412,4,Regular Customer
1165753,59,1,12684,3,1,4,314,4,Regular Customer
1165792,22,1,9336,5,1,4,514,0,Recent Customer
1165904,13,2,15756,5,1,5,515,0,Recent Customer
1165927,106,2,10661,2,1,4,214,1,At Risk Customer
1165947,117,1,6700,1,1,3,113,1,At Risk Customer
1165952,92,1,6240,2,1,3,213,4,Regular Customer
1166108,53,1,13728,4,1,5,415,4,Regular Customer
1166248,113,1,58,1,1,1,111,1,At Risk Customer
1166352,65,1,13088,3,1,4,314,4,Regular Customer
1166385,19,1,2104,5,1,1,511,0,Recent Customer
1166469,63,1,5130,3,1,3,313,4,Regular Customer
1166523,25,1,11120,5,1,4,514,0,Recent Customer
1166551,118,1,1625,1,1,1,111,1,At Risk Customer
1166562,109,1,8606,2,1,4,214,1,At Risk Customer
1166580,85,1,6122,2,1,3,213,4,Regular Customer
1166599,31,1,12276,4,1,4,414,0,Recent Customer
1166651,21,2,20535,5,1,5,515,0,High Value Customer
1166692,38,2,17555,4,1,5,415,0,Regular Customer
1166783,129,1,8266,1,1,3,113,1,At Risk Customer
1166817,108,1,309,2,1,1,211,1,At Risk Customer
1166904,75,1,3848,3,1,2,312,4,Regular Customer
1166965,124,1,3728,1,1,2,112,1,At Risk Customer
1167125,61,1,1100,3,1,1,311,4,Regular Customer
1167457,90,34,239850,2,2,5,225,4,VIP Customer
1167802,107,2,3491,2,1,2,212,1,At Risk Customer
1167927,90,2,4153,2,1,2,212,4,Regular Customer
1168109,51,1,3027,4,1,2,412,4,Regular Customer
1168133,106,1,6746,2,1,3,213,1,At Risk Customer
1168222,101,1,2384,2,1,2,212,1,Regular Customer
1168370,132,1,5313,1,1,3,113,1,At Risk Customer
1168431,100,6,15426,2,2,5,225,1,VIP Customer
1168467,64,1,14908,3,1,5,315,4,Regular Customer
1168496,71,1,5778,3,1,3,313,4,Regular Customer
1168629,30,1,586,5,1,1,511,0,Recent Customer
1168709,3,1,2714,5,1,2,512,0,Recent Customer
1168726,30,1,3240,5,1,2,512,0,Recent Customer
1168756,128,1,7902,1,1,3,113,1,At Risk Customer
1168808,108,1,2439,2,1,2,212,1,At Risk Customer
1168816,57,1,2040,4,1,1,411,4,Regular Customer
1169061,27,1,2449,5,1,2,512,0,Recent Customer
1169129,11,1,16928,5,1,5,515,0,Recent Customer
1169547,99,1,77,2,1,1,211,1,Regular Customer
1169620,56,3,10998,4,2,4,424,4,Loyal Customer
1169625,59,1,7395,3,1,3,313,4,Regular Customer
1169689,42,9,46393,4,2,5,425,0,VIP Customer
1169725,135,2,162,1,1,1,111,1,At Risk Customer
1169792,63,1,3255,3,1,2,312,4,Regular Customer
1169823,118,1,496,1,1,1,111,1,At Risk Customer
1169857,50,1,5632,4,1,3,413,4,Regular Customer
1169882,90,1,14133,2,1,5,215,4,Regular Customer
1169933,5,1,15828,5,1,5,515,0,Recent Customer
1169956,75,5,21823,3,2,5,325,4,VIP Customer
1170127,72,2,25500,3,1,5,315,4,High Value Customer
1170165,50,2,13576,4,1,4,414,4,Regular Customer
1170264,110,1,9868,2,1,4,214,1,At Risk Customer
1170314,17,1,4503,5,1,2,512,0,Recent Customer
1170342,92,1,7252,2,1,3,213,4,Regular Customer
1170409,24,1,8232,5,1,3,513,0,Recent Customer
1170438,12,1,3723,5,1,2,512,0,Recent Customer
1170441,81,1,2746,3,1,2,312,4,Regular Customer
1170453,113,2,3501,1,1,2,112,1,At Risk Customer
1170710,3,1,8760,5,1,4,514,0,Recent Customer
1170737,53,1,4652,4,1,3,413,4,Regular Customer
1170743,106,1,8622,2,1,4,214,1,At Risk Customer
1170936,108,1,746,2,1,1,211,1,At Risk Customer
1170959,29,2,10404,5,1,4,514,0,Recent Customer
1171088,70,1,11646,3,1,4,314,4,Regular Customer
1171341,64,1,1666,3,1,1,311,4,Regular Customer
1171393,116,1,825,1,1,1,111,1,At Risk Customer
1171448,134,8,49667,1,2,5,125,1,VIP Customer
1171630,71,6,23485,3,2,5,325,4,VIP Customer
1171776,65,1,15864,3,1,5,315,4,Regular Customer
1171799,101,1,114,2,1,1,211,1,Regular Customer
1171831,81,2,7093,3,1,3,313,4,Regular Customer
1171920,81,2,14040,3,1,5,315,4,Regular Customer
1171932,134,1,861,1,1,1,111,1,At Risk Customer
1171969,107,1,5354,2,1,3,213,1,At Risk Customer
1172037,20,1,236,5,1,1,511,0,Recent Customer
1172075,124,1,3046,1,1,2,112,1,At Risk Customer
1172087,14,6,51876,5,2,5,525,0,VIP Customer
1172151,136,1,5694,1,1,3,113,1,At Risk Customer
1172272,127,2,1800,1,1,1,111,1,At Risk Customer
1172288,124,1,4197,1,1,2,112,1,At Risk Customer
1172291,117,1,461,1,1,1,111,1,At Risk Customer
1172311,135,1,8174,1,1,3,113,1,At Risk Customer
1172388,113,1,14685,1,1,5,115,1,At Risk Customer
1172583,126,1,2916,1,1,2,112,1,At Risk Customer
1172695,39,1,9948,4,1,4,414,0,Regular Customer
1172723,57,1,4852,4,1,3,413,4,Regular Customer
1172832,18,2,1260,5,1,1,511,0,Recent Customer
1172935,83,1,13623,3,1,4,314,4,Regular Customer
1172980,87,4,20200,2,2,5,225,4,VIP Customer
1173184,52,1,2726,4,1,2,412,4,Regular Customer
1173192,74,1,618,3,1,1,311,4,Regular Customer
1173255,91,2,9015,2,1,4,214,4,Regular Customer
1173322,50,1,4345,4,1,2,412,4,Regular Customer
1173362,118,1,3308,1,1,2,112,1,At Risk Customer
1173466,11,1,3681,5,1,2,512,0,Recent Customer
1173572,96,1,6120,2,1,3,213,1,Regular Customer
1174264,120,1,4723,1,1,3,113,1,At Risk Customer
1174308,86,1,1484,2,1,1,211,4,Regular Customer
1174383,56,1,9800,4,1,4,414,4,Regular Customer
1174600,113,2,19925,1,1,5,115,1,High Value Customer
1174786,29,1,780,5,1,1,511,0,Recent Customer
1174875,123,1,4336,1,1,2,112,1,At Risk Customer
1174876,116,1,6294,1,1,3,113,1,At Risk Customer
1174955,104,2,15469,2,1,5,215,1,Regular Customer
1175111,7,2,7056,5,1,3,513,0,Recent Customer
1175295,136,1,12210,1,1,4,114,1,At Risk Customer
1175322,45,1,4151,4,1,2,412,0,Regular Customer
1175330,59,1,786,3,1,1,311,4,Regular Customer
1175373,23,1,2148,5,1,1,511,0,Recent Customer
1175423,93,1,5325,2,1,3,213,1,Regular Customer
1175440,127,3,20640,1,2,5,125,1,Loyal Customer
1175636,80,1,2826,3,1,2,312,4,Regular Customer
1175703,51,1,4528,4,1,2,412,4,Regular Customer
1175740,122,1,11367,1,1,4,114,1,At Risk Customer
1175782,43,1,14835,4,1,5,415,0,Regular Customer
1175856,60,1,1860,3,1,1,311,4,Regular Customer
1175941,136,1,3006,1,1,2,112,1,At Risk Customer
1176032,57,1,3381,4,1,2,412,4,Regular Customer
1176079,115,1,3580,1,1,2,112,1,At Risk Customer
1176366,50,1,14644,4,1,5,415,4,Regular Customer
1176392,13,3,19062,5,2,5,525,0,Loyal Customer
1176490,127,1,12148,1,1,4,114,1,At Risk Customer
1176501,83,1,12177,3,1,4,314,4,Regular Customer
1176550,135,2,5195,1,1,3,113,1,At Risk Customer
1176826,70,2,22790,3,1,5,315,4,High Value Customer
1176865,93,1,8322,2,1,4,214,1,Regular Customer
1176899,137,1,19780,1,1,5,115,1,High Value Customer
1176924,44,1,10185,4,1,4,414,0,Regular Customer
1177041,92,1,13020,2,1,4,214,4,Regular Customer
1177212,78,1,10986,3,1,4,314,4,Regular Customer
1177288,58,2,27463,4,1,5,415,4,High Value Customer
1177519,99,1,536,2,1,1,211,1,Regular Customer
1177596,59,1,3068,3,1,2,312,4,Regular Customer
1177689,68,1,1086,3,1,1,311,4,Regular Customer
1177847,60,1,12192,3,1,4,314,4,Regular Customer
1178073,41,16,119149,4,2,5,425,0,VIP Customer
1178082,117,1,13803,1,1,5,115,1,At Risk Customer
1178186,129,1,1432,1,1,1,111,1,At Risk Customer
1178290,28,2,10106,5,1,4,514,0,Recent Customer
1178494,81,2,8069,3,1,3,313,4,Regular Customer
1178506,64,1,7736,3,1,3,313,4,Regular Customer
1179005,53,14,88012,4,2,5,425,4,VIP Customer
1179018,128,1,19244,1,1,5,115,1,High Value Customer
1179141,135,2,3360,1,1,2,112,1,At Risk Customer
1179152,19,1,8956,5,1,4,514,0,Recent Customer
1179262,129,1,6700,1,1,3,113,1,At Risk Customer
1179331,15,2,11913,5,1,4,514,0,Recent Customer
1179416,19,2,5408,5,1,3,513,0,Recent Customer
1179500,134,1,987,1,1,1,111,1,At Risk Customer
1179650,7,1,630,5,1,1,511,0,Recent Customer
1179782,50,1,10648,4,1,4,414,4,Regular Customer
1180041,136,3,15656,1,2,5,125,1,Loyal Customer
1180110,90,1,8136,2,1,3,213,4,Regular Customer
1180229,2,1,1670,5,1,1,511,0,Recent Customer
1180266,135,1,4768,1,1,3,113,1,At Risk Customer
1180332,17,1,299,5,1,1,511,0,Recent Customer
1180439,51,1,11583,4,1,4,414,4,Regular Customer
1180731,24,1,12056,5,1,4,514,0,Recent Customer
1180838,89,1,2484,2,1,2,212,4,Regular Customer
1180950,73,1,17500,3,1,5,315,4,Regular Customer
1181007,110,1,11196,2,1,4,214,1,At Risk Customer
1181200,111,1,220,2,1,1,211,1,At Risk Customer
1181206,137,2,17442,1,1,5,115,1,At Risk Customer
1181395,111,1,1784,2,1,1,211,1,At Risk Customer
1181406,32,3,6754,4,2,3,423,0,Loyal Customer
1181719,79,1,2906,3,1,2,312,4,Regular Customer
1181848,29,2,17345,5,1,5,515,0,Recent Customer
1182324,32,1,3330,4,1,2,412,0,Recent Customer
1182649,92,1,7356,2,1,3,213,4,Regular Customer
1182823,7,1,1959,5,1,1,511,0,Recent Customer
1183087,4,2,4203,5,1,2,512,0,Recent Customer
1183092,102,1,10863,2,1,4,214,1,Regular Customer
1183199,66,1,3552,3,1,2,312,4,Regular Customer
1183236,54,1,1347,4,1,1,411,4,Regular Customer
1183250,31,1,7940,4,1,3,413,0,Recent Customer
1183412,18,1,7401,5,1,3,513,0,Recent Customer
1183536,44,1,839,4,1,1,411,0,Regular Customer
1183717,59,1,2740,3,1,2,312,4,Regular Customer
1183769,87,1,2210,2,1,1,211,4,Regular Customer
1183770,42,2,7459,4,1,3,413,0,Regular Customer
1183793,37,1,8865,4,1,4,414,0,Recent Customer
1183796,71,1,11444,3,1,4,314,4,Regular Customer
1183811,10,1,4658,5,1,3,513,0,Recent Customer
1183850,71,1,2719,3,1,2,312,4,Regular Customer
1183876,13,1,478,5,1,1,511,0,Recent Customer
1183970,31,1,10413,4,1,4,414,0,Recent Customer
1184189,126,1,641,1,1,1,111,1,At Risk Customer
1184275,86,1,15148,2,1,5,215,4,Regular Customer
1184315,78,2,15698,3,1,5,315,4,Regular Customer
1184363,84,1,8084,3,1,3,313,4,Regular Customer
1184392,133,1,1679,1,1,1,111,1,At Risk Customer
1184428,116,2,9095,1,1,4,114,1,At Risk Customer
1184443,8,1,11991,5,1,4,514,0,Recent Customer
1184602,64,1,12375,3,1,4,314,4,Regular Customer
1184848,84,1,6045,3,1,3,313,4,Regular Customer
1185078,88,1,855,2,1,1,211,4,Regular Customer
1185234,102,6,22049,2,2,5,225,1,VIP Customer
1185548,121,1,2668,1,1,2,112,1,At Risk Customer
1185744,130,1,11888,1,1,4,114,1,At Risk Customer
1185940,10,1,5844,5,1,3,513,0,Recent Customer
1186185,31,1,4374,4,1,2,412,0,Recent Customer
1186376,49,1,4054,4,1,2,412,4,Regular Customer
1186389,101,1,16260,2,1,5,215,1,Regular Customer
1186423,135,1,14052,1,1,5,115,1,At Risk Customer
1187034,32,1,9636,4,1,4,414,0,Recent Customer
1187102,87,2,17935,2,1,5,215,4,Regular Customer
1187124,85,1,8444,2,1,4,214,4,Regular Customer
1187633,95,1,8700,2,1,4,214,1,Regular Customer
1187718,45,1,5784,4,1,3,413,0,Regular Customer
1187748,93,1,8630,2,1,4,214,1,Regular Customer
1187853,51,1,6694,4,1,3,413,4,Regular Customer
1187858,61,1,2232,3,1,1,311,4,Regular Customer
1187986,27,4,31636,5,2,5,525,0,VIP Customer
1187988,105,1,1983,2,1,1,211,1,At Risk Customer
1187998,30,1,10996,5,1,4,514,0,Recent Customer
1188257,111,2,21594,2,1,5,215,1,High Value Customer
1188331,45,1,13384,4,1,4,414,0,Regular Customer
1188424,21,1,8740,5,1,4,514,0,Recent Customer
1188496,129,1,28,1,1,1,111,1,At Risk Customer
1188952,23,4,34829,5,2,5,525,0,VIP Customer
1188968,121,2,11864,1,1,4,114,1,At Risk Customer
1189000,115,1,3752,1,1,2,112,1,At Risk Customer
1189129,125,2,18016,1,1,5,115,1,At Risk Customer
1189297,22,1,12582,5,1,4,514,0,Recent Customer
1189339,38,4,11538,4,2,4,424,0,Loyal Customer
1189458,23,1,1104,5,1,1,511,0,Recent Customer
1189567,9,2,13460,5,1,4,514,0,Recent Customer
1189599,67,1,5432,3,1,3,313,4,Regular Customer
1189650,12,1,6548,5,1,3,513,0,Recent Customer
1189783,77,1,12260,3,1,4,314,4,Regular Customer
1189991,135,1,519,1,1,1,111,1,At Risk Customer
1190064,124,1,576,1,1,1,111,1,At Risk Customer
1190446,89,2,6547,2,1,3,213,4,Regular Customer
1190478,59,1,4845,3,1,3,313,4,Regular Customer
1190624,95,1,6098,2,1,3,213,1,Regular Customer
1190733,93,1,1054,2,1,1,211,1,Regular Customer
1190799,18,1,1664,5,1,1,511,0,Recent Customer
1190835,136,1,10884,1,1,4,114,1,At Risk Customer
1190855,95,14,79878,2,2,5,225,1,VIP Customer
1190861,84,1,6034,3,1,3,313,4,Regular Customer
1191192,73,1,7284,3,1,3,313,4,Regular Customer
1191301,123,1,8829,1,1,4,114,1,At Risk Customer
1191434,19,2,17940,5,1,5,515,0,Recent Customer
1191809,124,2,882,1,1,1,111,1,At Risk Customer
1191828,99,1,3024,2,1,2,212,1,Regular Customer
1191985,58,1,13905,4,1,5,415,4,Regular Customer
1192181,123,1,4692,1,1,3,113,1,At Risk Customer
1192199,109,1,2364,2,1,2,212,1,At Risk Customer
1192236,62,1,8306,3,1,4,314,4,Regular Customer
1192245,65,1,1430,3,1,1,311,4,Regular Customer
1192524,25,1,3629,5,1,2,512,0,Recent Customer
1192567,11,1,3833,5,1,2,512,0,Recent Customer
1192580,44,1,9244,4,1,4,414,0,Regular Customer
1193129,123,1,7144,1,1,3,113,1,At Risk Customer
1193534,26,1,5268,5,1,3,513,0,Recent Customer
1193568,26,1,12672,5,1,4,514,0,Recent Customer
1193588,111,3,28010,2,2,5,225,1,Loyal Customer
1193750,23,1,8182,5,1,3,513,0,Recent Customer
1193771,138,2,8180,1,1,3,113,1,At Risk Customer
1193786,85,1,1274,2,1,1,211,4,Regular Customer
1193899,136,1,1455,1,1,1,111,1,At Risk Customer
1193956,117,1,4514,1,1,2,112,1,At Risk Customer
1194230,49,1,4224,4,1,2,412,4,Regular Customer
1194261,5,2,13044,5,1,4,514,0,Recent Customer
1194295,51,1,4924,4,1,3,413,4,Regular Customer
1194303,128,1,5682,1,1,3,113,1,At Risk Customer
1194376,14,1,9740,5,1,4,514,0,Recent Customer
1194505,47,1,3512,4,1,2,412,4,Regular Customer
1194554,14,1,1351,5,1,1,511,0,Recent Customer
1194567,86,1,12932,2,1,4,214,4,Regular Customer
1194654,11,2,12090,5,1,4,514,0,Recent Customer
1195211,92,1,4264,2,1,2,212,4,Regular Customer
1195388,125,1,1732,1,1,1,111,1,At Risk Customer
1195558,25,1,1867,5,1,1,511,0,Recent Customer
1195643,16,1,1698,5,1,1,511,0,Recent Customer
1195833,14,1,5268,5,1,3,513,0,Recent Customer
1195928,24,1,3345,5,1,2,512,0,Recent Customer
1195980,101,1,7806,2,1,3,213,1,Regular Customer
1196160,13,1,208,5,1,1,511,0,Recent Customer
1196189,86,1,18152,2,1,5,215,4,Regular Customer
1196322,37,1,224,4,1,1,411,0,Recent Customer
1196552,100,1,1082,2,1,1,211,1,Regular Customer
1196616,98,1,12177,2,1,4,214,1,Regular Customer
1196715,9,1,12568,5,1,4,514,0,Recent Customer
1196748,53,1,17012,4,1,5,415,4,Regular Customer
1196832,107,1,10404,2,1,4,214,1,At Risk Customer
1196942,88,1,5374,2,1,3,213,4,Regular Customer
1197194,42,1,9256,4,1,4,414,0,Regular Customer
1197341,81,1,17468,3,1,5,315,4,Regular Customer
1197343,36,22,158418,4,2,5,425,0,VIP Customer
1197479,13,1,2891,5,1,2,512,0,Recent Customer
1197550,108,2,11126,2,1,4,214,1,At Risk Customer
1197629,25,1,2958,5,1,2,512,0,Recent Customer
1197647,93,2,10806,2,1,4,214,1,Regular Customer
1197809,66,3,22969,3,2,5,325,4,Loyal Customer
1197857,79,1,7804,3,1,3,313,4,Regular Customer
1197875,87,1,5554,2,1,3,213,4,Regular Customer
1198094,25,1,2004,5,1,1,511,0,Recent Customer
1198289,47,1,5882,4,1,3,413,4,Regular Customer
1198949,32,2,14986,4,1,5,415,0,Recent Customer
1199061,123,1,5348,1,1,3,113,1,At Risk Customer
1199079,27,1,8823,5,1,4,514,0,Recent Customer
1199094,31,1,2814,4,1,2,412,0,Recent Customer
1199130,74,2,6348,3,1,3,313,4,Regular Customer
1199182,1,1,618,5,1,1,511,0,Recent Customer
1199268,50,1,460,4,1,1,411,4,Regular Customer
1199413,64,1,4063,3,1,2,312,4,Regular Customer
1199640,11,4,9423,5,2,4,524,0,Loyal Customer
1199945,79,1,16848,3,1,5,315,4,Regular Customer
1200007,108,1,1724,2,1,1,211,1,At Risk Customer
1200257,10,2,9602,5,1,4,514,0,Recent Customer
1200339,13,2,7598,5,1,3,513,0,Recent Customer
1200508,18,1,3416,5,1,2,512,0,Recent Customer
1200651,31,1,11298,4,1,4,414,0,Recent Customer
1200726,63,2,6799,3,1,3,313,4,Regular Customer
1201435,60,1,5212,3,1,3,313,4,Regular Customer
1201458,29,1,8726,5,1,4,514,0,Recent Customer
1201579,108,1,15152,2,1,5,215,1,At Risk Customer
1201694,6,1,6410,5,1,3,513,0,Recent Customer
1202066,76,2,26093,3,1,5,315,4,High Value Customer
1202094,95,1,8224,2,1,3,213,1,Regular Customer
1202248,106,1,13304,2,1,4,214,1,At Risk Customer
1202318,128,1,6000,1,1,3,113,1,At Risk Customer
1202351,103,3,32666,2,2,5,225,1,Loyal Customer
1202511,91,2,1415,2,1,1,211,4,Regular Customer
1202903,50,1,4218,4,1,2,412,4,Regular Customer
1202977,53,1,4493,4,1,2,412,4,Regular Customer
1203091,29,1,6692,5,1,3,513,0,Recent Customer
1203145,80,1,4861,3,1,3,313,4,Regular Customer
1203176,72,1,5002,3,1,3,313,4,Regular Customer
1203225,55,1,2308,4,1,2,412,4,Regular Customer
1203367,32,2,12120,4,1,4,414,0,Recent Customer
1203461,16,1,3644,5,1,2,512,0,Recent Customer
1203467,46,1,132,4,1,1,411,0,Regular Customer
1203677,55,1,5380,4,1,3,413,4,Regular Customer
1203683,95,1,2558,2,1,2,212,1,Regular Customer
1203751,17,1,240,5,1,1,511,0,Recent Customer
1203891,73,1,3214,3,1,2,312,4,Regular Customer
1204011,30,2,23498,5,1,5,515,0,High Value Customer
1204153,92,1,2982,2,1,2,212,4,Regular Customer
1204265,14,1,1458,5,1,1,511,0,Recent Customer
1204351,88,1,1088,2,1,1,211,4,Regular Customer
1204368,42,1,8625,4,1,4,414,0,Regular Customer
1204372,19,3,12355,5,2,4,524,0,Loyal Customer
1204493,129,1,1788,1,1,1,111,1,At Risk Customer
1204946,100,1,11013,2,1,4,214,1,Regular Customer
1204969,103,1,4000,2,1,2,212,1,Regular Customer
1205120,48,1,2139,4,1,1,411,4,Regular Customer
1205233,74,3,25765,3,2,5,325,4,Loyal Customer
1205291,9,1,4522,5,1,2,512,0,Recent Customer
1205376,32,1,8874,4,1,4,414,0,Recent Customer
1205631,31,1,9666,4,1,4,414,0,Recent Customer
1206028,94,1,2168,2,1,1,211,1,Regular Customer
1206138,98,2,12445,2,1,4,214,1,Regular Customer
1206306,19,1,7868,5,1,3,513,0,Recent Customer
1206408,136,1,3393,1,1,2,112,1,At Risk Customer
1206421,49,1,12512,4,1,4,414,4,Regular Customer
1206508,100,1,11456,2,1,4,214,1,Regular Customer
1206600,59,1,5140,3,1,3,313,4,Regular Customer
1206613,24,1,2593,5,1,2,512,0,Recent Customer
1206788,138,1,4929,1,1,3,113,1,At Risk Customer
1206805,18,2,24678,5,1,5,515,0,High Value Customer
1206877,29,2,20706,5,1,5,515,0,High Value Customer
1206962,46,1,2094,4,1,1,411,0,Regular Customer
1206963,7,4,22784,5,2,5,525,0,VIP Customer
1207006,93,1,822,2,1,1,211,1,Regular Customer
1207222,54,3,23100,4,2,5,425,4,Loyal Customer
1207232,21,1,11169,5,1,4,514,0,Recent Customer
1207286,76,1,466,3,1,1,311,4,Regular Customer
1207332,100,1,9924,2,1,4,214,1,Regular Customer
1207439,9,1,3495,5,1,2,512,0,Recent Customer
1207614,96,1,177,2,1,1,211,1,Regular Customer
1207662,125,1,3815,1,1,2,112,1,At Risk Customer
1207835,80,2,13036,3,1,4,314,4,Regular Customer
1207863,94,1,3837,2,1,2,212,1,Regular Customer
1207981,106,1,6542,2,1,3,213,1,At Risk Customer
1208048,114,1,748,1,1,1,111,1,At Risk Customer
1208148,53,3,7652,4,2,3,423,4,Loyal Customer
1208219,74,1,2204,3,1,1,311,4,Regular Customer
1208229,134,1,3806,1,1,2,112,1,At Risk Customer
1208486,20,1,1088,5,1,1,511,0,Recent Customer
1208531,112,1,8052,1,1,3,113,1,At Risk Customer
1208747,138,1,3578,1,1,2,112,1,At Risk Customer
1208868,73,1,2122,3,1,1,311,4,Regular Customer
1208957,100,1,5840,2,1,3,213,1,Regular Customer
1209226,59,1,236,3,1,1,311,4,Regular Customer
1209311,52,1,9951,4,1,4,414,4,Regular Customer
1209444,103,1,2442,2,1,2,212,1,Regular Customer
1209676,135,1,14916,1,1,5,115,1,At Risk Customer
1209685,25,1,1396,5,1,1,511,0,Recent Customer
1209965,108,3,8181,2,2,3,223,1,Loyal Customer
1209995,73,2,10709,3,1,4,314,4,Regular Customer
1210029,60,1,4626,3,1,2,312,4,Regular Customer
1210136,18,13,53857,5,2,5,525,0,VIP Customer
1210476,85,1,5325,2,1,3,213,4,Regular Customer
1210592,127,1,756,1,1,1,111,1,At Risk Customer
1211071,102,1,12404,2,1,4,214,1,Regular Customer
1211110,100,1,3372,2,1,2,212,1,Regular Customer
1211344,41,1,887,4,1,1,411,0,Regular Customer
1211623,77,1,6710,3,1,3,313,4,Regular Customer
1211914,99,2,10412,2,1,4,214,1,Regular Customer
1211924,40,1,9669,4,1,4,414,0,Regular Customer
1212037,109,1,15828,2,1,5,215,1,At Risk Customer
1212041,112,1,5298,1,1,3,113,1,At Risk Customer
1212071,38,1,3074,4,1,2,412,0,Regular Customer
1212080,67,1,10180,3,1,4,314,4,Regular Customer
1212426,24,1,4088,5,1,2,512,0,Recent Customer
1212549,35,1,2789,4,1,2,412,0,Recent Customer
1212631,37,1,436,4,1,1,411,0,Recent Customer
1212730,16,1,14367,5,1,5,515,0,Recent Customer
1212999,102,24,173654,2,2,5,225,1,VIP Customer
1213112,29,1,6900,5,1,3,513,0,Recent Customer
1213114,106,2,8082,2,1,3,213,1,At Risk Customer
1213184,100,1,7251,2,1,3,213,1,Regular Customer
1213250,33,1,4794,4,1,3,413,0,Recent Customer
1213423,5,6,46178,5,2,5,525,0,VIP Customer
1213456,124,1,534,1,1,1,111,1,At Risk Customer
1213458,35,2,2428,4,1,2,412,0,Recent Customer
1213852,120,1,9952,1,1,4,114,1,At Risk Customer
1213853,93,1,4471,2,1,2,212,1,Regular Customer
1213873,93,2,4571,2,1,2,212,1,Regular Customer
1214074,42,1,3680,4,1,2,412,0,Regular Customer
1214191,85,2,20340,2,1,5,215,4,High Value Customer
1214320,62,1,2710,3,1,2,312,4,Regular Customer
1214388,52,1,1084,4,1,1,411,4,Regular Customer
1214394,22,1,17412,5,1,5,515,0,Recent Customer
1214531,69,1,12048,3,1,4,314,4,Regular Customer
1214715,32,1,9424,4,1,4,414,0,Recent Customer
1214933,16,2,12449,5,1,4,514,0,Recent Customer
1214988,49,3,21946,4,2,5,425,4,Loyal Customer
1215034,17,2,12696,5,1,4,514,0,Recent Customer
1215171,37,1,692,4,1,1,411,0,Recent Customer
1215257,63,1,2727,3,1,2,312,4,Regular Customer
1215287,59,1,10532,3,1,4,314,4,Regular Customer
1215406,58,1,4887,4,1,3,413,4,Regular Customer
1215432,119,1,3631,1,1,2,112,1,At Risk Customer
1215681,24,1,4934,5,1,3,513,0,Recent Customer
1216079,104,3,20056,2,2,5,225,1,Loyal Customer
1216153,17,1,1084,5,1,1,511,0,Recent Customer
1216259,62,2,1290,3,1,1,311,4,Regular Customer
1216705,51,4,29303,4,2,5,425,4,VIP Customer
1216792,83,1,9630,3,1,4,314,4,Regular Customer
1216971,97,1,9392,2,1,4,214,1,Regular Customer
1217016,109,1,6744,2,1,3,213,1,At Risk Customer
1217291,36,1,8547,4,1,4,414,0,Recent Customer
1217315,3,1,4934,5,1,3,513,0,Recent Customer
1217330,38,1,468,4,1,1,411,0,Regular Customer
1217536,129,1,13264,1,1,4,114,1,At Risk Customer
1217782,67,4,16875,3,2,5,325,4,VIP Customer
1218140,24,1,9398,5,1,4,514,0,Recent Customer
1218239,118,1,3266,1,1,2,112,1,At Risk Customer
1218480,38,2,21940,4,1,5,415,0,High Value Customer
1218507,23,1,6216,5,1,3,513,0,Recent Customer
1218508,18,1,957,5,1,1,511,0,Recent Customer
1218647,58,1,350,4,1,1,411,4,Regular Customer
1218905,108,1,1537,2,1,1,211,1,At Risk Customer
1218962,25,1,4029,5,1,2,512,0,Recent Customer
1219089,137,1,822,1,1,1,111,1,At Risk Customer
1219147,72,1,15516,3,1,5,315,4,Regular Customer
1219187,114,1,3966,1,1,2,112,1,At Risk Customer
1219216,65,1,16996,3,1,5,315,4,Regular Customer
1219251,122,1,12390,1,1,4,114,1,At Risk Customer
1219276,43,1,4932,4,1,3,413,0,Regular Customer
1219305,23,1,14082,5,1,5,515,0,Recent Customer
1219361,124,1,3798,1,1,2,112,1,At Risk Customer
1219375,57,8,55857,4,2,5,425,4,VIP Customer
1219448,2,1,2937,5,1,2,512,0,Recent Customer
1219487,117,2,645,1,1,1,111,1,At Risk Customer
1219594,11,1,5394,5,1,3,513,0,Recent Customer
1219635,102,1,2058,2,1,1,211,1,Regular Customer
1219705,32,1,3340,4,1,2,412,0,Recent Customer
1219882,49,2,13524,4,1,4,414,4,Regular Customer
1220101,93,1,8493,2,1,4,214,1,Regular Customer
1220196,24,1,1944,5,1,1,511,0,Recent Customer
1220230,59,1,12220,3,1,4,314,4,Regular Customer
1220368,128,1,2388,1,1,2,112,1,At Risk Customer
1220372,54,6,33932,4,2,5,425,4,VIP Customer
1220381,118,2,4610,1,1,2,112,1,At Risk Customer
1220455,88,1,9172,2,1,4,214,4,Regular Customer
1220556,97,2,7443,2,1,3,213,1,Regular Customer
1220633,23,3,28840,5,2,5,525,0,Loyal Customer
1220741,51,1,4913,4,1,3,413,4,Regular Customer
1220875,136,1,3819,1,1,2,112,1,At Risk Customer
1220942,124,1,6712,1,1,3,113,1,At Risk Customer
1221036,94,1,4419,2,1,2,212,1,Regular Customer
1221063,50,1,8952,4,1,4,414,4,Regular Customer
1221125,91,1,675,2,1,1,211,4,Regular Customer
1221228,126,1,11337,1,1,4,114,1,At Risk Customer
1221273,74,1,1182,3,1,1,311,4,Regular Customer
1221736,88,1,4974,2,1,3,213,4,Regular Customer
1221828,66,2,8157,3,1,3,313,4,Regular Customer
1221887,50,1,4144,4,1,2,412,4,Regular Customer
1222464,86,1,15096,2,1,5,215,4,Regular Customer
1222708,63,1,11790,3,1,4,314,4,Regular Customer
1222828,122,1,2452,1,1,2,112,1,At Risk Customer
1222875,7,1,3531,5,1,2,512,0,Recent Customer
1223007,36,2,3654,4,1,2,412,0,Recent Customer
1223331,69,1,13972,3,1,5,315,4,Regular Customer
1223450,53,1,3569,4,1,2,412,4,Regular Customer
1223654,27,2,14294,5,1,5,515,0,Recent Customer
1223705,45,1,8346,4,1,4,414,0,Regular Customer
1223878,88,3,11438,2,2,4,224,4,Loyal Customer
1223981,97,1,1005,2,1,1,211,1,Regular Customer
1224025,109,1,3701,2,1,2,212,1,At Risk Customer
1224104,67,1,15864,3,1,5,315,4,Regular Customer
1224144,74,1,3564,3,1,2,312,4,Regular Customer
1224155,8,1,1064,5,1,1,511,0,Recent Customer
1224201,2,7,32896,5,2,5,525,0,VIP Customer
1224226,71,1,698,3,1,1,311,4,Regular Customer
1224323,70,1,3760,3,1,2,312,4,Regular Customer
1224381,92,1,11668,2,1,4,214,4,Regular Customer
1224500,94,1,9183,2,1,4,214,1,Regular Customer
1224659,106,1,10401,2,1,4,214,1,At Risk Customer
1224670,115,1,10983,1,1,4,114,1,At Risk Customer
1224814,136,1,2964,1,1,2,112,1,At Risk Customer
1224966,136,1,18156,1,1,5,115,1,At Risk Customer
1225085,136,1,1152,1,1,1,111,1,At Risk Customer
1225435,71,4,24148,3,2,5,325,4,VIP Customer
1225468,94,1,38,2,1,1,211,1,Regular Customer
1225721,2,1,1355,5,1,1,511,0,Recent Customer
1226063,131,1,6186,1,1,3,113,1,At Risk Customer
1226374,7,1,1964,5,1,1,511,0,Recent Customer
1226691,93,1,8030,2,1,3,213,1,Regular Customer
1226740,134,2,10684,1,1,4,114,1,At Risk Customer
1226883,80,1,11442,3,1,4,314,4,Regular Customer
1227060,72,2,17313,3,1,5,315,4,Regular Customer
1227097,91,1,3786,2,1,2,212,4,Regular Customer
1227164,38,1,6954,4,1,3,413,0,Regular Customer
1227440,123,1,8226,1,1,3,113,1,At Risk Customer
1227472,30,1,17476,5,1,5,515,0,Recent Customer
1227583,138,1,1005,1,1,1,111,1,At Risk Customer
1227634,134,3,8576,1,2,4,124,1,Loyal Customer
1227712,56,3,6578,4,2,3,423,4,Loyal Customer
1227721,24,1,2737,5,1,2,512,0,Recent Customer
1227768,130,1,1236,1,1,1,111,1,At Risk Customer
1227941,24,1,1604,5,1,1,511,0,Recent Customer
1228166,31,1,5120,4,1,3,413,0,Recent Customer
1228172,63,2,16992,3,1,5,315,4,Regular Customer
1228310,63,1,10806,3,1,4,314,4,Regular Customer
1228324,102,1,2022,2,1,1,211,1,Regular Customer
1228413,126,1,491,1,1,1,111,1,At Risk Customer
1228414,109,1,2080,2,1,1,211,1,At Risk Customer
1228795,112,1,2640,1,1,2,112,1,At Risk Customer
1228883,86,1,3219,2,1,2,212,4,Regular Customer
1229029,30,3,14190,5,2,5,525,0,Loyal Customer
1229254,38,1,3544,4,1,2,412,0,Regular Customer
1229369,7,1,11992,5,1,4,514,0,Recent Customer
1229430,73,1,2476,3,1,2,312,4,Regular Customer
1229494,93,1,7856,2,1,3,213,1,Regular Customer
1229650,42,1,5172,4,1,3,413,0,Regular Customer
1229729,94,3,13412,2,2,4,224,1,Loyal Customer
1229806,94,1,4733,2,1,3,213,1,Regular Customer
1229936,48,1,10400,4,1,4,414,4,Regular Customer
1230022,71,1,9070,3,1,4,314,4,Regular Customer
1230122,113,1,9206,1,1,4,114,1,At Risk Customer
1230189,15,1,1720,5,1,1,511,0,Recent Customer
1230424,9,1,1416,5,1,1,511,0,Recent Customer
1230504,58,1,4597,4,1,2,412,4,Regular Customer
1230558,19,1,9610,5,1,4,514,0,Recent Customer
1230652,13,1,11124,5,1,4,514,0,Recent Customer
1230767,4,1,4213,5,1,2,512,0,Recent Customer
1230976,74,1,2860,3,1,2,312,4,Regular Customer
1230978,106,1,9218,2,1,4,214,1,At Risk Customer
1231186,45,1,7952,4,1,3,413,0,Regular Customer
1231193,52,4,5252,4,2,3,423,4,Loyal Customer
1231446,65,1,2481,3,1,2,312,4,Regular Customer
1231533,115,1,7892,1,1,3,113,1,At Risk Customer
1231909,70,1,6426,3,1,3,313,4,Regular Customer
1232031,71,1,5142,3,1,3,313,4,Regular Customer
1232231,110,1,14835,2,1,5,215,1,At Risk Customer
1232385,85,1,5586,2,1,3,213,4,Regular Customer
1232441,46,2,11973,4,1,4,414,0,Regular Customer
1232652,130,1,6522,1,1,3,113,1,At Risk Customer
1232720,121,1,6842,1,1,3,113,1,At Risk Customer
1232791,18,1,2239,5,1,1,511,0,Recent Customer
1232884,38,1,3570,4,1,2,412,0,Regular Customer
1232925,72,1,8576,3,1,4,314,4,Regular Customer
1233001,88,1,6300,2,1,3,213,4,Regular Customer
1233041,50,2,2779,4,1,2,412,4,Regular Customer
1233088,70,1,6614,3,1,3,313,4,Regular Customer
1233140,108,3,11044,2,2,4,224,1,Loyal Customer
1233201,73,1,18204,3,1,5,315,4,Regular Customer
1233406,49,1,2122,4,1,1,411,4,Regular Customer
1233483,127,2,8778,1,1,4,114,1,At Risk Customer
1233722,15,1,5478,5,1,3,513,0,Recent Customer
1233931,109,1,14931,2,1,5,215,1,At Risk Customer
1233976,79,1,1266,3,1,1,311,4,Regular Customer
1233979,93,4,35037,2,2,5,225,1,VIP Customer
1234033,27,1,8460,5,1,4,514,0,Recent Customer
1234052,112,1,9471,1,1,4,114,1,At Risk Customer
1234063,15,1,6327,5,1,3,513,0,Recent Customer
1234095,100,1,4298,2,1,2,212,1,Regular Customer
1234428,84,1,11457,3,1,4,314,4,Regular Customer
1234499,102,1,3107,2,1,2,212,1,Regular Customer
1234667,99,1,1122,2,1,1,211,1,Regular Customer
1234997,134,2,8992,1,1,4,114,1,At Risk Customer
1235136,61,2,7122,3,1,3,313,4,Regular Customer
1235152,113,2,15124,1,1,5,115,1,At Risk Customer
1235292,109,9,58562,2,2,5,225,1,VIP Customer
1235294,23,1,2570,5,1,2,512,0,Recent Customer
1235469,109,2,11529,2,1,4,214,1,At Risk Customer
1235609,57,1,19920,4,1,5,415,4,High Value Customer
1236134,74,1,750,3,1,1,311,4,Regular Customer
1236241,22,1,1156,5,1,1,511,0,Recent Customer
1236376,100,1,3250,2,1,2,212,1,Regular Customer
1236406,34,1,6216,4,1,3,413,0,Recent Customer
1236547,72,1,1640,3,1,1,311,4,Regular Customer
1236594,19,1,1864,5,1,1,511,0,Recent Customer
1236721,90,1,2369,2,1,2,212,4,Regular Customer
1236742,56,2,23701,4,1,5,415,4,High Value Customer
1236753,109,6,81513,2,2,5,225,1,VIP Customer
1237022,18,1,3730,5,1,2,512,0,Recent Customer
1237111,40,2,10750,4,1,4,414,0,Regular Customer
1237167,93,1,116,2,1,1,211,1,Regular Customer
1237530,50,1,772,4,1,1,411,4,Regular Customer
1237565,71,1,3102,3,1,2,312,4,Regular Customer
1237629,46,1,2593,4,1,2,412,0,Regular Customer
1237668,84,1,5394,3,1,3,313,4,Regular Customer
1237694,72,1,3751,3,1,2,312,4,Regular Customer
1237699,60,1,9459,3,1,4,314,4,Regular Customer
1237790,4,1,4084,5,1,2,512,0,Recent Customer
1238367,33,1,10428,4,1,4,414,0,Recent Customer
1238550,125,1,2688,1,1,2,112,1,At Risk Customer
1238789,24,1,5097,5,1,3,513,0,Recent Customer
1238791,58,4,12401,4,2,4,424,4,Loyal Customer
1238886,92,1,2750,2,1,2,212,4,Regular Customer
1238931,46,1,11348,4,1,4,414,0,Regular Customer
1238935,115,1,12180,1,1,4,114,1,At Risk Customer
1239003,118,1,13152,1,1,4,114,1,At Risk Customer
1239048,73,1,2075,3,1,1,311,4,Regular Customer
1239490,82,1,221,3,1,1,311,4,Regular Customer
1239575,100,1,5068,2,1,3,213,1,Regular Customer
1239679,46,1,1488,4,1,1,411,0,Regular Customer
1239747,92,1,13257,2,1,4,214,4,Regular Customer
1239805,94,1,14928,2,1,5,215,1,Regular Customer
1239823,135,1,202,1,1,1,111,1,At Risk Customer
1240133,130,1,3361,1,1,2,112,1,At Risk Customer
1240591,129,1,3678,1,1,2,112,1,At Risk Customer
1240704,21,1,8952,5,1,4,514,0,Recent Customer
1240832,57,1,18796,4,1,5,415,4,High Value Customer
1240849,95,1,8772,2,1,4,214,1,Regular Customer
1240995,1,1,1107,5,1,1,511,0,Recent Customer
1241183,3,1,11716,5,1,4,514,0,Recent Customer
1241360,32,1,2792,4,1,2,412,0,Recent Customer
1241378,128,1,7504,1,1,3,113,1,At Risk Customer
1241454,60,1,6448,3,1,3,313,4,Regular Customer
1241565,18,1,7911,5,1,3,513,0,Recent Customer
1241621,102,1,17096,2,1,5,215,1,Regular Customer
1241716,41,1,606,4,1,1,411,0,Regular Customer
1241829,53,1,7780,4,1,3,413,4,Regular Customer
1241954,122,1,3729,1,1,2,112,1,At Risk Customer
1241973,13,1,16020,5,1,5,515,0,Recent Customer
1242255,79,1,12474,3,1,4,314,4,Regular Customer
1242328,46,1,12216,4,1,4,414,0,Regular Customer
1242383,124,1,5700,1,1,3,113,1,At Risk Customer
1242777,109,1,2814,2,1,2,212,1,At Risk Customer
1242822,72,1,7796,3,1,3,313,4,Regular Customer
1242825,111,1,12915,2,1,4,214,1,At Risk Customer
1242900,38,1,2980,4,1,2,412,0,Regular Customer
1243048,34,2,12097,4,1,4,414,0,Recent Customer
1243262,42,4,34075,4,2,5,425,0,VIP Customer
1243437,42,1,14420,4,1,5,415,0,Regular Customer
1243545,19,1,5118,5,1,3,513,0,Recent Customer
1243613,85,1,19220,2,1,5,215,4,High Value Customer
1243636,125,1,19636,1,1,5,115,1,High Value Customer
1243764,125,2,18380,1,1,5,115,1,At Risk Customer
1243940,67,1,816,3,1,1,311,4,Regular Customer
1243953,92,1,5942,2,1,3,213,4,Regular Customer
1244048,107,1,2542,2,1,2,212,1,At Risk Customer
1244056,9,1,13533,5,1,4,514,0,Recent Customer
1244177,79,1,7764,3,1,3,313,4,Regular Customer
1244337,60,1,481,3,1,1,311,4,Regular Customer
1244340,40,1,5350,4,1,3,413,0,Regular Customer
1244487,96,1,708,2,1,1,211,1,Regular Customer
1244501,97,1,2446,2,1,2,212,1,Regular Customer
1244569,122,1,1782,1,1,1,111,1,At Risk Customer
1244638,80,2,4689,3,1,3,313,4,Regular Customer
1244651,75,1,8958,3,1,4,314,4,Regular Customer
1244696,25,1,2884,5,1,2,512,0,Recent Customer
1244964,53,1,6782,4,1,3,413,4,Regular Customer
1244998,17,1,3620,5,1,2,512,0,Recent Customer
1245217,119,2,21240,1,1,5,115,1,High Value Customer
1245257,104,1,2214,2,1,1,211,1,Regular Customer
1245381,7,2,15750,5,1,5,515,0,Recent Customer
1245659,102,1,14283,2,1,5,215,1,Regular Customer
1245726,44,1,1888,4,1,1,411,0,Regular Customer
1245733,42,1,4116,4,1,2,412,0,Regular Customer
1245790,123,1,528,1,1,1,111,1,At Risk Customer
1245838,93,1,3990,2,1,2,212,1,Regular Customer
1245863,31,1,6608,4,1,3,413,0,Recent Customer
1246009,47,1,1674,4,1,1,411,4,Regular Customer
1246259,51,1,1672,4,1,1,411,4,Regular Customer
1246346,103,1,1917,2,1,1,211,1,Regular Customer
1246369,26,1,8632,5,1,4,514,0,Recent Customer
1246436,99,2,25221,2,1,5,215,1,High Value Customer
1246441,101,1,4266,2,1,2,212,1,Regular Customer
1246703,33,1,8259,4,1,3,413,0,Recent Customer
1246731,110,1,14274,2,1,5,215,1,At Risk Customer
1246769,25,1,7236,5,1,3,513,0,Recent Customer
1246823,32,5,18590,4,2,5,425,0,VIP Customer
1247053,122,1,12480,1,1,4,114,1,At Risk Customer
1247378,10,1,519,5,1,1,511,0,Recent Customer
1247427,125,1,5200,1,1,3,113,1,At Risk Customer
1247679,105,1,207,2,1,1,211,1,At Risk Customer
1247686,128,1,5020,1,1,3,113,1,At Risk Customer
1247721,137,1,866,1,1,1,111,1,At Risk Customer
1247882,113,1,11020,1,1,4,114,1,At Risk Customer
1247894,123,3,15664,1,2,5,125,1,Loyal Customer
1247958,74,1,3040,3,1,2,312,4,Regular Customer
1248438,19,2,11556,5,1,4,514,0,Recent Customer
1248614,32,1,8754,4,1,4,414,0,Recent Customer
1248740,86,1,2157,2,1,1,211,4,Regular Customer
1248762,67,1,1243,3,1,1,311,4,Regular Customer
1248805,73,5,9624,3,2,4,324,4,Loyal Customer
1248817,70,1,1651,3,1,1,311,4,Regular Customer
1248943,60,2,21360,3,1,5,315,4,High Value Customer
1248989,25,3,41773,5,2,5,525,0,Loyal Customer
1249058,109,2,2730,2,1,2,212,1,At Risk Customer
1249088,54,1,11433,4,1,4,414,4,Regular Customer
1249201,102,1,1368,2,1,1,211,1,Regular Customer
1249220,7,1,588,5,1,1,511,0,Recent Customer
1249272,30,1,2347,5,1,2,512,0,Recent Customer
1249422,92,2,2519,2,1,2,212,4,Regular Customer
1249442,128,1,2102,1,1,1,111,1,At Risk Customer
1249456,48,1,4164,4,1,2,412,4,Regular Customer
1250217,4,1,5010,5,1,3,513,0,Recent Customer
1250237,75,1,13500,3,1,4,314,4,Regular Customer
1250316,86,2,13848,2,1,5,215,4,Regular Customer
1250332,79,1,4828,3,1,3,313,4,Regular Customer
1250550,125,1,728,1,1,1,111,1,At Risk Customer
1250902,81,2,12086,3,1,4,314,4,Regular Customer
1251116,137,1,7828,1,1,3,113,1,At Risk Customer
1251265,126,1,1668,1,1,1,111,1,At Risk Customer
1251411,96,1,10176,2,1,4,214,1,Regular Customer
1251426,127,1,8132,1,1,3,113,1,At Risk Customer
1251642,57,1,12724,4,1,4,414,4,Regular Customer
1251749,87,1,10410,2,1,4,214,4,Regular Customer
1251841,65,1,7401,3,1,3,313,4,Regular Customer
1251848,86,1,1858,2,1,1,211,4,Regular Customer
1251920,18,1,836,5,1,1,511,0,Recent Customer
1251955,131,1,360,1,1,1,111,1,At Risk Customer
1252037,65,1,2320,3,1,2,312,4,Regular Customer
1252079,29,1,2814,5,1,2,512,0,Recent Customer
1252195,107,1,11880,2,1,4,214,1,At Risk Customer
1252293,56,1,10992,4,1,4,414,4,Regular Customer
1252394,133,1,1433,1,1,1,111,1,At Risk Customer
1252549,10,1,1561,5,1,1,511,0,Recent Customer
1252556,67,1,6810,3,1,3,313,4,Regular Customer
1252634,125,1,3628,1,1,2,112,1,At Risk Customer
1252646,29,1,6932,5,1,3,513,0,Recent Customer
1252850,109,1,3070,2,1,2,212,1,At Risk Customer
1252924,128,1,618,1,1,1,111,1,At Risk Customer
1253728,94,3,17023,2,2,5,225,1,Loyal Customer
1253754,84,1,4456,3,1,2,312,4,Regular Customer
1253966,49,1,13524,4,1,4,414,4,Regular Customer
1254278,44,2,8152,4,1,3,413,0,Regular Customer
1254379,44,6,40093,4,2,5,425,0,VIP Customer
1254385,114,1,7923,1,1,3,113,1,At Risk Customer
1254634,4,1,8638,5,1,4,514,0,Recent Customer
1254716,106,8,40827,2,2,5,225,1,VIP Customer
1254717,19,1,3622,5,1,2,512,0,Recent Customer
1254731,93,1,13464,2,1,4,214,1,Regular Customer
1254756,51,1,3264,4,1,2,412,4,Regular Customer
1254762,59,1,1620,3,1,1,311,4,Regular Customer
1254842,40,1,772,4,1,1,411,0,Regular Customer
1254846,52,4,31238,4,2,5,425,4,VIP Customer
1254921,128,1,1560,1,1,1,111,1,At Risk Customer
1255071,100,1,4878,2,1,3,213,1,Regular Customer
1255141,69,1,5754,3,1,3,313,4,Regular Customer
1255260,5,1,442,5,1,1,511,0,Recent Customer
1255316,30,1,408,5,1,1,511,0,Recent Customer
1255322,74,1,11792,3,1,4,314,4,Regular Customer
1255456,73,15,65100,3,2,5,325,4,VIP Customer
1255495,25,1,3992,5,1,2,512,0,Recent Customer
1255510,109,1,4417,2,1,2,212,1,At Risk Customer
1255688,43,2,21614,4,1,5,415,0,High Value Customer
1255725,128,1,1152,1,1,1,111,1,At Risk Customer
1255801,5,3,30597,5,2,5,525,0,Loyal Customer
1255826,82,2,13880,3,1,5,315,4,Regular Customer
1255923,121,1,1467,1,1,1,111,1,At Risk Customer
1255925,28,1,2590,5,1,2,512,0,Recent Customer
1255966,42,1,8184,4,1,3,413,0,Regular Customer
1256020,110,2,9395,2,1,4,214,1,At Risk Customer
1256029,136,1,12561,1,1,4,114,1,At Risk Customer
1256074,80,1,2042,3,1,1,311,4,Regular Customer
1256293,37,4,26608,4,2,5,425,0,VIP Customer
1256475,88,1,6448,2,1,3,213,4,Regular Customer
1256617,78,1,9252,3,1,4,314,4,Regular Customer
1256683,50,2,12507,4,1,4,414,4,Regular Customer
1256880,9,1,6284,5,1,3,513,0,Recent Customer
1256916,3,1,11079,5,1,4,514,0,Recent Customer
1256988,129,1,14022,1,1,5,115,1,At Risk Customer
1257331,88,1,2418,2,1,2,212,4,Regular Customer
1257461,10,1,3878,5,1,2,512,0,Recent Customer
1257598,118,2,485,1,1,1,111,1,At Risk Customer
1257751,107,1,1242,2,1,1,211,1,At Risk Customer
1257991,16,1,5550,5,1,3,513,0,Recent Customer
1258035,32,2,7902,4,1,3,413,0,Recent Customer
1258125,98,1,3629,2,1,2,212,1,Regular Customer
1258453,122,2,25464,1,1,5,115,1,High Value Customer
1258617,49,1,12513,4,1,4,414,4,Regular Customer
1258744,87,1,7872,2,1,3,213,4,Regular Customer
1258857,19,1,3644,5,1,2,512,0,Recent Customer
1258888,56,1,4241,4,1,2,412,4,Regular Customer
1258911,73,1,13533,3,1,4,314,4,Regular Customer
1258928,100,6,47198,2,2,5,225,1,VIP Customer
1259051,119,1,14696,1,1,5,115,1,At Risk Customer
1259062,51,5,18410,4,2,5,425,4,VIP Customer
1259098,106,1,4934,2,1,3,213,1,At Risk Customer
1259331,30,1,1008,5,1,1,511,0,Recent Customer
1259402,7,2,6758,5,1,3,513,0,Recent Customer
1259476,110,1,3896,2,1,2,212,1,At Risk Customer
1259588,114,1,4827,1,1,3,113,1,At Risk Customer
1259989,62,1,10053,3,1,4,314,4,Regular Customer
1260012,41,1,10456,4,1,4,414,0,Regular Customer
1260071,74,1,2241,3,1,1,311,4,Regular Customer
1260190,129,1,1364,1,1,1,111,1,At Risk Customer
1260275,37,1,4574,4,1,2,412,0,Recent Customer
1260396,87,1,14739,2,1,5,215,4,Regular Customer
1260447,88,1,11268,2,1,4,214,4,Regular Customer
1260481,64,4,38604,3,2,5,325,4,VIP Customer
1260804,61,1,2655,3,1,2,312,4,Regular Customer
1261090,81,1,5884,3,1,3,313,4,Regular Customer
1261200,86,1,450,2,1,1,211,4,Regular Customer
1261449,123,1,3816,1,1,2,112,1,At Risk Customer
1261536,125,1,4945,1,1,3,113,1,At Risk Customer
1261557,135,5,19711,1,2,5,125,1,VIP Customer
1261991,113,2,17520,1,1,5,115,1,At Risk Customer
1262053,116,1,3460,1,1,2,112,1,At Risk Customer
1262190,67,3,5671,3,2,3,323,4,Loyal Customer
1262257,67,2,9209,3,1,4,314,4,Regular Customer
1262299,66,1,6840,3,1,3,313,4,Regular Customer
1262351,137,1,309,1,1,1,111,1,At Risk Customer
1262804,9,2,15752,5,1,5,515,0,Recent Customer
1263060,13,1,2892,5,1,2,512,0,Recent Customer
1263146,2,1,9668,5,1,4,514,0,Recent Customer
1263358,2,1,7920,5,1,3,513,0,Recent Customer
1263427,53,1,325,4,1,1,411,4,Regular Customer
1263541,24,1,10380,5,1,4,514,0,Recent Customer
1263731,3,3,21607,5,2,5,525,0,Loyal Customer
1263757,18,1,2239,5,1,1,511,0,Recent Customer
1263797,136,1,200,1,1,1,111,1,At Risk Customer
1263954,105,1,2488,2,1,2,212,1,At Risk Customer
1263992,94,1,4995,2,1,3,213,1,Regular Customer
1264026,124,1,8104,1,1,3,113,1,At Risk Customer
1264132,58,1,896,4,1,1,411,4,Regular Customer
1264213,93,1,9092,2,1,4,214,1,Regular Customer
1264264,116,1,11145,1,1,4,114,1,At Risk Customer
1264334,31,1,26,4,1,1,411,0,Recent Customer
1264440,17,1,13503,5,1,4,514,0,Recent Customer
1264468,110,2,19950,2,1,5,215,1,High Value Customer
1264709,85,1,6228,2,1,3,213,4,Regular Customer
1264860,136,2,24776,1,1,5,115,1,High Value Customer
1265054,31,1,5010,4,1,3,413,0,Recent Customer
1265107,133,1,14247,1,1,5,115,1,At Risk Customer
1265288,6,3,7946,5,2,3,523,0,Loyal Customer
1265323,2,1,3224,5,1,2,512,0,Recent Customer
1265333,11,2,14719,5,1,5,515,0,Recent Customer
1265536,46,1,7732,4,1,3,413,0,Regular Customer
1265599,29,3,5986,5,2,3,523,0,Loyal Customer
1265602,90,1,8108,2,1,3,213,4,Regular Customer
1265615,67,1,3804,3,1,2,312,4,Regular Customer
1265730,51,4,12710,4,2,4,424,4,Loyal Customer
1265850,102,1,342,2,1,1,211,1,Regular Customer
1266017,93,1,8062,2,1,3,213,1,Regular Customer
1266096,84,1,8764,3,1,4,314,4,Regular Customer
1266370,99,1,200,2,1,1,211,1,Regular Customer
1266427,18,3,26998,5,2,5,525,0,Loyal Customer
1266599,56,2,4762,4,1,3,413,4,Regular Customer
1266679,114,1,1495,1,1,1,111,1,At Risk Customer
1266838,3,1,14972,5,1,5,515,0,Recent Customer
1267084,43,1,3008,4,1,2,412,0,Regular Customer
1267546,80,2,20328,3,1,5,315,4,High Value Customer
1267748,53,1,6692,4,1,3,413,4,Regular Customer
1267759,119,1,8902,1,1,4,114,1,At Risk Customer
1267997,107,1,5367,2,1,3,213,1,At Risk Customer
1268175,95,1,11548,2,1,4,214,1,Regular Customer
1268562,28,1,10572,5,1,4,514,0,Recent Customer
1268600,58,1,5168,4,1,3,413,4,Regular Customer
1268742,77,1,5871,3,1,3,313,4,Regular Customer
1268760,92,1,903,2,1,1,211,4,Regular Customer
1269056,92,1,7914,2,1,3,213,4,Regular Customer
1269087,64,1,9590,3,1,4,314,4,Regular Customer
1269166,51,1,471,4,1,1,411,4,Regular Customer
1269591,137,1,4660,1,1,3,113,1,At Risk Customer
1269642,137,1,10968,1,1,4,114,1,At Risk Customer
1269683,93,1,17464,2,1,5,215,1,Regular Customer
1269725,44,1,9578,4,1,4,414,0,Regular Customer
1269788,30,1,3158,5,1,2,512,0,Recent Customer
1269810,44,1,4779,4,1,3,413,0,Regular Customer
1270093,79,1,4787,3,1,3,313,4,Regular Customer
1270116,15,1,3868,5,1,2,512,0,Recent Customer
1270129,9,1,8532,5,1,4,514,0,Recent Customer
1270193,98,2,7020,2,1,3,213,1,Regular Customer
1270266,19,1,434,5,1,1,511,0,Recent Customer
1270480,86,1,1268,2,1,1,211,4,Regular Customer
1270574,105,1,4033,2,1,2,212,1,At Risk Customer
1270624,107,1,6440,2,1,3,213,1,At Risk Customer
1270729,75,1,1892,3,1,1,311,4,Regular Customer
1270912,53,1,414,4,1,1,411,4,Regular Customer
1271021,63,1,6876,3,1,3,313,4,Regular Customer
1271092,44,1,16396,4,1,5,415,0,Regular Customer
1271132,134,1,14325,1,1,5,115,1,At Risk Customer
1271174,30,4,13968,5,2,5,525,0,VIP Customer
1271212,22,1,19548,5,1,5,515,0,High Value Customer
1271388,137,1,855,1,1,1,111,1,At Risk Customer
1271652,123,2,1890,1,1,1,111,1,At Risk Customer
1271671,58,1,6466,4,1,3,413,4,Regular Customer
1271695,110,1,4326,2,1,2,212,1,At Risk Customer
1271835,4,1,2518,5,1,2,512,0,Recent Customer
1271844,4,1,2545,5,1,2,512,0,Recent Customer
1271881,72,1,9854,3,1,4,314,4,Regular Customer
1272002,56,2,2951,4,1,2,412,4,Regular Customer
1272407,132,6,21729,1,2,5,125,1,VIP Customer
1272503,28,1,2971,5,1,2,512,0,Recent Customer
1272533,14,1,4495,5,1,2,512,0,Recent Customer
1272551,87,1,8384,2,1,4,214,4,Regular Customer
1272795,118,2,27273,1,1,5,115,1,High Value Customer
1272843,21,1,2964,5,1,2,512,0,Recent Customer
1273126,86,1,6764,2,1,3,213,4,Regular Customer
1273193,121,1,14964,1,1,5,115,1,At Risk Customer
1273262,60,1,10964,3,1,4,314,4,Regular Customer
1273306,51,5,20201,4,2,5,425,4,VIP Customer
1273329,88,1,2256,2,1,1,211,4,Regular Customer
1273397,97,1,19936,2,1,5,215,1,High Value Customer
1273401,112,2,1625,1,1,1,111,1,At Risk Customer
1273697,50,1,6124,4,1,3,413,4,Regular Customer
1273771,3,1,4356,5,1,2,512,0,Recent Customer
1273910,127,1,16936,1,1,5,115,1,At Risk Customer
1274040,95,1,10612,2,1,4,214,1,Regular Customer
1274063,108,1,1767,2,1,1,211,1,At Risk Customer
1274085,68,1,14892,3,1,5,315,4,Regular Customer
1274251,57,1,7299,4,1,3,413,4,Regular Customer
1274293,67,1,927,3,1,1,311,4,Regular Customer
1274320,25,1,4824,5,1,3,513,0,Recent Customer
1274321,57,1,13653,4,1,5,415,4,Regular Customer
1274505,51,2,13300,4,1,4,414,4,Regular Customer
1274507,102,1,2104,2,1,1,211,1,Regular Customer
1274778,62,1,504,3,1,1,311,4,Regular Customer
1274947,136,2,20736,1,1,5,115,1,High Value Customer
1275371,90,1,10509,2,1,4,214,4,Regular Customer
1275484,73,1,15668,3,1,5,315,4,Regular Customer
1275487,4,1,4711,5,1,3,513,0,Recent Customer
1275590,7,1,615,5,1,1,511,0,Recent Customer
1275725,51,1,633,4,1,1,411,4,Regular Customer
1276055,84,1,1712,3,1,1,311,4,Regular Customer
1276175,113,1,540,1,1,1,111,1,At Risk Customer
1276260,28,1,2387,5,1,2,512,0,Recent Customer
1276300,82,1,19808,3,1,5,315,4,High Value Customer
1276315,94,1,4772,2,1,3,213,1,Regular Customer
1276445,57,1,4532,4,1,2,412,4,Regular Customer
1276539,21,1,7944,5,1,3,513,0,Recent Customer
1276579,130,1,436,1,1,1,111,1,At Risk Customer
1276617,38,1,8126,4,1,3,413,0,Regular Customer
1276648,24,1,3250,5,1,2,512,0,Recent Customer
1276807,99,1,1215,2,1,1,211,1,Regular Customer
1276854,84,2,9202,3,1,4,314,4,Regular Customer
1277072,126,1,4502,1,1,2,112,1,At Risk Customer
1277142,15,2,21963,5,1,5,515,0,High Value Customer
1277580,67,1,11272,3,1,4,314,4,Regular Customer
1277643,93,1,13312,2,1,4,214,1,Regular Customer
1277748,59,1,2205,3,1,1,311,4,Regular Customer
1277783,105,1,4209,2,1,2,212,1,At Risk Customer
1277956,72,1,5475,3,1,3,313,4,Regular Customer
1277987,113,3,9250,1,2,4,124,1,Loyal Customer
1277990,42,1,2264,4,1,1,411,0,Regular Customer
1278009,23,1,12004,5,1,4,514,0,Recent Customer
1278185,119,1,1877,1,1,1,111,1,At Risk Customer
1278398,114,1,6624,1,1,3,113,1,At Risk Customer
1278459,31,1,319,4,1,1,411,0,Recent Customer
1278460,25,1,952,5,1,1,511,0,Recent Customer
1278635,17,1,4833,5,1,3,513,0,Recent Customer
1278686,93,1,6636,2,1,3,213,1,Regular Customer
1278874,48,1,12316,4,1,4,414,4,Regular Customer
1279042,137,1,3464,1,1,2,112,1,At Risk Customer
1279171,55,3,26348,4,2,5,425,4,Loyal Customer
1279275,54,8,55546,4,2,5,425,4,VIP Customer
1279465,29,1,996,5,1,1,511,0,Recent Customer
1279582,54,2,5508,4,1,3,413,4,Regular Customer
1279737,63,2,7023,3,1,3,313,4,Regular Customer
1279799,73,1,5373,3,1,3,313,4,Regular Customer
1279866,61,1,3786,3,1,2,312,4,Regular Customer
1279985,95,1,1877,2,1,1,211,1,Regular Customer
1280004,51,1,18100,4,1,5,415,4,Regular Customer
1280456,11,1,1946,5,1,1,511,0,Recent Customer
1280613,107,1,2060,2,1,1,211,1,At Risk Customer
1281043,10,3,16591,5,2,5,525,0,Loyal Customer
1281052,52,3,7585,4,2,3,423,4,Loyal Customer
1281293,52,2,15825,4,1,5,415,4,Regular Customer
1281324,88,1,6870,2,1,3,213,4,Regular Customer
1281446,108,2,2880,2,1,2,212,1,At Risk Customer
1281566,26,1,756,5,1,1,511,0,Recent Customer
1281624,135,1,4054,1,1,2,112,1,At Risk Customer
1281645,114,1,7296,1,1,3,113,1,At Risk Customer
1281851,72,1,3288,3,1,2,312,4,Regular Customer
1282058,64,1,6900,3,1,3,313,4,Regular Customer
1282091,30,1,1189,5,1,1,511,0,Recent Customer
1282205,138,1,49,1,1,1,111,1,At Risk Customer
1282441,85,1,11406,2,1,4,214,4,Regular Customer
1282648,126,2,10710,1,1,4,114,1,At Risk Customer
1282656,73,2,11054,3,1,4,314,4,Regular Customer
1282744,15,1,5350,5,1,3,513,0,Recent Customer
1282815,120,1,1564,1,1,1,111,1,At Risk Customer
1282824,126,1,7404,1,1,3,113,1,At Risk Customer
1282868,135,1,1776,1,1,1,111,1,At Risk Customer
1282976,126,1,13008,1,1,4,114,1,At Risk Customer
1283301,52,3,14836,4,2,5,425,4,Loyal Customer
1283513,83,1,9904,3,1,4,314,4,Regular Customer
1283523,9,1,2880,5,1,2,512,0,Recent Customer
1283589,53,2,8420,4,1,4,414,4,Regular Customer
1283751,67,1,3697,3,1,2,312,4,Regular Customer
1283849,8,3,16257,5,2,5,525,0,Loyal Customer
1283916,23,1,4612,5,1,2,512,0,Recent Customer
1283922,22,4,20672,5,2,5,525,0,VIP Customer
1284067,128,2,8025,1,1,3,113,1,At Risk Customer
1284340,99,6,24851,2,2,5,225,1,VIP Customer
1284823,19,1,9351,5,1,4,514,0,Recent Customer
1285092,99,1,4590,2,1,2,212,1,Regular Customer
1285176,86,1,11526,2,1,4,214,4,Regular Customer
1285472,55,1,92,4,1,1,411,4,Regular Customer
1285763,108,1,11320,2,1,4,214,1,At Risk Customer
1285800,124,2,19766,1,1,5,115,1,High Value Customer
1285802,5,1,2022,5,1,1,511,0,Recent Customer
1285810,11,1,5590,5,1,3,513,0,Recent Customer
1286040,133,1,13917,1,1,5,115,1,At Risk Customer
1286090,38,1,5142,4,1,3,413,0,Regular Customer
1286355,25,2,9956,5,1,4,514,0,Recent Customer
1286525,44,1,7032,4,1,3,413,0,Regular Customer
1286722,74,1,2384,3,1,2,312,4,Regular Customer
1286827,104,1,6122,2,1,3,213,1,Regular Customer
1286960,23,1,9212,5,1,4,514,0,Recent Customer
1287087,3,1,1065,5,1,1,511,0,Recent Customer
1287192,102,1,2750,2,1,2,212,1,Regular Customer
1287568,32,1,3592,4,1,2,412,0,Recent Customer
1287579,32,1,382,4,1,1,411,0,Recent Customer
1287670,93,3,19376,2,2,5,225,1,Loyal Customer
1287798,84,1,386,3,1,1,311,4,Regular Customer
1287860,48,2,6477,4,1,3,413,4,Regular Customer
1288024,116,2,17102,1,1,5,115,1,At Risk Customer
1288048,58,1,9165,4,1,4,414,4,Regular Customer
1288067,88,1,136,2,1,1,211,4,Regular Customer
1288102,31,1,8456,4,1,4,414,0,Recent Customer
1288137,138,1,2970,1,1,2,112,1,At Risk Customer
1288354,127,1,1068,1,1,1,111,1,At Risk Customer
1288368,110,1,4828,2,1,3,213,1,At Risk Customer
1288378,133,1,886,1,1,1,111,1,At Risk Customer
1288545,67,1,770,3,1,1,311,4,Regular Customer
1288576,95,1,428,2,1,1,211,1,Regular Customer
1288706,129,1,1320,1,1,1,111,1,At Risk Customer
1288717,35,1,5751,4,1,3,413,0,Recent Customer
1288724,44,1,5244,4,1,3,413,0,Regular Customer
1288872,49,2,22423,4,1,5,415,4,High Value Customer
1288957,67,2,15597,3,1,5,315,4,Regular Customer
1289081,9,1,16380,5,1,5,515,0,Recent Customer
1289569,38,3,22412,4,2,5,425,0,Loyal Customer
1289841,44,1,433,4,1,1,411,0,Regular Customer
1290069,105,1,4461,2,1,2,212,1,At Risk Customer
1290200,80,1,3570,3,1,2,312,4,Regular Customer
1290336,14,1,8408,5,1,4,514,0,Recent Customer
1290558,125,4,18469,1,2,5,125,1,VIP Customer
1290573,26,1,10008,5,1,4,514,0,Recent Customer
1290672,51,1,14804,4,1,5,415,4,Regular Customer
1290796,64,2,1802,3,1,1,311,4,Regular Customer
1290967,11,1,10719,5,1,4,514,0,Recent Customer
1291013,131,1,6591,1,1,3,113,1,At Risk Customer
1291031,29,2,16736,5,1,5,515,0,Recent Customer
1291043,81,1,3480,3,1,2,312,4,Regular Customer
1291319,35,1,9256,4,1,4,414,0,Recent Customer
1291791,85,1,9712,2,1,4,214,4,Regular Customer
1291803,109,1,3174,2,1,2,212,1,At Risk Customer
1291892,137,1,14919,1,1,5,115,1,At Risk Customer
1292053,111,1,6132,2,1,3,213,1,At Risk Customer
1292125,124,1,124,1,1,1,111,1,At Risk Customer
1292316,92,1,12400,2,1,4,214,4,Regular Customer
1292444,95,1,3972,2,1,2,212,1,Regular Customer
1292449,56,1,7479,4,1,3,413,4,Regular Customer
1292703,137,1,7950,1,1,3,113,1,At Risk Customer
1292722,127,1,3888,1,1,2,112,1,At Risk Customer
1292947,54,6,51852,4,2,5,425,4,VIP Customer
1293015,27,1,3021,5,1,2,512,0,Recent Customer
1293141,45,1,2628,4,1,2,412,0,Regular Customer
1293259,56,1,7920,4,1,3,413,4,Regular Customer
1293285,95,1,2890,2,1,2,212,1,Regular Customer
1293358,45,62,321980,4,2,5,425,3,VIP Customer
1293368,1,1,3388,5,1,2,512,0,Recent Customer
1293619,55,1,2364,4,1,2,412,4,Regular Customer
1293754,7,1,2019,5,1,1,511,0,Recent Customer
1294186,95,1,19500,2,1,5,215,1,High Value Customer
1294231,78,1,4909,3,1,3,313,4,Regular Customer
1294402,10,1,2369,5,1,2,512,0,Recent Customer
1294599,52,1,11788,4,1,4,414,4,Regular Customer
1294601,69,1,3116,3,1,2,312,4,Regular Customer
1294769,9,1,16700,5,1,5,515,0,Recent Customer
1294899,18,1,5595,5,1,3,513,0,Recent Customer
1295021,55,1,11928,4,1,4,414,4,Regular Customer
1295047,131,1,316,1,1,1,111,1,At Risk Customer
1295114,120,1,432,1,1,1,111,1,At Risk Customer
1295178,92,2,5265,2,1,3,213,4,Regular Customer
1295179,21,1,8638,5,1,4,514,0,Recent Customer
1295240,103,1,11100,2,1,4,214,1,Regular Customer
1295414,52,1,10508,4,1,4,414,4,Regular Customer
1295664,113,1,1937,1,1,1,111,1,At Risk Customer
1295687,65,1,8868,3,1,4,314,4,Regular Customer
1295811,30,3,20611,5,2,5,525,0,Loyal Customer
1296018,136,1,5198,1,1,3,113,1,At Risk Customer
1296257,94,1,12824,2,1,4,214,1,Regular Customer
1296388,49,1,4131,4,1,2,412,4,Regular Customer
1296486,67,2,25728,3,1,5,315,4,High Value Customer
1296635,23,7,70964,5,2,5,525,0,VIP Customer
1296680,81,1,3674,3,1,2,312,4,Regular Customer
1296732,24,1,1985,5,1,1,511,0,Recent Customer
1296733,65,1,14284,3,1,5,315,4,Regular Customer
1296786,100,1,6510,2,1,3,213,1,Regular Customer
1297062,46,136,796166,4,2,5,425,3,VIP Customer
1297168,48,1,7059,4,1,3,413,4,Regular Customer
1297334,47,1,9800,4,1,4,414,4,Regular Customer
1297469,88,1,3287,2,1,2,212,4,Regular Customer
1297538,122,1,4331,1,1,2,112,1,At Risk Customer
1297821,107,1,8208,2,1,3,213,1,At Risk Customer
1297940,113,1,7311,1,1,3,113,1,At Risk Customer
1297960,31,1,11874,4,1,4,414,0,Recent Customer
1298137,35,1,15996,4,1,5,415,0,Recent Customer
1298376,124,1,10395,1,1,4,114,1,At Risk Customer
1298462,0,1,3392,5,1,2,512,0,Recent Customer
1298514,129,1,7632,1,1,3,113,1,At Risk Customer
1298723,53,1,5028,4,1,3,413,4,Regular Customer
1298797,134,1,17192,1,1,5,115,1,At Risk Customer
1298962,24,1,4593,5,1,2,512,0,Recent Customer
1299034,8,1,11022,5,1,4,514,0,Recent Customer
1299065,125,1,2540,1,1,2,112,1,At Risk Customer
1299250,108,1,705,2,1,1,211,1,At Risk Customer
1299406,15,1,10860,5,1,4,514,0,Recent Customer
1299506,126,6,19493,1,2,5,125,1,VIP Customer
1299749,56,1,5919,4,1,3,413,4,Regular Customer
1299951,101,1,3148,2,1,2,212,1,Regular Customer
1300098,126,2,2400,1,1,2,112,1,At Risk Customer
1300254,35,1,14028,4,1,5,415,0,Recent Customer
1300280,63,1,8276,3,1,3,313,4,Regular Customer
1300297,76,2,6384,3,1,3,313,4,Regular Customer
1300499,51,1,7146,4,1,3,413,4,Regular Customer
1300763,92,1,1421,2,1,1,211,4,Regular Customer
1300863,80,1,3406,3,1,2,312,4,Regular Customer
1300964,119,1,337,1,1,1,111,1,At Risk Customer
1301173,66,3,23093,3,2,5,325,4,Loyal Customer
1301225,87,1,15800,2,1,5,215,4,Regular Customer
1301279,39,2,25613,4,1,5,415,0,High Value Customer
1301468,15,3,6567,5,2,3,523,0,Loyal Customer
1301479,66,1,12072,3,1,4,314,4,Regular Customer
1301567,113,2,14244,1,1,5,115,1,At Risk Customer
1301585,32,1,4695,4,1,3,413,0,Recent Customer
1301975,135,1,10260,1,1,4,114,1,At Risk Customer
1302059,125,1,3323,1,1,2,112,1,At Risk Customer
1302271,53,3,22668,4,2,5,425,4,Loyal Customer
1302281,66,2,25976,3,1,5,315,4,High Value Customer
1302340,46,1,2593,4,1,2,412,0,Regular Customer
1302398,125,1,2336,1,1,2,112,1,At Risk Customer
1302590,83,1,1948,3,1,1,311,4,Regular Customer
1302613,131,2,10054,1,1,4,114,1,At Risk Customer
1302668,79,1,3810,3,1,2,312,4,Regular Customer
1303183,6,1,9386,5,1,4,514,0,Recent Customer
1303260,135,1,5871,1,1,3,113,1,At Risk Customer
1303368,72,1,5202,3,1,3,313,4,Regular Customer
1303541,11,1,3768,5,1,2,512,0,Recent Customer
1303691,20,1,3742,5,1,2,512,0,Recent Customer
1303858,100,2,19505,2,1,5,215,1,High Value Customer
1303988,118,1,7736,1,1,3,113,1,At Risk Customer
1304026,67,3,25809,3,2,5,325,4,Loyal Customer
1304200,14,1,8716,5,1,4,514,0,Recent Customer
1304217,60,1,382,3,1,1,311,4,Regular Customer
1304307,86,1,1796,2,1,1,211,4,Regular Customer
1304526,71,1,2562,3,1,2,312,4,Regular Customer
1304736,106,1,1004,2,1,1,211,1,At Risk Customer
1304759,61,1,1084,3,1,1,311,4,Regular Customer
1305292,72,1,12844,3,1,4,314,4,Regular Customer
1305317,60,2,6780,3,1,3,313,4,Regular Customer
1305593,90,1,8140,2,1,3,213,4,Regular Customer
1305792,80,1,12320,3,1,4,314,4,Regular Customer
1305818,11,1,5952,5,1,3,513,0,Recent Customer
1305841,135,1,150,1,1,1,111,1,At Risk Customer
1305875,46,1,3203,4,1,2,412,0,Regular Customer
1305891,52,2,13285,4,1,4,414,4,Regular Customer
1305909,96,1,6128,2,1,3,213,1,Regular Customer
1305946,79,1,3758,3,1,2,312,4,Regular Customer
1306125,101,1,1784,2,1,1,211,1,Regular Customer
1306236,53,1,2468,4,1,2,412,4,Regular Customer
1306335,57,1,4078,4,1,2,412,4,Regular Customer
1306369,60,1,3322,3,1,2,312,4,Regular Customer
1306382,34,3,19422,4,2,5,425,0,Loyal Customer
1306387,19,1,12852,5,1,4,514,0,Recent Customer
1306457,102,1,3448,2,1,2,212,1,Regular Customer
1306949,132,1,8552,1,1,4,114,1,At Risk Customer
1307016,23,1,4069,5,1,2,512,0,Recent Customer
1307202,109,1,3473,2,1,2,212,1,At Risk Customer
1307312,130,1,2072,1,1,1,111,1,At Risk Customer
1307375,44,2,20936,4,1,5,415,0,High Value Customer
1307466,130,4,13255,1,2,4,124,1,Loyal Customer
1307498,62,4,57608,3,2,5,325,4,VIP Customer
1307524,33,1,19824,4,1,5,415,0,High Value Customer
1307619,4,1,6345,5,1,3,513,0,Recent Customer
1307620,58,1,1568,4,1,1,411,4,Regular Customer
1307687,52,2,14684,4,1,5,415,4,Regular Customer
1307741,121,1,12456,1,1,4,114,1,At Risk Customer
1307815,5,1,2415,5,1,2,512,0,Recent Customer
1307820,35,1,308,4,1,1,411,0,Recent Customer
1307990,72,1,3942,3,1,2,312,4,Regular Customer
1308171,73,2,21791,3,1,5,315,4,High Value Customer
1308333,51,2,7835,4,1,3,413,4,Regular Customer
1308455,107,1,3580,2,1,2,212,1,At Risk Customer
1308517,11,1,15412,5,1,5,515,0,Recent Customer
1308653,58,1,1993,4,1,1,411,4,Regular Customer
1308708,95,1,870,2,1,1,211,1,Regular Customer
1308709,32,1,11592,4,1,4,414,0,Recent Customer
1308761,99,1,7173,2,1,3,213,1,Regular Customer
1308763,45,2,10798,4,1,4,414,0,Regular Customer
1308813,78,2,13712,3,1,5,315,4,Regular Customer
1308898,38,1,13725,4,1,5,415,0,Regular Customer
1309268,84,1,6120,3,1,3,313,4,Regular Customer
1309276,56,1,4496,4,1,2,412,4,Regular Customer
1309591,73,10,48495,3,2,5,325,4,VIP Customer
1309705,93,1,8520,2,1,4,214,1,Regular Customer
1310033,47,5,29279,4,2,5,425,4,VIP Customer
1310105,9,1,1632,5,1,1,511,0,Recent Customer
1310119,21,1,579,5,1,1,511,0,Recent Customer
1310463,8,1,838,5,1,1,511,0,Recent Customer
1310502,134,2,7019,1,1,3,113,1,At Risk Customer
1310560,128,1,3542,1,1,2,112,1,At Risk Customer
1310978,126,1,9072,1,1,4,114,1,At Risk Customer
1311022,135,1,38,1,1,1,111,1,At Risk Customer
1311118,96,1,7920,2,1,3,213,1,Regular Customer
1311266,134,1,12843,1,1,4,114,1,At Risk Customer
1311579,94,4,13070,2,2,4,224,1,Loyal Customer
1311615,124,2,3917,1,1,2,112,1,At Risk Customer
1311623,6,1,16380,5,1,5,515,0,Recent Customer
1311647,31,1,14235,4,1,5,415,0,Recent Customer
1311725,30,1,5876,5,1,3,513,0,Recent Customer
1311727,77,2,8965,3,1,4,314,4,Regular Customer
1311741,103,1,8607,2,1,4,214,1,Regular Customer
1311802,89,1,11628,2,1,4,214,4,Regular Customer
1311900,52,2,1084,4,1,1,411,4,Regular Customer
1311937,11,1,13300,5,1,4,514,0,Recent Customer
1312018,91,1,626,2,1,1,211,4,Regular Customer
1312247,22,1,4711,5,1,3,513,0,Recent Customer
1312434,112,1,6476,1,1,3,113,1,At Risk Customer
1312527,3,1,19320,5,1,5,515,0,High Value Customer
1312556,52,1,9816,4,1,4,414,4,Regular Customer
1312927,20,1,1185,5,1,1,511,0,Recent Customer
1312942,9,1,4314,5,1,2,512,0,Recent Customer
1313071,25,1,3340,5,1,2,512,0,Recent Customer
1313304,94,2,16736,2,1,5,215,1,Regular Customer
1313330,84,2,23514,3,1,5,315,4,High Value Customer
1313374,71,1,4344,3,1,2,312,4,Regular Customer
1313381,17,6,24940,5,2,5,525,0,VIP Customer
1313473,32,3,23321,4,2,5,425,0,Loyal Customer
1313638,42,1,2853,4,1,2,412,0,Regular Customer
1313950,105,1,11436,2,1,4,214,1,At Risk Customer
1313980,69,4,17991,3,2,5,325,4,VIP Customer
1314032,108,1,3197,2,1,2,212,1,At Risk Customer
1314233,136,1,13112,1,1,4,114,1,At Risk Customer
1314472,113,1,7240,1,1,3,113,1,At Risk Customer
1314820,80,2,4940,3,1,3,313,4,Regular Customer
1314856,103,1,5124,2,1,3,213,1,Regular Customer
1314950,60,1,10437,3,1,4,314,4,Regular Customer
1314979,96,1,1089,2,1,1,211,1,Regular Customer
1315056,43,1,582,4,1,1,411,0,Regular Customer
1315100,2,1,11016,5,1,4,514,0,Recent Customer
1315102,129,1,386,1,1,1,111,1,At Risk Customer
1315273,11,1,1146,5,1,1,511,0,Recent Customer
1315376,11,1,3663,5,1,2,512,0,Recent Customer
1315473,53,1,15752,4,1,5,415,4,Regular Customer
1315702,8,1,930,5,1,1,511,0,Recent Customer
1316038,125,1,3692,1,1,2,112,1,At Risk Customer
1316061,78,3,8606,3,2,4,324,4,Loyal Customer
1316130,87,1,129,2,1,1,211,4,Regular Customer
1316174,67,1,3701,3,1,2,312,4,Regular Customer
1316274,105,1,14748,2,1,5,215,1,At Risk Customer
1316368,126,3,17329,1,2,5,125,1,Loyal Customer
1316429,49,1,5260,4,1,3,413,4,Regular Customer
1316484,50,1,10569,4,1,4,414,4,Regular Customer
1316555,90,1,684,2,1,1,211,4,Regular Customer
1316765,21,1,7240,5,1,3,513,0,Recent Customer
1317003,135,1,5236,1,1,3,113,1,At Risk Customer
1317031,88,1,831,2,1,1,211,4,Regular Customer
1317048,98,2,1722,2,1,1,211,1,Regular Customer
1317103,106,2,2134,2,1,1,211,1,At Risk Customer
1317180,58,1,6735,4,1,3,413,4,Regular Customer
1317218,67,1,772,3,1,1,311,4,Regular Customer
1317254,22,1,304,5,1,1,511,0,Recent Customer
1317418,79,1,6369,3,1,3,313,4,Regular Customer
1317721,106,4,35194,2,2,5,225,1,VIP Customer
1317771,85,1,15320,2,1,5,215,4,Regular Customer
1317826,101,1,12072,2,1,4,214,1,Regular Customer
1318049,44,1,6284,4,1,3,413,0,Regular Customer
1318053,33,1,324,4,1,1,411,0,Recent Customer
1318154,129,1,16324,1,1,5,115,1,At Risk Customer
1318167,18,3,26659,5,2,5,525,0,Loyal Customer
1318195,125,1,2728,1,1,2,112,1,At Risk Customer
1318304,47,1,1098,4,1,1,411,4,Regular Customer
1318306,76,1,4116,3,1,2,312,4,Regular Customer
1318309,63,1,17676,3,1,5,315,4,Regular Customer
1318394,108,2,1473,2,1,1,211,1,At Risk Customer
1318401,8,1,1279,5,1,1,511,0,Recent Customer
1318447,59,2,19020,3,1,5,315,4,High Value Customer
1318649,68,1,5946,3,1,3,313,4,Regular Customer
1319044,53,1,2397,4,1,2,412,4,Regular Customer
1319233,11,1,4914,5,1,3,513,0,Recent Customer
1319444,14,1,2736,5,1,2,512,0,Recent Customer
1319584,51,3,20856,4,2,5,425,4,Loyal Customer
1319777,58,1,4612,4,1,2,412,4,Regular Customer
1319843,121,1,2032,1,1,1,111,1,At Risk Customer
1319884,21,1,8472,5,1,4,514,0,Recent Customer
1320211,90,4,25776,2,2,5,225,4,VIP Customer
1320216,123,1,5100,1,1,3,113,1,At Risk Customer
1320249,88,1,3392,2,1,2,212,4,Regular Customer
1320394,37,1,14715,4,1,5,415,0,Recent Customer
1320417,45,1,1240,4,1,1,411,0,Regular Customer
1320501,134,1,9890,1,1,4,114,1,At Risk Customer
1320564,102,1,3517,2,1,2,212,1,Regular Customer
1320646,11,1,16996,5,1,5,515,0,Recent Customer
1320689,51,2,638,4,1,1,411,4,Regular Customer
1320730,99,1,3417,2,1,2,212,1,Regular Customer
1320960,126,4,21484,1,2,5,125,1,VIP Customer
1320985,66,1,9363,3,1,4,314,4,Regular Customer
1321212,77,1,15396,3,1,5,315,4,Regular Customer
1321718,128,1,3190,1,1,2,112,1,At Risk Customer
1321824,92,1,9562,2,1,4,214,4,Regular Customer
1321887,3,1,1499,5,1,1,511,0,Recent Customer
1322042,66,1,2194,3,1,1,311,4,Regular Customer
1322168,104,1,4434,2,1,2,212,1,Regular Customer
1322322,90,1,1332,2,1,1,211,4,Regular Customer
1322398,124,1,751,1,1,1,111,1,At Risk Customer
1322470,130,1,5130,1,1,3,113,1,At Risk Customer
1322520,75,2,14161,3,1,5,315,4,Regular Customer
1322599,94,2,20808,2,1,5,215,1,High Value Customer
1322637,47,1,2628,4,1,2,412,4,Regular Customer
1322674,21,1,8150,5,1,3,513,0,Recent Customer
1322770,133,1,118,1,1,1,111,1,At Risk Customer
1322788,88,1,16248,2,1,5,215,4,Regular Customer
1322865,107,1,12609,2,1,4,214,1,At Risk Customer
1322909,26,2,19013,5,1,5,515,0,High Value Customer
1323099,32,1,12484,4,1,4,414,0,Recent Customer
1323154,31,3,15270,4,2,5,425,0,Loyal Customer
1323187,38,1,5984,4,1,3,413,0,Regular Customer
1323354,81,1,360,3,1,1,311,4,Regular Customer
1323498,40,1,4934,4,1,3,413,0,Regular Customer
1323594,116,1,9508,1,1,4,114,1,At Risk Customer
1323783,130,1,1244,1,1,1,111,1,At Risk Customer
1323794,65,1,8896,3,1,4,314,4,Regular Customer
1323880,20,2,7138,5,1,3,513,0,Recent Customer
1323890,119,1,15508,1,1,5,115,1,At Risk Customer
1324121,48,1,992,4,1,1,411,4,Regular Customer
1324157,4,1,3055,5,1,2,512,0,Recent Customer
1324500,65,1,5056,3,1,3,313,4,Regular Customer
1324552,122,1,4176,1,1,2,112,1,At Risk Customer
1324606,129,1,3151,1,1,2,112,1,At Risk Customer
1324670,68,2,13117,3,1,4,314,4,Regular Customer
1324707,54,1,16980,4,1,5,415,4,Regular Customer
1324810,71,1,6728,3,1,3,313,4,Regular Customer
1324948,38,1,3898,4,1,2,412,0,Regular Customer
1325114,101,1,164,2,1,1,211,1,Regular Customer
1325162,19,1,1852,5,1,1,511,0,Recent Customer
1325176,83,1,18716,3,1,5,315,4,High Value Customer
1325281,119,1,1474,1,1,1,111,1,At Risk Customer
1325283,132,1,480,1,1,1,111,1,At Risk Customer
1325569,137,1,8394,1,1,4,114,1,At Risk Customer
1326010,14,1,6339,5,1,3,513,0,Recent Customer
1326042,51,2,19752,4,1,5,415,4,High Value Customer
1326080,115,1,10914,1,1,4,114,1,At Risk Customer
1326089,67,1,17684,3,1,5,315,4,Regular Customer
1326335,17,1,6330,5,1,3,513,0,Recent Customer
1326554,20,1,1192,5,1,1,511,0,Recent Customer
1326781,122,1,1408,1,1,1,111,1,At Risk Customer
1326801,113,1,1324,1,1,1,111,1,At Risk Customer
1326870,76,1,12399,3,1,4,314,4,Regular Customer
1326956,95,1,7096,2,1,3,213,1,Regular Customer
1326987,136,1,13296,1,1,4,114,1,At Risk Customer
1327003,35,1,1606,4,1,1,411,0,Recent Customer
1327109,3,3,15453,5,2,5,525,0,Loyal Customer
1327215,121,2,6023,1,1,3,113,1,At Risk Customer
1327477,26,2,12180,5,1,4,514,0,Recent Customer
1327559,9,1,260,5,1,1,511,0,Recent Customer
1327578,53,1,1676,4,1,1,411,4,Regular Customer
1327760,126,1,7518,1,1,3,113,1,At Risk Customer
1327826,3,1,11031,5,1,4,514,0,Recent Customer
1327842,123,1,15252,1,1,5,115,1,At Risk Customer
1327847,60,1,17780,3,1,5,315,4,Regular Customer
1327853,59,1,17080,3,1,5,315,4,Regular Customer
1328192,83,1,531,3,1,1,311,4,Regular Customer
1328266,122,1,4938,1,1,3,113,1,At Risk Customer
1328532,50,1,14553,4,1,5,415,4,Regular Customer
1328538,60,1,4934,3,1,3,313,4,Regular Customer
1328780,84,1,2214,3,1,1,311,4,Regular Customer
1328944,127,1,19124,1,1,5,115,1,High Value Customer
1328985,66,3,10821,3,2,4,324,4,Loyal Customer
1329074,115,1,2093,1,1,1,111,1,At Risk Customer
1329108,32,1,4860,4,1,3,413,0,Recent Customer
1329147,85,1,1716,2,1,1,211,4,Regular Customer
1329289,1,1,11160,5,1,4,514,0,Recent Customer
1329376,118,2,12767,1,1,4,114,1,At Risk Customer
1329391,15,6,46443,5,2,5,525,0,VIP Customer
1329523,35,2,2260,4,1,1,411,0,Recent Customer
1329553,57,1,1277,4,1,1,411,4,Regular Customer
1329573,111,1,741,2,1,1,211,1,At Risk Customer
1329673,90,1,11046,2,1,4,214,4,Regular Customer
1329712,36,2,22516,4,1,5,415,0,High Value Customer
1329874,47,1,8028,4,1,3,413,4,Regular Customer
1330096,74,1,1648,3,1,1,311,4,Regular Customer
1330284,9,1,4838,5,1,3,513,0,Recent Customer
1330305,86,1,11928,2,1,4,214,4,Regular Customer
1330518,126,1,5438,1,1,3,113,1,At Risk Customer
1330668,134,1,10605,1,1,4,114,1,At Risk Customer
1330682,66,1,2728,3,1,2,312,4,Regular Customer
1330764,82,1,652,3,1,1,311,4,Regular Customer
1330816,60,1,7965,3,1,3,313,4,Regular Customer
1330823,81,1,9936,3,1,4,314,4,Regular Customer
1330835,127,1,14452,1,1,5,115,1,At Risk Customer
1330932,30,1,2682,5,1,2,512,0,Recent Customer
1330952,98,1,3250,2,1,2,212,1,Regular Customer
1330964,70,1,2032,3,1,1,311,4,Regular Customer
1331125,108,1,9632,2,1,4,214,1,At Risk Customer
1331232,19,1,4858,5,1,3,513,0,Recent Customer
1331553,128,1,4576,1,1,2,112,1,At Risk Customer
1331585,111,5,35138,2,2,5,225,1,VIP Customer
1331661,19,1,136,5,1,1,511,0,Recent Customer
1331678,78,2,9252,3,1,4,314,4,Regular Customer
1331702,42,1,4260,4,1,2,412,0,Regular Customer
1331777,65,1,3777,3,1,2,312,4,Regular Customer
1331780,22,3,9455,5,2,4,524,0,Loyal Customer
1331824,94,1,18576,2,1,5,215,1,High Value Customer
1331859,128,1,8946,1,1,4,114,1,At Risk Customer
1331885,92,1,4918,2,1,3,213,4,Regular Customer
1331889,68,1,7572,3,1,3,313,4,Regular Customer
1331964,50,1,10580,4,1,4,414,4,Regular Customer
1332318,116,1,11924,1,1,4,114,1,At Risk Customer
1332357,74,1,956,3,1,1,311,4,Regular Customer
1332508,100,1,3732,2,1,2,212,1,Regular Customer
1332700,74,1,5372,3,1,3,313,4,Regular Customer
1332844,41,1,5320,4,1,3,413,0,Regular Customer
1333167,81,1,4580,3,1,2,312,4,Regular Customer
1333273,49,3,31664,4,2,5,425,4,Loyal Customer
1333311,61,2,29814,3,1,5,315,4,High Value Customer
1333481,79,1,8704,3,1,4,314,4,Regular Customer
1333540,67,1,6969,3,1,3,313,4,Regular Customer
1333733,79,2,5552,3,1,3,313,4,Regular Customer
1333820,72,1,4560,3,1,2,312,4,Regular Customer
1333907,67,2,17730,3,1,5,315,4,Regular Customer
1334441,71,1,7752,3,1,3,313,4,Regular Customer
1334545,137,1,4976,1,1,3,113,1,At Risk Customer
1334582,79,1,4096,3,1,2,312,4,Regular Customer
1334913,68,1,1170,3,1,1,311,4,Regular Customer
1335026,107,1,3201,2,1,2,212,1,At Risk Customer
1335080,30,1,5116,5,1,3,513,0,Recent Customer
1335082,8,1,7600,5,1,3,513,0,Recent Customer
1335349,114,1,3631,1,1,2,112,1,At Risk Customer
1335459,6,1,3422,5,1,2,512,0,Recent Customer
1335601,37,1,2999,4,1,2,412,0,Recent Customer
1335604,111,1,7050,2,1,3,213,1,At Risk Customer
1335661,125,2,12772,1,1,4,114,1,At Risk Customer
1335805,100,1,1825,2,1,1,211,1,Regular Customer
1335889,117,1,387,1,1,1,111,1,At Risk Customer
1336061,65,1,764,3,1,1,311,4,Regular Customer
1336074,93,1,13827,2,1,5,215,1,Regular Customer
1336078,42,1,3136,4,1,2,412,0,Regular Customer
1336094,112,1,1692,1,1,1,111,1,At Risk Customer
1336124,130,1,9446,1,1,4,114,1,At Risk Customer
1336181,7,4,28595,5,2,5,525,0,VIP Customer
1336367,73,1,9051,3,1,4,314,4,Regular Customer
1336393,53,1,2277,4,1,1,411,4,Regular Customer
1336520,88,9,57261,2,2,5,225,4,VIP Customer
1336562,71,1,1711,3,1,1,311,4,Regular Customer
1336602,120,1,6538,1,1,3,113,1,At Risk Customer
1336714,57,1,627,4,1,1,411,4,Regular Customer
1336737,5,1,2704,5,1,2,512,0,Recent Customer
1336747,45,2,17724,4,1,5,415,0,Regular Customer
1336835,3,9,76291,5,2,5,525,0,VIP Customer
1336983,81,1,11040,3,1,4,314,4,Regular Customer
1337038,43,1,3003,4,1,2,412,0,Regular Customer
1337048,93,2,8680,2,1,4,214,1,Regular Customer
1337142,106,1,1363,2,1,1,211,1,At Risk Customer
1337382,3,1,3561,5,1,2,512,0,Recent Customer
1337408,102,1,7194,2,1,3,213,1,Regular Customer
1337665,84,2,2735,3,1,2,312,4,Regular Customer
1337710,90,1,2508,2,1,2,212,4,Regular Customer
1337842,4,1,4020,5,1,2,512,0,Recent Customer
1337853,111,1,3539,2,1,2,212,1,At Risk Customer
1337898,119,1,568,1,1,1,111,1,At Risk Customer
1338125,87,1,1397,2,1,1,211,4,Regular Customer
1338149,122,1,8800,1,1,4,114,1,At Risk Customer
1338232,48,1,2182,4,1,1,411,4,Regular Customer
1338521,116,1,14952,1,1,5,115,1,At Risk Customer
1338587,9,2,15932,5,1,5,515,0,Recent Customer
1338668,60,1,3792,3,1,2,312,4,Regular Customer
1338780,136,1,2854,1,1,2,112,1,At Risk Customer
1338885,137,1,3130,1,1,2,112,1,At Risk Customer
1338933,87,1,2736,2,1,2,212,4,Regular Customer
1339057,132,2,5412,1,1,3,113,1,At Risk Customer
1339096,60,1,661,3,1,1,311,4,Regular Customer
1339274,102,1,4908,2,1,3,213,1,Regular Customer
1339801,107,1,18508,2,1,5,215,1,High Value Customer
1340078,19,1,1184,5,1,1,511,0,Recent Customer
1340083,7,2,7372,5,1,3,513,0,Recent Customer
1340188,131,2,9100,1,1,4,114,1,At Risk Customer
1340231,42,1,4456,4,1,2,412,0,Regular Customer
1340286,50,1,6606,4,1,3,413,4,Regular Customer
1340323,103,1,13496,2,1,4,214,1,Regular Customer
1340407,2,3,19475,5,2,5,525,0,Loyal Customer
1340493,129,1,12453,1,1,4,114,1,At Risk Customer
1340641,119,1,3444,1,1,2,112,1,At Risk Customer
1340695,70,1,8316,3,1,4,314,4,Regular Customer
1340866,42,2,10751,4,1,4,414,0,Regular Customer
1341153,128,1,884,1,1,1,111,1,At Risk Customer
1341202,105,17,100539,2,2,5,225,1,VIP Customer
1341603,81,1,1269,3,1,1,311,4,Regular Customer
1341635,113,2,14542,1,1,5,115,1,At Risk Customer
1341642,19,1,696,5,1,1,511,0,Recent Customer
1341789,57,1,7322,4,1,3,413,4,Regular Customer
1341795,87,1,10584,2,1,4,214,4,Regular Customer
1341849,62,1,11100,3,1,4,314,4,Regular Customer
1341879,132,1,4976,1,1,3,113,1,At Risk Customer
1342222,81,1,2288,3,1,1,311,4,Regular Customer
1342293,114,1,1281,1,1,1,111,1,At Risk Customer
1342297,60,1,10088,3,1,4,314,4,Regular Customer
1342394,77,1,5541,3,1,3,313,4,Regular Customer
1342432,115,1,9342,1,1,4,114,1,At Risk Customer
1342601,33,1,6126,4,1,3,413,0,Recent Customer
1342608,86,1,14259,2,1,5,215,4,Regular Customer
1342737,106,1,1090,2,1,1,211,1,At Risk Customer
1342839,73,1,2880,3,1,2,312,4,Regular Customer
1342961,96,1,8872,2,1,4,214,1,Regular Customer
1342999,51,1,856,4,1,1,411,4,Regular Customer
1343401,9,1,60,5,1,1,511,0,Recent Customer
1343588,5,1,7608,5,1,3,513,0,Recent Customer
1343868,79,1,548,3,1,1,311,4,Regular Customer
1343903,45,1,11352,4,1,4,414,0,Regular Customer
1344040,33,1,14070,4,1,5,415,0,Recent Customer
1344286,104,1,9172,2,1,4,214,1,Regular Customer
1344445,95,1,1422,2,1,1,211,1,Regular Customer
1344553,118,2,8581,1,1,4,114,1,At Risk Customer
1344604,4,3,10202,5,2,4,524,0,Loyal Customer
1344782,14,1,6726,5,1,3,513,0,Recent Customer
1344801,65,1,350,3,1,1,311,4,Regular Customer
1344887,109,1,3319,2,1,2,212,1,At Risk Customer
1344912,7,1,1830,5,1,1,511,0,Recent Customer
1344941,21,2,4890,5,1,3,513,0,Recent Customer
1345109,86,1,2554,2,1,2,212,4,Regular Customer
1345124,111,1,5844,2,1,3,213,1,At Risk Customer
1345272,46,3,22302,4,2,5,425,0,Loyal Customer
1345275,83,1,4031,3,1,2,312,4,Regular Customer
1345403,51,1,4029,4,1,2,412,4,Regular Customer
1345741,15,1,5940,5,1,3,513,0,Recent Customer
1346024,32,1,6474,4,1,3,413,0,Recent Customer
1346082,116,3,5258,1,2,3,123,1,Loyal Customer
1346296,117,3,17215,1,2,5,125,1,Loyal Customer
1346314,92,1,3089,2,1,2,212,4,Regular Customer
1346334,11,1,4870,5,1,3,513,0,Recent Customer
1346478,109,1,1248,2,1,1,211,1,At Risk Customer
1346514,4,1,11994,5,1,4,514,0,Recent Customer
1346665,75,1,8588,3,1,4,314,4,Regular Customer
1346711,94,1,9908,2,1,4,214,1,Regular Customer
1346842,31,1,5344,4,1,3,413,0,Recent Customer
1346891,89,1,15800,2,1,5,215,4,Regular Customer
1347094,113,1,2732,1,1,2,112,1,At Risk Customer
1347290,122,1,9622,1,1,4,114,1,At Risk Customer
1347509,65,1,1468,3,1,1,311,4,Regular Customer
1347736,51,2,17452,4,1,5,415,4,Regular Customer
1347797,12,1,2240,5,1,1,511,0,Recent Customer
1347891,76,1,8242,3,1,3,313,4,Regular Customer
1348073,125,1,2406,1,1,2,112,1,At Risk Customer
1348862,29,1,6273,5,1,3,513,0,Recent Customer
1348865,76,1,7536,3,1,3,313,4,Regular Customer
1348883,126,1,114,1,1,1,111,1,At Risk Customer
1349049,32,1,18864,4,1,5,415,0,High Value Customer
1349061,135,1,9004,1,1,4,114,1,At Risk Customer
1349106,18,1,1092,5,1,1,511,0,Recent Customer
1349155,8,5,43993,5,2,5,525,0,VIP Customer
1349317,49,2,12829,4,1,4,414,4,Regular Customer
1349325,15,1,10032,5,1,4,514,0,Recent Customer
1349607,137,1,10365,1,1,4,114,1,At Risk Customer
1349681,51,2,13339,4,1,4,414,4,Regular Customer
1349713,109,1,505,2,1,1,211,1,At Risk Customer
1349720,59,1,7773,3,1,3,313,4,Regular Customer
1349746,18,1,10648,5,1,4,514,0,Recent Customer
1349942,123,1,40,1,1,1,111,1,At Risk Customer
1350023,64,1,8136,3,1,3,313,4,Regular Customer
1350073,59,1,2074,3,1,1,311,4,Regular Customer
1350128,21,2,15266,5,1,5,515,0,Recent Customer
1350190,61,4,21532,3,2,5,325,4,VIP Customer
1350315,81,1,12684,3,1,4,314,4,Regular Customer
1350547,39,2,11008,4,1,4,414,0,Regular Customer
1350799,55,1,3452,4,1,2,412,4,Regular Customer
1350828,59,1,15712,3,1,5,315,4,Regular Customer
1351148,117,1,2110,1,1,1,111,1,At Risk Customer
1351230,85,2,4992,2,1,3,213,4,Regular Customer
1351265,57,1,3582,4,1,2,412,4,Regular Customer
1351655,122,1,11631,1,1,4,114,1,At Risk Customer
1351788,94,4,5081,2,2,3,223,1,Loyal Customer
1351796,3,9,70045,5,2,5,525,0,VIP Customer
1351812,50,4,30480,4,2,5,425,4,VIP Customer
1351930,5,1,3042,5,1,2,512,0,Recent Customer
1352025,7,1,7227,5,1,3,513,0,Recent Customer
1352044,21,14,105855,5,2,5,525,0,VIP Customer
1352090,7,1,6172,5,1,3,513,0,Recent Customer
1352320,5,1,11385,5,1,4,514,0,Recent Customer
1352334,124,12,117638,1,2,5,125,1,VIP Customer
1352445,32,1,716,4,1,1,411,0,Recent Customer
1352494,123,1,710,1,1,1,111,1,At Risk Customer
1352661,121,1,246,1,1,1,111,1,At Risk Customer
1352723,45,1,15832,4,1,5,415,0,Regular Customer
1352763,46,1,1940,4,1,1,411,0,Regular Customer
1352958,3,1,1602,5,1,1,511,0,Recent Customer
1353280,17,3,12803,5,2,4,524,0,Loyal Customer
1353381,131,1,7876,1,1,3,113,1,At Risk Customer
1353452,134,1,7458,1,1,3,113,1,At Risk Customer
1353976,64,3,19914,3,2,5,325,4,Loyal Customer
1354560,38,1,15428,4,1,5,415,0,Regular Customer
1354658,106,1,2406,2,1,2,212,1,At Risk Customer
1354703,17,1,12117,5,1,4,514,0,Recent Customer
1354710,134,3,14549,1,2,5,125,1,Loyal Customer
1355063,116,1,5946,1,1,3,113,1,At Risk Customer
1355275,38,1,2805,4,1,2,412,0,Regular Customer
1355454,81,1,3571,3,1,2,312,4,Regular Customer
1355680,20,1,4893,5,1,3,513,0,Recent Customer
1355819,56,1,276,4,1,1,411,4,Regular Customer
1355914,108,1,7392,2,1,3,213,1,At Risk Customer
1355935,82,1,5932,3,1,3,313,4,Regular Customer
1355960,70,1,16056,3,1,5,315,4,Regular Customer
1356035,90,1,9552,2,1,4,214,4,Regular Customer
1356492,54,1,3292,4,1,2,412,4,Regular Customer
1356496,87,7,56029,2,2,5,225,4,VIP Customer
1356584,121,1,1710,1,1,1,111,1,At Risk Customer
1356614,84,1,3724,3,1,2,312,4,Regular Customer
1357083,84,2,11824,3,1,4,314,4,Regular Customer
1357134,52,1,5968,4,1,3,413,4,Regular Customer
1357344,82,1,2991,3,1,2,312,4,Regular Customer
1357391,94,1,4110,2,1,2,212,1,Regular Customer
1357459,113,1,265,1,1,1,111,1,At Risk Customer
1357597,63,1,16832,3,1,5,315,4,Regular Customer
1357641,10,1,12872,5,1,4,514,0,Recent Customer
1357744,29,1,816,5,1,1,511,0,Recent Customer
1358038,53,1,2884,4,1,2,412,4,Regular Customer
1358060,116,6,30507,1,2,5,125,1,VIP Customer
1358147,117,4,46231,1,2,5,125,1,VIP Customer
1358558,2,1,6330,5,1,3,513,0,Recent Customer
1358585,21,1,9627,5,1,4,514,0,Recent Customer
1358883,23,2,12335,5,1,4,514,0,Recent Customer
1358911,122,1,3818,1,1,2,112,1,At Risk Customer
1359060,112,1,1473,1,1,1,111,1,At Risk Customer
1359248,77,2,32312,3,1,5,315,4,High Value Customer
1359452,120,2,3508,1,1,2,112,1,At Risk Customer
1359587,100,1,12604,2,1,4,214,1,Regular Customer
1359706,103,2,5595,2,1,3,213,1,Regular Customer
1360055,37,3,22768,4,2,5,425,0,Loyal Customer
1360085,109,1,248,2,1,1,211,1,At Risk Customer
1360087,32,1,14727,4,1,5,415,0,Recent Customer
1360175,26,4,30425,5,2,5,525,0,VIP Customer
1360314,40,2,10972,4,1,4,414,0,Regular Customer
1360837,45,1,4290,4,1,2,412,0,Regular Customer
1360994,25,1,2808,5,1,2,512,0,Recent Customer
1361213,73,1,7188,3,1,3,313,4,Regular Customer
1361256,60,2,3074,3,1,2,312,4,Regular Customer
1361451,7,1,16816,5,1,5,515,0,Recent Customer
1361470,79,1,5692,3,1,3,313,4,Regular Customer
1361621,31,1,7592,4,1,3,413,0,Recent Customer
1361730,130,1,4151,1,1,2,112,1,At Risk Customer
1361832,128,1,237,1,1,1,111,1,At Risk Customer
1361978,82,1,9342,3,1,4,314,4,Regular Customer
1362019,24,2,10874,5,1,4,514,0,Recent Customer
1362222,96,3,8731,2,2,4,224,1,Loyal Customer
1362265,126,1,13077,1,1,4,114,1,At Risk Customer
1362292,58,1,3703,4,1,2,412,4,Regular Customer
1362384,94,1,489,2,1,1,211,1,Regular Customer
1362413,106,2,14052,2,1,5,215,1,At Risk Customer
1362452,67,1,5606,3,1,3,313,4,Regular Customer
1362583,79,1,18176,3,1,5,315,4,Regular Customer
1362665,105,1,12828,2,1,4,214,1,At Risk Customer
1362715,93,1,16832,2,1,5,215,1,Regular Customer
1362799,80,1,2073,3,1,1,311,4,Regular Customer
1362813,94,1,10098,2,1,4,214,1,Regular Customer
1363012,29,1,442,5,1,1,511,0,Recent Customer
1363046,124,1,4224,1,1,2,112,1,At Risk Customer
1363173,60,1,1089,3,1,1,311,4,Regular Customer
1363181,107,1,9988,2,1,4,214,1,At Risk Customer
1363232,77,1,2348,3,1,2,312,4,Regular Customer
1363344,97,1,4971,2,1,3,213,1,Regular Customer
1363526,17,1,7401,5,1,3,513,0,Recent Customer
1363612,8,14,79638,5,2,5,525,0,VIP Customer
1363631,46,1,4524,4,1,2,412,0,Regular Customer
1363632,113,1,7496,1,1,3,113,1,At Risk Customer
1363671,110,1,1224,2,1,1,211,1,At Risk Customer
1363767,10,1,8540,5,1,4,514,0,Recent Customer
1363788,53,1,6312,4,1,3,413,4,Regular Customer
1363955,64,2,20935,3,1,5,315,4,High Value Customer
1363994,36,1,736,4,1,1,411,0,Recent Customer
1364037,83,2,258,3,1,1,311,4,Regular Customer
1364057,117,1,5634,1,1,3,113,1,At Risk Customer
1364130,42,1,7076,4,1,3,413,0,Regular Customer
1364157,68,2,17380,3,1,5,315,4,Regular Customer
1364162,109,1,8946,2,1,4,214,1,At Risk Customer
1364329,27,1,15428,5,1,5,515,0,Recent Customer
1364407,35,1,542,4,1,1,411,0,Recent Customer
1364594,118,1,12309,1,1,4,114,1,At Risk Customer
1364595,50,1,2176,4,1,1,411,4,Regular Customer
1364680,102,1,3094,2,1,2,212,1,Regular Customer
1364781,109,1,13155,2,1,4,214,1,At Risk Customer
1364905,1,1,2732,5,1,2,512,0,Recent Customer
1365156,37,1,6993,4,1,3,413,0,Recent Customer
1365340,66,3,8245,3,2,3,323,4,Loyal Customer
1365382,18,1,16300,5,1,5,515,0,Recent Customer
1365514,72,1,886,3,1,1,311,4,Regular Customer
1365602,83,1,1056,3,1,1,311,4,Regular Customer
1365610,66,1,3121,3,1,2,312,4,Regular Customer
1365673,123,1,72,1,1,1,111,1,At Risk Customer
1365706,24,14,66325,5,2,5,525,0,VIP Customer
1365841,92,1,435,2,1,1,211,4,Regular Customer
1365849,64,1,10648,3,1,4,314,4,Regular Customer
1365892,122,1,17068,1,1,5,115,1,At Risk Customer
1365958,94,1,7098,2,1,3,213,1,Regular Customer
1366154,100,1,13776,2,1,5,215,1,Regular Customer
1366259,109,1,3526,2,1,2,212,1,At Risk Customer
1366329,81,1,4306,3,1,2,312,4,Regular Customer
1366465,13,1,2704,5,1,2,512,0,Recent Customer
1366613,50,2,17510,4,1,5,415,4,Regular Customer
1366764,108,1,2151,2,1,1,211,1,At Risk Customer
1366782,88,1,2888,2,1,2,212,4,Regular Customer
1366787,14,2,12300,5,1,4,514,0,Recent Customer
1366797,103,1,2366,2,1,2,212,1,Regular Customer
1367059,54,2,19237,4,1,5,415,4,High Value Customer
1367269,58,1,5301,4,1,3,413,4,Regular Customer
1367308,95,1,11493,2,1,4,214,1,Regular Customer
1367426,38,4,24230,4,2,5,425,0,VIP Customer
1367544,39,1,1776,4,1,1,411,0,Regular Customer
1367560,67,2,3985,3,1,2,312,4,Regular Customer
1367601,106,2,2455,2,1,2,212,1,At Risk Customer
1367706,44,1,3870,4,1,2,412,0,Regular Customer
1368221,100,1,4089,2,1,2,212,1,Regular Customer
1368267,94,1,18460,2,1,5,215,1,High Value Customer
1368280,5,1,216,5,1,1,511,0,Recent Customer
1368445,67,1,1410,3,1,1,311,4,Regular Customer
1368491,129,1,1932,1,1,1,111,1,At Risk Customer
1368493,76,5,35626,3,2,5,325,4,VIP Customer
1368494,134,1,3454,1,1,2,112,1,At Risk Customer
1368582,80,1,9184,3,1,4,314,4,Regular Customer
1368638,82,1,1739,3,1,1,311,4,Regular Customer
1368652,77,1,6368,3,1,3,313,4,Regular Customer
1368659,74,1,9146,3,1,4,314,4,Regular Customer
1368742,49,1,7504,4,1,3,413,4,Regular Customer
1368789,53,1,5556,4,1,3,413,4,Regular Customer
1368868,65,1,14020,3,1,5,315,4,Regular Customer
1368970,44,3,6100,4,2,3,423,0,Loyal Customer
1369100,106,1,6726,2,1,3,213,1,At Risk Customer
1369176,74,1,9700,3,1,4,314,4,Regular Customer
1369324,66,1,2640,3,1,2,312,4,Regular Customer
1369328,40,1,2901,4,1,2,412,0,Regular Customer
1369848,126,2,13632,1,1,5,115,1,At Risk Customer
1369885,78,1,13776,3,1,5,315,4,Regular Customer
1369915,61,2,7941,3,1,3,313,4,Regular Customer
1369956,77,1,9252,3,1,4,314,4,Regular Customer
1370030,122,1,15180,1,1,5,115,1,At Risk Customer
1370101,100,1,8180,2,1,3,213,1,Regular Customer
1370116,35,1,2433,4,1,2,412,0,Recent Customer
1370124,102,1,8068,2,1,3,213,1,Regular Customer
1370169,15,1,1072,5,1,1,511,0,Recent Customer
1370617,125,3,33440,1,2,5,125,1,Loyal Customer
1370651,88,1,9068,2,1,4,214,4,Regular Customer
1370695,66,1,5118,3,1,3,313,4,Regular Customer
1371288,51,3,22653,4,2,5,425,4,Loyal Customer
1371376,90,1,4063,2,1,2,212,4,Regular Customer
1371456,127,1,5298,1,1,3,113,1,At Risk Customer
1371510,57,1,13472,4,1,4,414,4,Regular Customer
1371620,8,1,10107,5,1,4,514,0,Recent Customer
1371767,27,1,6920,5,1,3,513,0,Recent Customer
1371841,135,1,3479,1,1,2,112,1,At Risk Customer
1372125,113,1,1236,1,1,1,111,1,At Risk Customer
1372317,101,3,22924,2,2,5,225,1,Loyal Customer
1372364,81,2,12903,3,1,4,314,4,Regular Customer
1372585,15,1,6374,5,1,3,513,0,Recent Customer
1372660,52,1,5064,4,1,3,413,4,Regular Customer
1372681,127,1,2664,1,1,2,112,1,At Risk Customer
1372912,78,1,5510,3,1,3,313,4,Regular Customer
1373034,123,1,2380,1,1,2,112,1,At Risk Customer
1373037,110,2,15476,2,1,5,215,1,At Risk Customer
1373123,101,1,5424,2,1,3,213,1,Regular Customer
1373164,57,1,4045,4,1,2,412,4,Regular Customer
1373207,61,1,11406,3,1,4,314,4,Regular Customer
1373373,92,1,4961,2,1,3,213,4,Regular Customer
1373543,132,1,13360,1,1,4,114,1,At Risk Customer
1373738,121,1,7071,1,1,3,113,1,At Risk Customer
1373942,73,1,1335,3,1,1,311,4,Regular Customer
1374146,81,1,9684,3,1,4,314,4,Regular Customer
1374215,23,1,7024,5,1,3,513,0,Recent Customer
1374225,10,1,2467,5,1,2,512,0,Recent Customer
1374423,125,1,3890,1,1,2,112,1,At Risk Customer
1374501,136,1,5550,1,1,3,113,1,At Risk Customer
1374597,66,7,59259,3,2,5,325,4,VIP Customer
1374616,73,1,6624,3,1,3,313,4,Regular Customer
1374631,115,1,4388,1,1,2,112,1,At Risk Customer
1374804,46,1,15204,4,1,5,415,0,Regular Customer
1374839,127,1,2400,1,1,2,112,1,At Risk Customer
1375060,92,1,14265,2,1,5,215,4,Regular Customer
1375137,19,1,8596,5,1,4,514,0,Recent Customer
1375192,93,1,570,2,1,1,211,1,Regular Customer
1375328,7,1,7558,5,1,3,513,0,Recent Customer
1375515,100,4,41068,2,2,5,225,1,VIP Customer
1375602,67,4,10740,3,2,4,324,4,Loyal Customer
1375611,88,1,9544,2,1,4,214,4,Regular Customer
1375685,44,6,52312,4,2,5,425,0,VIP Customer
1376241,100,1,14644,2,1,5,215,1,Regular Customer
1376254,19,1,18152,5,1,5,515,0,Recent Customer
1376500,56,2,18436,4,1,5,415,4,High Value Customer
1376605,57,1,12381,4,1,4,414,4,Regular Customer
1376659,125,4,30735,1,2,5,125,1,VIP Customer
1376736,71,1,442,3,1,1,311,4,Regular Customer
1376763,57,8,68329,4,2,5,425,4,VIP Customer
1376817,71,1,2499,3,1,2,312,4,Regular Customer
1376921,56,1,1888,4,1,1,411,4,Regular Customer
1377052,110,1,2061,2,1,1,211,1,At Risk Customer
1377165,59,1,6378,3,1,3,313,4,Regular Customer
1377259,26,1,5860,5,1,3,513,0,Recent Customer
1377272,133,1,8632,1,1,4,114,1,At Risk Customer
1377311,51,1,624,4,1,1,411,4,Regular Customer
1377363,22,1,4528,5,1,2,512,0,Recent Customer
1377460,94,2,15561,2,1,5,215,1,Regular Customer
1377562,53,1,538,4,1,1,411,4,Regular Customer
1377712,81,1,7446,3,1,3,313,4,Regular Customer
1377734,88,1,9188,2,1,4,214,4,Regular Customer
1378003,93,1,2151,2,1,1,211,1,Regular Customer
1378019,129,1,1527,1,1,1,111,1,At Risk Customer
1378125,99,1,8820,2,1,4,214,1,Regular Customer
1378271,130,1,5193,1,1,3,113,1,At Risk Customer
1378332,18,2,6426,5,1,3,513,0,Recent Customer
1378430,8,2,18780,5,1,5,515,0,High Value Customer
1378683,87,1,1182,2,1,1,211,4,Regular Customer
1378697,11,3,1821,5,2,1,521,0,Loyal Customer
1378732,71,1,4861,3,1,3,313,4,Regular Customer
1378931,4,1,4445,5,1,2,512,0,Recent Customer
1379149,17,1,13629,5,1,4,514,0,Recent Customer
1379241,16,1,10182,5,1,4,514,0,Recent Customer
1379280,28,1,9404,5,1,4,514,0,Recent Customer
1379343,28,1,42,5,1,1,511,0,Recent Customer
1379377,127,1,124,1,1,1,111,1,At Risk Customer
1379388,60,3,28660,3,2,5,325,4,Loyal Customer
1379419,125,1,5712,1,1,3,113,1,At Risk Customer
1379868,67,1,2664,3,1,2,312,4,Regular Customer
1379952,127,1,3394,1,1,2,112,1,At Risk Customer
1380106,47,1,8630,4,1,4,414,4,Regular Customer
1380233,100,1,8949,2,1,4,214,1,Regular Customer
1380247,72,1,4693,3,1,3,313,4,Regular Customer
1380494,104,2,7790,2,1,3,213,1,Regular Customer
1380534,11,1,10773,5,1,4,514,0,Recent Customer
1380565,128,1,4359,1,1,2,112,1,At Risk Customer
1380599,57,1,5186,4,1,3,413,4,Regular Customer
1380711,114,2,6511,1,1,3,113,1,At Risk Customer
1380719,37,1,3342,4,1,2,412,0,Recent Customer
1380773,98,1,7652,2,1,3,213,1,Regular Customer
1380845,137,2,18135,1,1,5,115,1,At Risk Customer
1381119,110,1,828,2,1,1,211,1,At Risk Customer
1381267,11,1,6686,5,1,3,513,0,Recent Customer
1381286,24,1,10773,5,1,4,514,0,Recent Customer
1381398,97,1,17840,2,1,5,215,1,Regular Customer
1381498,87,1,3220,2,1,2,212,4,Regular Customer
1381558,17,2,12558,5,1,4,514,0,Recent Customer
1381613,109,1,1626,2,1,1,211,1,At Risk Customer
1381652,133,1,13908,1,1,5,115,1,At Risk Customer
1381830,102,2,21504,2,1,5,215,1,High Value Customer
1382092,1,2,7504,5,1,3,513,0,Recent Customer
1382282,39,1,6294,4,1,3,413,0,Regular Customer
1382441,50,2,9812,4,1,4,414,4,Regular Customer
1382658,136,1,7508,1,1,3,113,1,At Risk Customer
1382772,2,1,11840,5,1,4,514,0,Recent Customer
1382778,43,3,15838,4,2,5,425,0,Loyal Customer
1382817,133,1,3807,1,1,2,112,1,At Risk Customer
1383053,52,2,4092,4,1,2,412,4,Regular Customer
1383142,72,1,1957,3,1,1,311,4,Regular Customer
1383306,100,1,1269,2,1,1,211,1,Regular Customer
1383402,32,1,6342,4,1,3,413,0,Recent Customer
1383726,11,1,7152,5,1,3,513,0,Recent Customer
1383834,17,1,3837,5,1,2,512,0,Recent Customer
1383839,129,1,8266,1,1,3,113,1,At Risk Customer
1384144,85,1,3928,2,1,2,212,4,Regular Customer
1384234,81,1,6866,3,1,3,313,4,Regular Customer
1384315,32,1,148,4,1,1,411,0,Recent Customer
1384368,116,1,3732,1,1,2,112,1,At Risk Customer
1384383,26,1,7140,5,1,3,513,0,Recent Customer
1384404,72,1,2676,3,1,2,312,4,Regular Customer
1384460,12,1,3400,5,1,2,512,0,Recent Customer
1384487,51,1,954,4,1,1,411,4,Regular Customer
1384613,57,1,6692,4,1,3,413,4,Regular Customer
1384769,23,1,4725,5,1,3,513,0,Recent Customer
1384789,66,1,13164,3,1,4,314,4,Regular Customer
1384800,106,2,4580,2,1,2,212,1,At Risk Customer
1384833,82,1,10623,3,1,4,314,4,Regular Customer
1384843,6,1,8634,5,1,4,514,0,Recent Customer
1385029,84,5,7616,3,2,3,323,4,Loyal Customer
1385042,67,1,588,3,1,1,311,4,Regular Customer
1385073,37,86,489969,4,2,5,425,3,VIP Customer
1385109,110,3,13868,2,2,5,225,1,Loyal Customer
1385333,88,1,3004,2,1,2,212,4,Regular Customer
1385559,120,1,8492,1,1,4,114,1,At Risk Customer
1385821,56,1,449,4,1,1,411,4,Regular Customer
1385863,15,1,17584,5,1,5,515,0,Recent Customer
1385870,49,1,3682,4,1,2,412,4,Regular Customer
1385901,92,1,7240,2,1,3,213,4,Regular Customer
1386260,136,1,1188,1,1,1,111,1,At Risk Customer
1386264,89,1,2877,2,1,2,212,4,Regular Customer
1386311,67,1,16460,3,1,5,315,4,Regular Customer
1386710,22,1,5808,5,1,3,513,0,Recent Customer
1386991,129,1,5268,1,1,3,113,1,At Risk Customer
1387042,53,1,441,4,1,1,411,4,Regular Customer
1387237,134,2,10802,1,1,4,114,1,At Risk Customer
1387427,113,1,6930,1,1,3,113,1,At Risk Customer
1387562,14,1,2572,5,1,2,512,0,Recent Customer
1387584,133,1,6626,1,1,3,113,1,At Risk Customer
1387650,103,3,25981,2,2,5,225,1,Loyal Customer
1387689,70,1,13662,3,1,5,315,4,Regular Customer
1387958,64,1,7658,3,1,3,313,4,Regular Customer
1388288,111,1,18076,2,1,5,215,1,At Risk Customer
1388417,119,2,8015,1,1,3,113,1,At Risk Customer
1388473,47,1,6678,4,1,3,413,4,Regular Customer
1388563,130,1,4767,1,1,3,113,1,At Risk Customer
1388913,126,1,9162,1,1,4,114,1,At Risk Customer
1388970,53,1,7628,4,1,3,413,4,Regular Customer
1389049,98,1,1981,2,1,1,211,1,Regular Customer
1389108,126,1,6471,1,1,3,113,1,At Risk Customer
1389243,58,1,11403,4,1,4,414,4,Regular Customer
1389639,77,1,5722,3,1,3,313,4,Regular Customer
1389672,76,1,2259,3,1,1,311,4,Regular Customer
1389709,94,2,10871,2,1,4,214,1,Regular Customer
1390171,25,1,3435,5,1,2,512,0,Recent Customer
1390178,129,1,9836,1,1,4,114,1,At Risk Customer
1390313,88,1,2844,2,1,2,212,4,Regular Customer
1390335,137,1,248,1,1,1,111,1,At Risk Customer
1390675,10,4,17663,5,2,5,525,0,VIP Customer
1390702,138,1,966,1,1,1,111,1,At Risk Customer
1390722,15,1,960,5,1,1,511,0,Recent Customer
1390774,94,2,25168,2,1,5,215,1,High Value Customer
1390784,135,1,10197,1,1,4,114,1,At Risk Customer
1390828,100,1,1808,2,1,1,211,1,Regular Customer
1390842,10,1,1288,5,1,1,511,0,Recent Customer
1391065,135,3,11840,1,2,4,124,1,Loyal Customer
1391079,8,1,3654,5,1,2,512,0,Recent Customer
1391212,103,1,3459,2,1,2,212,1,Regular Customer
1391499,63,2,6171,3,1,3,313,4,Regular Customer
1391644,105,1,211,2,1,1,211,1,At Risk Customer
1391732,60,1,10140,3,1,4,314,4,Regular Customer
1392423,51,3,22740,4,2,5,425,4,Loyal Customer
1392946,131,2,7029,1,1,3,113,1,At Risk Customer
1393113,91,1,11076,2,1,4,214,4,Regular Customer
1393377,66,1,2868,3,1,2,312,4,Regular Customer
1393752,9,1,4129,5,1,2,512,0,Recent Customer
1393980,99,1,12738,2,1,4,214,1,Regular Customer
1393998,129,1,8776,1,1,4,114,1,At Risk Customer
1394186,28,1,7446,5,1,3,513,0,Recent Customer
1394236,19,1,6810,5,1,3,513,0,Recent Customer
1394271,68,2,16096,3,1,5,315,4,Regular Customer
1394717,49,1,772,4,1,1,411,4,Regular Customer
1394933,51,1,6058,4,1,3,413,4,Regular Customer
1394982,109,1,4007,2,1,2,212,1,At Risk Customer
1395025,77,1,2536,3,1,2,312,4,Regular Customer
1395578,32,1,14832,4,1,5,415,0,Recent Customer
1395724,90,1,3377,2,1,2,212,4,Regular Customer
1395774,102,2,3000,2,1,2,212,1,Regular Customer
1396078,40,1,2674,4,1,2,412,0,Regular Customer
1396084,114,1,12969,1,1,4,114,1,At Risk Customer
1396109,21,1,3204,5,1,2,512,0,Recent Customer
1396162,65,1,14056,3,1,5,315,4,Regular Customer
1396286,32,1,12420,4,1,4,414,0,Recent Customer
1396315,48,1,13530,4,1,4,414,4,Regular Customer
1396374,42,1,11241,4,1,4,414,0,Regular Customer
1396399,121,1,6910,1,1,3,113,1,At Risk Customer
1396541,6,1,15116,5,1,5,515,0,Recent Customer
1396583,106,1,5370,2,1,3,213,1,At Risk Customer
1396823,97,1,956,2,1,1,211,1,Regular Customer
1396871,73,1,16604,3,1,5,315,4,Regular Customer
1396960,117,1,1113,1,1,1,111,1,At Risk Customer
1397020,102,1,828,2,1,1,211,1,Regular Customer
1397089,95,1,1946,2,1,1,211,1,Regular Customer
1397094,33,2,26502,4,1,5,415,0,High Value Customer
1397098,11,1,177,5,1,1,511,0,Recent Customer
1397172,115,1,4052,1,1,2,112,1,At Risk Customer
1397340,73,2,8458,3,1,4,314,4,Regular Customer
1397522,123,1,3959,1,1,2,112,1,At Risk Customer
1397591,16,1,2304,5,1,2,512,0,Recent Customer
1397653,37,1,12546,4,1,4,414,0,Recent Customer
1397742,3,1,13504,5,1,4,514,0,Recent Customer
1398260,74,1,4039,3,1,2,312,4,Regular Customer
1398476,30,2,8496,5,1,4,514,0,Recent Customer
1398505,83,2,19932,3,1,5,315,4,High Value Customer
1398624,43,1,1800,4,1,1,411,0,Regular Customer
1398721,7,1,3346,5,1,2,512,0,Recent Customer
1398725,81,1,8064,3,1,3,313,4,Regular Customer
1398811,60,2,5441,3,1,3,313,4,Regular Customer
1398970,60,1,2728,3,1,2,312,4,Regular Customer
1398978,46,9,66258,4,2,5,425,0,VIP Customer
1399144,64,1,1886,3,1,1,311,4,Regular Customer
1399260,6,1,4146,5,1,2,512,0,Recent Customer
1399343,74,1,14364,3,1,5,315,4,Regular Customer
1399374,99,1,15928,2,1,5,215,1,Regular Customer
1399500,7,1,13614,5,1,4,514,0,Recent Customer
1399705,16,1,698,5,1,1,511,0,Recent Customer
1399960,24,1,3879,5,1,2,512,0,Recent Customer
1399991,113,1,14212,1,1,5,115,1,At Risk Customer
1400110,15,1,3084,5,1,2,512,0,Recent Customer
1400296,124,3,22035,1,2,5,125,1,Loyal Customer
1400416,79,1,8019,3,1,3,313,4,Regular Customer
1400758,124,1,1306,1,1,1,111,1,At Risk Customer
1400958,84,1,579,3,1,1,311,4,Regular Customer
1401260,45,1,311,4,1,1,411,0,Regular Customer
1401333,87,2,15804,2,1,5,215,4,Regular Customer
1401744,58,1,8898,4,1,4,414,4,Regular Customer
1402116,58,1,2194,4,1,1,411,4,Regular Customer
1402220,127,3,8968,1,2,4,124,1,Loyal Customer
1402363,101,1,7056,2,1,3,213,1,Regular Customer
1402575,107,1,13084,2,1,4,214,1,At Risk Customer
1402829,76,1,2115,3,1,1,311,4,Regular Customer
1402860,86,1,11259,2,1,4,214,4,Regular Customer
1402869,115,1,3399,1,1,2,112,1,At Risk Customer
1402877,67,1,2862,3,1,2,312,4,Regular Customer
1402890,119,1,1032,1,1,1,111,1,At Risk Customer
1402979,120,1,3209,1,1,2,112,1,At Risk Customer
1403350,30,1,2467,5,1,2,512,0,Recent Customer
1403465,55,1,1892,4,1,1,411,4,Regular Customer
1403649,124,1,19620,1,1,5,115,1,High Value Customer
1403769,24,7,44758,5,2,5,525,0,VIP Customer
1403935,92,1,13653,2,1,5,215,4,Regular Customer
1404061,49,1,7803,4,1,3,413,4,Regular Customer
1404086,43,1,11392,4,1,4,414,0,Regular Customer
1404130,71,1,474,3,1,1,311,4,Regular Customer
1404233,58,1,10276,4,1,4,414,4,Regular Customer
1404265,8,2,4652,5,1,3,513,0,Recent Customer
1404286,68,1,4167,3,1,2,312,4,Regular Customer
1404797,75,1,12316,3,1,4,314,4,Regular Customer
1404894,10,1,33,5,1,1,511,0,Recent Customer
1404991,88,3,23332,2,2,5,225,4,Loyal Customer
1405688,93,1,7612,2,1,3,213,1,Regular Customer
1405714,125,1,8468,1,1,4,114,1,At Risk Customer
1405831,77,1,309,3,1,1,311,4,Regular Customer
1405861,121,1,1959,1,1,1,111,1,At Risk Customer
1405929,15,1,15100,5,1,5,515,0,Recent Customer
1406087,108,4,48006,2,2,5,225,1,VIP Customer
1406564,23,1,2874,5,1,2,512,0,Recent Customer
1406708,11,1,15056,5,1,5,515,0,Recent Customer
1406787,109,1,3471,2,1,2,212,1,At Risk Customer
1406981,123,1,4480,1,1,2,112,1,At Risk Customer
1407070,128,1,9614,1,1,4,114,1,At Risk Customer
1407110,45,1,2224,4,1,1,411,0,Regular Customer
1407398,73,1,9334,3,1,4,314,4,Regular Customer
