customer_id,recency,frequency,monetary,R,F,M,RFM_SCORE
172,34,2,18825,4,1,5,415
186,37,1,10005,4,1,4,414
264,11,2,4384,5,1,2,512
419,51,1,198,4,1,1,411
539,94,1,3040,2,1,2,212
627,29,1,8056,5,1,3,513
795,39,1,2727,4,1,2,412
914,31,1,19660,4,1,5,415
964,66,1,13971,3,1,5,315
1032,84,1,9578,3,1,4,314
1636,133,1,8908,1,1,4,114
1765,88,1,1314,2,1,1,211
2019,107,2,4695,2,1,3,213
2133,123,1,1588,1,1,1,111
2216,73,1,17472,3,1,5,315
2242,95,1,2863,2,1,2,212
2468,136,1,14739,1,1,5,115
2519,3,1,586,5,1,1,511
2598,68,1,4268,3,1,2,312
2646,52,1,9592,4,1,4,414
2807,6,1,786,5,1,1,511
3048,8,1,8862,5,1,4,514
3104,119,2,16631,1,1,5,115
3171,39,1,4317,4,1,2,412
3174,29,1,1488,5,1,1,511
3251,57,1,2854,4,1,2,412
3258,88,2,15512,2,1,5,215
3404,49,1,12812,4,1,4,414
3465,94,3,11756,2,2,4,224
3581,6,1,3402,5,1,2,512
3847,99,1,3524,2,1,2,212
3896,80,1,1524,3,1,1,311
3926,93,3,30532,2,2,5,225
3936,25,1,13184,5,1,4,514
4061,125,1,408,1,1,1,111
4101,120,4,36181,1,2,5,125
4113,63,1,240,3,1,1,311
4115,83,1,8250,3,1,3,313
4241,99,1,3767,2,1,2,212
4368,47,1,3166,4,1,2,412
4537,11,2,12440,5,1,4,514
4606,123,2,6445,1,1,3,113
4694,94,2,2263,2,1,1,211
4899,128,1,11476,1,1,4,114
5042,68,3,26254,3,2,5,325
5061,46,1,324,4,1,1,411
5117,101,1,2334,2,1,2,212
5207,2,1,6033,5,1,3,513
5423,41,1,1136,4,1,1,411
5703,53,2,5054,4,1,3,413
5939,9,1,10820,5,1,4,514
6029,137,1,1898,1,1,1,111
6190,132,1,1236,1,1,1,111
6265,59,1,1881,3,1,1,311
6390,41,1,8124,4,1,3,413
6431,53,1,556,4,1,1,411
6468,42,4,44646,4,2,5,425
6618,27,1,4320,5,1,2,512
6699,133,4,11442,1,2,4,124
6750,4,1,1278,5,1,1,511
6855,52,1,6718,4,1,3,413
6911,30,1,2810,5,1,2,512
6952,9,3,14330,5,2,5,525
6955,71,1,13344,3,1,4,314
6958,70,4,42658,3,2,5,325
7016,93,2,11194,2,1,4,214
7244,78,1,4107,3,1,2,312
7330,121,1,2790,1,1,2,112
7633,1,1,927,5,1,1,511
7773,14,1,14310,5,1,5,515
7969,114,1,3106,1,1,2,112
8043,29,2,6018,5,1,3,513
8083,2,1,410,5,1,1,511
8314,137,1,118,1,1,1,111
8411,7,2,7146,5,1,3,513
8516,95,1,1097,2,1,1,211
8670,30,1,2918,5,1,2,512
8731,93,2,17851,2,1,5,215
8876,135,1,12744,1,1,4,114
8914,129,1,8424,1,1,4,114
9079,30,2,6585,5,1,3,513
9099,88,1,13101,2,1,4,214
9145,8,3,19980,5,2,5,525
9155,23,1,14688,5,1,5,515
9235,69,1,2812,3,1,2,312
9498,6,1,2015,5,1,1,511
9519,52,1,1326,4,1,1,411
10023,55,2,10260,4,1,4,414
10248,67,1,16328,3,1,5,315
10443,123,1,17544,1,1,5,115
10539,119,1,2277,1,1,1,111
10560,136,1,9988,1,1,4,114
10685,42,1,1764,4,1,1,411
11172,2,1,13119,5,1,4,514
11209,37,4,47610,4,2,5,425
11248,115,3,5197,1,2,3,123
11287,73,1,3488,3,1,2,312
11333,76,2,6379,3,1,3,313
11438,3,1,5277,5,1,3,513
11462,71,1,2452,3,1,2,312
11508,91,1,2798,2,1,2,212
12046,118,1,2986,1,1,2,112
12067,28,1,18200,5,1,5,515
12134,2,1,18996,5,1,5,515
12148,108,3,10352,2,2,4,224
12295,91,1,11658,2,1,4,214
12356,50,1,8108,4,1,3,413
12506,60,2,33369,3,1,5,315
12579,134,2,17960,1,1,5,115
13151,87,3,7425,2,2,3,223
13240,25,1,231,5,1,1,511
13455,82,3,5944,3,2,3,323
13764,111,1,3534,2,1,2,212
13833,26,3,17964,5,2,5,525
14618,59,1,14589,3,1,5,315
14796,28,1,2662,5,1,2,512
14885,71,1,5193,3,1,3,313
14903,31,1,14684,4,1,5,415
15218,65,1,13263,3,1,4,314
15299,124,1,15180,1,1,5,115
15318,53,1,708,4,1,1,411
15653,113,2,2145,1,1,1,111
15852,44,1,14541,4,1,5,415
16158,102,1,2139,2,1,1,211
16357,121,1,780,1,1,1,111
16655,66,2,6923,3,1,3,313
16766,55,1,11754,4,1,4,414
16945,90,1,9448,2,1,4,214
16975,84,1,14572,3,1,5,315
17028,44,1,2532,4,1,2,412
17067,66,1,1358,3,1,1,311
17476,52,7,37121,4,2,5,425
17569,127,1,411,1,1,1,111
17591,81,2,9664,3,1,4,314
17629,19,2,15930,5,1,5,515
17676,28,42,312060,5,2,5,525
17746,115,1,8164,1,1,3,113
17800,116,1,6862,1,1,3,113
17857,42,1,10928,4,1,4,414
17970,7,1,135,5,1,1,511
18024,16,1,4848,5,1,3,513
18029,135,1,797,1,1,1,111
18032,127,1,1379,1,1,1,111
18060,128,1,518,1,1,1,111
18195,133,1,4398,1,1,2,112
18197,75,1,2487,3,1,2,312
18424,37,2,13958,4,1,5,415
18573,46,3,17402,4,2,5,425
18688,74,1,7827,3,1,3,313
19052,10,1,6153,5,1,3,513
19206,42,1,2079,4,1,1,411
19268,32,1,4134,4,1,2,412
19500,62,1,5181,3,1,3,313
19506,22,1,14265,5,1,5,515
19512,31,1,3557,4,1,2,412
19832,72,1,12540,3,1,4,314
19967,95,1,6554,2,1,3,213
20099,125,1,13887,1,1,5,115
20167,69,1,551,3,1,1,311
20389,79,1,4502,3,1,2,312
20815,25,1,8284,5,1,3,513
20984,18,1,6942,5,1,3,513
21048,104,1,8040,2,1,3,213
21070,73,1,12876,3,1,4,314
21079,85,1,11812,2,1,4,214
21302,108,1,7044,2,1,3,213
21574,25,1,2516,5,1,2,512
21610,119,3,12910,1,2,4,124
21712,83,6,30888,3,2,5,325
21976,95,1,11157,2,1,4,214
22079,9,1,9208,5,1,4,514
22090,109,1,1536,2,1,1,211
22276,96,1,6904,2,1,3,213
22596,108,1,370,2,1,1,211
22666,66,1,4712,3,1,3,313
22778,33,1,3910,4,1,2,412
22944,105,1,2052,2,1,1,211
22990,110,11,59681,2,2,5,225
22998,50,1,3268,4,1,2,412
23076,77,2,5407,3,1,3,313
23497,125,1,3530,1,1,2,112
23645,35,1,3467,4,1,2,412
23730,96,1,14260,2,1,5,215
23964,134,1,9164,1,1,4,114
24067,66,2,8436,3,1,4,314
24142,87,1,2580,2,1,2,212
24166,87,1,4722,2,1,3,213
24409,46,2,10896,4,1,4,414
24644,41,1,5748,4,1,3,413
24662,112,1,8834,1,1,4,114
24688,18,1,870,5,1,1,511
24722,85,3,28350,2,2,5,225
24840,25,1,1244,5,1,1,511
25040,135,1,8372,1,1,4,114
25081,39,1,712,4,1,1,411
25094,24,1,2320,5,1,2,512
25156,100,2,10413,2,1,4,214
25481,103,1,2660,2,1,2,212
25809,5,1,5404,5,1,3,513
25896,10,2,5046,5,1,3,513
25922,128,2,13300,1,1,4,114
26032,38,1,10412,4,1,4,414
26189,87,1,3265,2,1,2,212
26533,115,3,18318,1,2,5,125
26626,24,1,4108,5,1,2,512
26761,76,1,3730,3,1,2,312
26872,97,1,5168,2,1,3,213
26923,94,1,14728,2,1,5,215
27197,67,1,18560,3,1,5,315
27326,63,1,7128,3,1,3,313
27360,67,1,9924,3,1,4,314
27695,56,3,28674,4,2,5,425
27851,29,4,52696,5,2,5,525
28085,51,1,13491,4,1,4,414
28161,114,1,1946,1,1,1,111
28308,78,1,767,3,1,1,311
28387,15,1,5232,5,1,3,513
28524,93,1,1137,2,1,1,211
28791,2,1,9688,5,1,4,514
28797,52,1,3544,4,1,2,412
28896,71,1,1405,3,1,1,311
29529,21,1,13400,5,1,4,514
29531,113,1,2204,1,1,1,111
29659,119,1,16504,1,1,5,115
29744,4,2,9266,5,1,4,514
29757,30,1,717,5,1,1,511
29802,3,3,6506,5,2,3,523
29835,50,1,18112,4,1,5,415
30374,51,2,5075,4,1,3,413
30438,60,1,18140,3,1,5,315
30633,73,1,7890,3,1,3,313
30687,3,1,16884,5,1,5,515
30812,84,1,499,3,1,1,311
30824,122,1,3949,1,1,2,112
31149,85,1,7107,2,1,3,213
31236,110,1,5266,2,1,3,213
31314,90,1,19692,2,1,5,215
31359,29,1,1545,5,1,1,511
31557,78,1,4422,3,1,2,312
31613,110,1,2455,2,1,2,212
31645,45,3,23402,4,2,5,425
31677,22,1,7779,5,1,3,513
31741,57,2,21865,4,1,5,415
31798,32,2,7691,4,1,3,413
31843,125,1,11568,1,1,4,114
31874,29,1,1656,5,1,1,511
31929,68,1,12612,3,1,4,314
31936,1,1,14742,5,1,5,515
32119,119,1,14076,1,1,5,115
32160,105,2,6604,2,1,3,213
32358,29,1,879,5,1,1,511
32378,115,2,4136,1,1,2,112
32432,77,1,6110,3,1,3,313
32596,49,1,4657,4,1,3,413
32787,99,2,14862,2,1,5,215
32895,22,2,5404,5,1,3,513
32904,93,1,2576,2,1,2,212
33196,106,3,15004,2,2,5,225
33308,94,1,4468,2,1,2,212
33350,34,1,16204,4,1,5,415
33571,106,1,5372,2,1,3,213
33608,20,1,132,5,1,1,511
33717,58,1,1276,4,1,1,411
33889,65,1,3218,3,1,2,312
33895,52,1,6828,4,1,3,413
33946,70,2,15188,3,1,5,315
34059,29,1,2800,5,1,2,512
34157,17,1,2956,5,1,2,512
34200,24,1,1765,5,1,1,511
34381,73,1,10983,3,1,4,314
34519,36,2,10294,4,1,4,414
34570,49,1,9063,4,1,4,414
34598,103,2,5452,2,1,3,213
34630,69,1,846,3,1,1,311
34648,109,1,9915,2,1,4,214
34665,88,2,519,2,1,1,211
34667,81,1,753,3,1,1,311
34705,44,1,15592,4,1,5,415
34825,55,1,3957,4,1,2,412
34850,17,1,12452,5,1,4,514
34923,50,1,10148,4,1,4,414
34951,137,4,16380,1,2,5,125
34955,56,1,504,4,1,1,411
35112,102,1,1349,2,1,1,211
35157,31,1,8018,4,1,3,413
35186,31,1,2259,4,1,1,411
35339,113,1,118,1,1,1,111
35623,45,4,10123,4,2,4,424
36007,127,1,9696,1,1,4,114
36250,86,1,8492,2,1,4,214
36310,88,1,520,2,1,1,211
36450,136,1,4817,1,1,3,113
36502,85,3,26847,2,2,5,225
36640,26,1,5160,5,1,3,513
36682,56,1,7563,4,1,3,413
36707,61,1,7864,3,1,3,313
36866,7,2,17635,5,1,5,515
36989,119,1,2200,1,1,1,111
37093,50,1,5238,4,1,3,413
37183,58,1,5894,4,1,3,413
37191,4,1,13866,5,1,5,515
37288,81,1,2656,3,1,2,312
37382,108,1,2306,2,1,2,212
37574,33,1,3213,4,1,2,412
37845,25,1,15472,5,1,5,515
37972,44,1,4358,4,1,2,412
38015,105,2,5947,2,1,3,213
38102,112,1,723,1,1,1,111
38103,31,7,37358,4,2,5,425
38245,114,1,7262,1,1,3,113
38711,59,2,14702,3,1,5,315
38878,88,1,17088,2,1,5,215
39203,2,1,14643,5,1,5,515
39272,82,1,617,3,1,1,311
39467,46,1,4944,4,1,3,413
39480,84,4,27061,3,2,5,325
39706,128,1,3904,1,1,2,112
39985,18,1,2239,5,1,1,511
40024,38,1,6414,4,1,3,413
40050,116,1,47,1,1,1,111
40175,107,1,3554,2,1,2,212
40251,92,1,4522,2,1,2,212
40353,56,1,3861,4,1,2,412
40618,124,1,2028,1,1,1,111
40802,135,1,3620,1,1,2,112
40879,106,1,144,2,1,1,211
41016,122,1,5288,1,1,3,113
41098,85,1,19892,2,1,5,215
41278,123,1,16156,1,1,5,115
41386,136,1,120,1,1,1,111
41416,7,1,4424,5,1,2,512
41529,133,1,17824,1,1,5,115
41903,87,1,9170,2,1,4,214
42011,31,1,14874,4,1,5,415
42040,106,1,2394,2,1,2,212
42059,124,1,9100,1,1,4,114
42168,3,1,858,5,1,1,511
42192,136,1,13496,1,1,4,114
42261,44,1,2800,4,1,2,412
42326,85,1,14168,2,1,5,215
42435,101,1,2298,2,1,2,212
42552,11,13,81276,5,2,5,525
42669,49,1,10971,4,1,4,414
42857,53,1,5968,4,1,3,413
42942,103,1,10197,2,1,4,214
43176,4,2,15155,5,1,5,515
43354,93,1,6468,2,1,3,213
43393,123,1,7296,1,1,3,113
43605,88,1,8752,2,1,4,214
43643,43,1,4241,4,1,2,412
43687,28,1,9120,5,1,4,514
43770,128,1,5744,1,1,3,113
43775,94,1,11145,2,1,4,214
43804,87,1,1913,2,1,1,211
44326,52,1,19380,4,1,5,415
44566,51,1,1640,4,1,1,411
44880,37,2,4774,4,1,3,413
44885,113,1,8838,1,1,4,114
45018,99,2,30605,2,1,5,215
45113,52,1,19388,4,1,5,415
45183,58,1,5244,4,1,3,413
45270,11,1,1012,5,1,1,511
45512,103,1,8850,2,1,4,214
45825,78,2,21531,3,1,5,315
45870,81,2,7337,3,1,3,313
45969,17,1,633,5,1,1,511
46167,124,2,853,1,1,1,111
46535,94,4,42832,2,2,5,225
46568,61,1,9652,3,1,4,314
46748,13,1,3130,5,1,2,512
46805,115,1,5919,1,1,3,113
46841,37,1,1904,4,1,1,411
47004,86,1,2850,2,1,2,212
47029,137,2,2460,1,1,2,112
47153,9,1,10116,5,1,4,514
47197,52,1,19116,4,1,5,415
47433,3,1,6918,5,1,3,513
47467,123,1,2660,1,1,2,112
47582,50,1,1996,4,1,1,411
47803,8,2,6603,5,1,3,513
48168,37,1,17496,4,1,5,415
48245,46,1,3142,4,1,2,412
48703,82,1,2203,3,1,1,311
48728,70,3,4214,3,2,2,322
48768,125,1,12831,1,1,4,114
48820,57,34,170502,4,2,5,425
48896,129,1,1964,1,1,1,111
49120,110,1,3460,2,1,2,212
49158,85,1,14992,2,1,5,215
49266,4,1,3834,5,1,2,512
49275,124,1,13263,1,1,4,114
49347,73,1,19356,3,1,5,315
49384,87,1,3444,2,1,2,212
50340,38,1,6532,4,1,3,413
50467,94,1,4559,2,1,2,212
50555,84,1,6045,3,1,3,313
50687,8,1,4870,5,1,3,513
50847,110,1,7578,2,1,3,213
50921,107,2,27264,2,1,5,215
51304,35,1,15908,4,1,5,415
51591,32,1,9940,4,1,4,414
51595,129,2,3010,1,1,2,112
51613,76,1,3573,3,1,2,312
51670,58,1,17128,4,1,5,415
51676,135,1,2913,1,1,2,112
51831,133,2,3673,1,1,2,112
51951,69,1,15416,3,1,5,315
52108,106,1,8460,2,1,4,214
52183,50,1,102,4,1,1,411
52305,32,1,1282,4,1,1,411
52363,23,1,9507,5,1,4,514
52406,27,1,19396,5,1,5,515
52452,94,1,4838,2,1,3,213
52484,73,1,7182,3,1,3,313
52493,19,1,2302,5,1,2,512
52674,91,1,3630,2,1,2,212
52701,24,1,2372,5,1,2,512
52860,92,1,1729,2,1,1,211
52940,85,1,8214,2,1,3,213
52967,20,1,5834,5,1,3,513
53051,66,3,36064,3,2,5,325
53164,10,2,5457,5,1,3,513
53181,106,1,220,2,1,1,211
53691,53,1,600,4,1,1,411
53842,120,64,349358,1,2,5,125
53925,79,1,3335,3,1,2,312
53982,91,2,12816,2,1,4,214
54002,111,1,11175,2,1,4,214
54007,126,1,8344,1,1,4,114
54011,116,1,1737,1,1,1,111
54017,72,1,1726,3,1,1,311
54032,120,1,2751,1,1,2,112
54121,70,1,5444,3,1,3,313
54210,12,1,3053,5,1,2,512
54493,75,2,25482,3,1,5,315
54524,64,3,15535,3,2,5,325
54535,137,4,16411,1,2,5,125
54639,55,1,4258,4,1,2,412
54672,136,1,2920,1,1,2,112
54845,26,1,34,5,1,1,511
54958,66,1,4902,3,1,3,313
54960,54,1,6228,4,1,3,413
55018,101,1,4332,2,1,2,212
55023,99,1,3301,2,1,2,212
55135,109,1,13828,2,1,5,215
55270,113,1,10812,1,1,4,114
55389,122,7,44958,1,2,5,125
55599,37,1,2398,4,1,2,412
55609,89,1,11724,2,1,4,214
55697,91,1,8112,2,1,3,213
55838,124,4,12634,1,2,4,124
55843,122,1,2204,1,1,1,111
55897,6,1,3486,5,1,2,512
56096,17,1,5349,5,1,3,513
56203,52,1,6028,4,1,3,413
56312,91,1,5404,2,1,3,213
56332,112,1,7476,1,1,3,113
56541,75,1,15348,3,1,5,315
56645,39,1,2094,4,1,1,411
56745,93,1,1354,2,1,1,211
56775,134,2,13165,1,1,4,114
56971,6,1,915,5,1,1,511
57006,104,1,1980,2,1,1,211
57088,57,1,1588,4,1,1,411
57111,85,1,3431,2,1,2,212
57246,135,1,4710,1,1,3,113
57499,60,1,4096,3,1,2,312
57559,37,1,954,4,1,1,411
57739,82,1,4996,3,1,3,313
57905,107,44,283029,2,2,5,225
57925,51,1,1710,4,1,1,411
57929,36,1,5067,4,1,3,413
58013,27,1,6350,5,1,3,513
58024,99,2,7549,2,1,3,213
58074,91,1,6610,2,1,3,213
58597,28,2,9966,5,1,4,514
58730,100,1,17300,2,1,5,215
58740,68,1,13086,3,1,4,314
58970,50,1,2956,4,1,2,412
59209,44,1,9490,4,1,4,414
59291,20,2,6562,5,1,3,513
59399,124,1,8223,1,1,3,113
59604,37,1,4994,4,1,3,413
59776,55,1,14144,4,1,5,415
59784,53,1,1824,4,1,1,411
59803,114,1,648,1,1,1,111
59832,128,1,567,1,1,1,111
60025,33,1,4464,4,1,2,412
60099,126,1,3785,1,1,2,112
60497,72,1,3337,3,1,2,312
60568,94,1,655,2,1,1,211
60711,10,3,16627,5,2,5,525
60790,52,1,13836,4,1,5,415
61323,123,1,4680,1,1,3,113
61334,91,1,2090,2,1,1,211
61635,73,1,3248,3,1,2,312
61720,58,1,13617,4,1,4,414
61806,108,1,13448,2,1,4,214
62004,0,1,15664,5,1,5,515
62058,104,1,13848,2,1,5,215
62139,119,2,7645,1,1,3,113
62155,132,1,11376,1,1,4,114
62330,127,1,9568,1,1,4,114
62368,11,1,1044,5,1,1,511
62377,28,1,2505,5,1,2,512
62434,2,1,2755,5,1,2,512
62489,100,1,5056,2,1,3,213
62602,46,1,13362,4,1,4,414
62656,60,1,8852,3,1,4,314
62679,91,1,4013,2,1,2,212
62694,79,1,617,3,1,1,311
62701,123,1,4508,1,1,2,112
62762,131,1,20,1,1,1,111
62893,59,1,4552,3,1,2,312
62990,79,1,1092,3,1,1,311
63140,43,1,2754,4,1,2,412
63156,79,1,8244,3,1,3,313
63181,128,1,9508,1,1,4,114
63208,102,1,2758,2,1,2,212
63274,72,3,6873,3,2,3,323
63351,63,1,10860,3,1,4,314
63475,87,1,8008,2,1,3,213
63786,15,2,16898,5,1,5,515
64099,128,1,3682,1,1,2,112
64444,81,1,802,3,1,1,311
64575,27,1,7842,5,1,3,513
64763,86,2,5737,2,1,3,213
64931,127,5,23098,1,2,5,125
65124,87,1,17388,2,1,5,215
65149,113,1,5584,1,1,3,113
65210,113,1,5516,1,1,3,113
65249,108,1,7908,2,1,3,213
65471,113,1,19976,1,1,5,115
65737,43,1,2664,4,1,2,412
65740,72,2,23570,3,1,5,315
65927,77,1,10386,3,1,4,314
66052,85,1,3753,2,1,2,212
66139,25,1,2530,5,1,2,512
66238,53,1,2218,4,1,1,411
66313,115,1,14715,1,1,5,115
66317,53,1,4680,4,1,3,413
67015,66,2,11265,3,1,4,314
67264,29,1,5538,5,1,3,513
67301,46,1,9600,4,1,4,414
67370,67,1,2553,3,1,2,312
67712,100,2,2727,2,1,2,212
67744,19,2,5305,5,1,3,513
67803,138,1,6124,1,1,3,113
68085,130,2,7070,1,1,3,113
68087,12,1,17676,5,1,5,515
68318,10,2,9372,5,1,4,514
68418,5,1,4239,5,1,2,512
68449,88,1,3758,2,1,2,212
68557,87,2,8579,2,1,4,214
68601,35,1,3865,4,1,2,412
68646,19,1,2571,5,1,2,512
68748,6,1,14004,5,1,5,515
68759,65,1,7842,3,1,3,313
68804,138,1,4452,1,1,2,112
69044,25,2,1349,5,1,1,511
69072,75,1,4724,3,1,3,313
69301,94,2,7010,2,1,3,213
69442,45,2,33936,4,1,5,415
69543,133,2,16535,1,1,5,115
69645,67,2,16483,3,1,5,315
69804,108,1,8942,2,1,4,214
69880,121,1,2614,1,1,2,112
69982,10,1,4396,5,1,2,512
70570,73,1,13509,3,1,4,314
70678,136,1,12849,1,1,4,114
70888,35,1,14715,4,1,5,415
70999,52,2,14309,4,1,5,415
71167,6,1,10779,5,1,4,514
71192,89,1,9278,2,1,4,214
71272,89,2,14843,2,1,5,215
71586,11,1,2467,5,1,2,512
71689,33,1,10920,4,1,4,414
71746,3,1,7736,5,1,3,513
71753,51,1,2477,4,1,2,412
71927,137,1,14433,1,1,5,115
72155,100,1,9045,2,1,4,214
72194,31,1,2197,4,1,1,411
72232,103,1,4850,2,1,3,213
72254,77,2,28735,3,1,5,315
72302,95,2,4969,2,1,3,213
72373,44,1,4934,4,1,3,413
72569,115,1,2796,1,1,2,112
72783,35,1,13842,4,1,5,415
72828,87,1,7200,2,1,3,213
72944,65,1,2200,3,1,1,311
73029,79,1,4856,3,1,3,313
73292,2,2,16788,5,1,5,515
73306,34,6,69488,4,2,5,425
73341,52,1,3430,4,1,2,412
73356,69,1,2338,3,1,2,312
73483,9,1,3352,5,1,2,512
73501,68,1,12519,3,1,4,314
73567,76,2,18005,3,1,5,315
73635,58,1,1956,4,1,1,411
73645,114,1,8313,1,1,4,114
73679,115,1,10443,1,1,4,114
73819,45,1,2280,4,1,1,411
73856,103,3,30584,2,2,5,225
73867,11,1,1252,5,1,1,511
73963,57,1,3740,4,1,2,412
74080,105,1,2301,2,1,2,212
74260,61,1,4711,3,1,3,313
74280,58,1,4122,4,1,2,412
74404,79,1,1796,3,1,1,311
74483,105,1,3142,2,1,2,212
74699,13,1,3340,5,1,2,512
74832,59,1,7888,3,1,3,313
74920,32,2,19445,4,1,5,415
75424,29,10,76986,5,2,5,525
75595,13,1,6084,5,1,3,513
75630,9,3,13310,5,2,4,524
75653,122,1,4769,1,1,3,113
75826,52,1,8126,4,1,3,413
76124,11,1,4155,5,1,2,512
76301,52,2,2712,4,1,2,412
76347,87,1,8358,2,1,4,214
76475,53,1,2407,4,1,2,412
76565,111,1,12804,2,1,4,214
76757,86,185,1174430,2,2,5,225
76913,64,1,5434,3,1,3,313
77032,3,2,26229,5,1,5,515
77215,3,2,12627,5,1,4,514
77253,119,1,12021,1,1,4,114
77261,3,1,17736,5,1,5,515
77268,18,1,116,5,1,1,511
77524,2,2,16088,5,1,5,515
77659,115,2,19156,1,1,5,115
77669,71,1,4887,3,1,3,313
77868,35,1,13455,4,1,4,414
78006,3,1,175,5,1,1,511
78067,12,1,3411,5,1,2,512
78383,87,1,2974,2,1,2,212
78476,51,1,1580,4,1,1,411
78755,31,1,1234,4,1,1,411
78878,137,1,3568,1,1,2,112
78882,72,1,3160,3,1,2,312
79201,137,1,17852,1,1,5,115
79279,87,1,8292,2,1,3,213
79312,31,1,14072,4,1,5,415
79452,95,2,20083,2,1,5,215
79566,99,2,19388,2,1,5,215
79681,119,1,2556,1,1,2,112
79721,52,3,42754,4,2,5,425
79743,74,3,23952,3,2,5,325
80034,35,1,17432,4,1,5,415
80204,25,5,21432,5,2,5,525
80244,25,1,193,5,1,1,511
80267,4,1,15096,5,1,5,515
80364,29,1,6588,5,1,3,513
80434,120,1,4695,1,1,3,113
80580,64,1,12942,3,1,4,314
80604,129,1,5566,1,1,3,113
80635,39,1,1629,4,1,1,411
80964,22,1,4023,5,1,2,512
81526,51,1,4101,4,1,2,412
81638,59,2,11853,3,1,4,314
81688,109,1,5979,2,1,3,213
81742,30,1,7508,5,1,3,513
81811,121,2,18019,1,1,5,115
82009,26,1,2430,5,1,2,512
82051,6,1,1830,5,1,1,511
82084,29,1,10542,5,1,4,514
82251,66,1,8604,3,1,4,314
82318,73,4,41852,3,2,5,325
82581,65,1,7162,3,1,3,313
82759,32,1,6432,4,1,3,413
82819,127,1,386,1,1,1,111
83052,67,1,6471,3,1,3,313
83319,112,1,5577,1,1,3,113
83368,136,1,681,1,1,1,111
83600,4,4,16751,5,2,5,525
83748,47,1,16412,4,1,5,415
83823,87,1,2776,2,1,2,212
84233,7,2,29124,5,1,5,515
84275,89,1,112,2,1,1,211
84327,109,1,2338,2,1,2,212
84494,8,1,11928,5,1,4,514
84580,50,1,10821,4,1,4,414
84646,11,1,2588,5,1,2,512
84660,95,1,998,2,1,1,211
84928,78,1,8166,3,1,3,313
85201,71,5,28319,3,2,5,325
85383,65,2,8406,3,1,4,314
85555,108,1,3608,2,1,2,212
85658,51,2,18812,4,1,5,415
85734,66,15,110069,3,2,5,325
85916,53,1,2098,4,1,1,411
86005,44,1,1374,4,1,1,411
86049,42,1,4230,4,1,2,412
86082,78,1,3661,3,1,2,312
86123,94,1,3422,2,1,2,212
86403,23,1,9674,5,1,4,514
86444,99,1,1727,2,1,1,211
86609,113,1,1331,1,1,1,111
86669,105,1,80,2,1,1,211
86690,23,1,3656,5,1,2,512
86810,57,1,2336,4,1,2,412
86982,82,1,4742,3,1,3,313
87226,25,1,19400,5,1,5,515
87364,131,2,21486,1,1,5,115
87380,16,1,9002,5,1,4,514
87559,53,1,4395,4,1,2,412
87660,100,1,7566,2,1,3,213
87886,29,1,14960,5,1,5,515
87891,18,1,14805,5,1,5,515
88182,33,1,11696,4,1,4,414
88183,44,1,5924,4,1,3,413
88361,21,1,472,5,1,1,511
88427,32,1,3601,4,1,2,412
88696,134,1,268,1,1,1,111
88841,108,1,1824,2,1,1,211
88920,7,1,6262,5,1,3,513
89000,106,1,152,2,1,1,211
89237,85,1,4491,2,1,2,212
89426,27,1,6530,5,1,3,513
89656,92,1,12264,2,1,4,214
89783,52,2,4677,4,1,3,413
89882,46,1,4172,4,1,2,412
90080,133,1,10914,1,1,4,114
90093,89,1,3870,2,1,2,212
90186,16,1,11241,5,1,4,514
90253,118,1,11715,1,1,4,114
90352,95,1,11823,2,1,4,214
90496,108,2,7450,2,1,3,213
90565,81,1,35,3,1,1,311
90902,53,1,1301,4,1,1,411
91370,107,1,2040,2,1,1,211
91900,103,1,3754,2,1,2,212
91913,39,1,6818,4,1,3,413
92098,137,1,4224,1,1,2,112
92159,53,1,3904,4,1,2,412
92347,102,1,6452,2,1,3,213
92384,134,2,14143,1,1,5,115
93232,134,1,7392,1,1,3,113
93328,15,1,3053,5,1,2,512
93424,3,1,7602,5,1,3,513
93652,12,1,4950,5,1,3,513
93887,137,1,14980,1,1,5,115
93978,81,1,5091,3,1,3,313
94030,54,4,45962,4,2,5,425
94071,63,1,19636,3,1,5,315
94177,101,1,10848,2,1,4,214
94182,45,1,7401,4,1,3,413
94235,55,1,13568,4,1,4,414
94463,79,2,25451,3,1,5,315
94529,120,1,6624,1,1,3,113
94751,134,1,4628,1,1,2,112
94832,118,1,2064,1,1,1,111
94994,72,1,546,3,1,1,311
95059,36,1,417,4,1,1,411
95090,63,1,12316,3,1,4,314
95161,51,1,2708,4,1,2,412
95233,106,1,10113,2,1,4,214
95536,111,1,17964,2,1,5,215
95794,106,1,1918,2,1,1,211
96196,52,1,2652,4,1,2,412
96387,27,1,1905,5,1,1,511
96558,50,1,6530,4,1,3,413
96640,46,1,7698,4,1,3,413
96705,115,1,8712,1,1,4,114
96947,62,1,4405,3,1,2,312
97209,132,1,9096,1,1,4,114
97480,65,1,13950,3,1,5,315
97675,64,12,75037,3,2,5,325
97865,22,1,14265,5,1,5,515
97992,88,1,19976,2,1,5,215
98071,112,6,37735,1,2,5,125
98093,29,1,38,5,1,1,511
98364,81,1,730,3,1,1,311
98371,50,1,6636,4,1,3,413
98492,42,1,4636,4,1,2,412
98499,135,1,5925,1,1,3,113
98772,29,2,18503,5,1,5,515
98799,16,1,3400,5,1,2,512
98887,84,1,7402,3,1,3,313
99015,53,1,688,4,1,1,411
99081,19,1,828,5,1,1,511
99160,6,1,14332,5,1,5,515
99569,47,1,12348,4,1,4,414
99589,11,1,4133,5,1,2,512
99634,95,1,1608,2,1,1,211
99661,127,1,3580,1,1,2,112
99743,115,1,401,1,1,1,111
99830,108,2,14474,2,1,5,215
99915,51,1,2728,4,1,2,412
99962,40,1,3232,4,1,2,412
100012,26,1,15192,5,1,5,515
100020,114,1,2781,1,1,2,112
100067,53,1,1560,4,1,1,411
100198,39,1,13512,4,1,4,414
100439,15,1,1783,5,1,1,511
100459,82,1,6720,3,1,3,313
100539,102,1,2702,2,1,2,212
100790,29,1,2079,5,1,1,511
100809,63,3,20100,3,2,5,325
100840,107,1,1533,2,1,1,211
100852,43,1,18980,4,1,5,415
100894,35,1,18004,4,1,5,415
100988,82,2,2974,3,1,2,312
101161,108,1,3921,2,1,2,212
101175,32,24,132668,4,2,5,425
101483,131,1,9723,1,1,4,114
101633,16,1,9560,5,1,4,514
101747,65,1,2354,3,1,2,312
101821,18,1,10383,5,1,4,514
102019,109,2,26760,2,1,5,215
102227,6,1,10460,5,1,4,514
102454,4,1,586,5,1,1,511
102507,67,3,15117,3,2,5,325
102636,11,1,784,5,1,1,511
102676,93,1,1400,2,1,1,211
102742,115,1,54,1,1,1,111
102877,59,1,3861,3,1,2,312
102957,25,1,4995,5,1,3,513
103171,9,1,3188,5,1,2,512
103408,68,1,14684,3,1,5,315
103637,60,5,35705,3,2,5,325
103744,31,1,13350,4,1,4,414
103808,58,1,19500,4,1,5,415
103993,52,2,17560,4,1,5,415
104058,79,5,57205,3,2,5,325
104182,117,1,3854,1,1,2,112
104260,9,1,1004,5,1,1,511
104434,60,1,293,3,1,1,311
104522,91,1,4365,2,1,2,212
104560,55,1,10539,4,1,4,414
104815,127,1,2770,1,1,2,112
104850,5,1,1096,5,1,1,511
104866,49,1,2770,4,1,2,412
104929,67,1,11192,3,1,4,314
104974,121,2,14154,1,1,5,115
105003,57,1,4298,4,1,2,412
105033,106,1,2408,2,1,2,212
105090,8,1,18312,5,1,5,515
105164,84,1,2714,3,1,2,312
105283,86,1,7160,2,1,3,213
105465,20,1,7812,5,1,3,513
105552,44,1,2103,4,1,1,411
105693,32,1,6700,4,1,3,413
105729,31,1,19884,4,1,5,415
105795,100,1,4892,2,1,3,213
105857,23,1,17432,5,1,5,515
106106,127,1,4299,1,1,2,112
106381,44,1,1585,4,1,1,411
106470,84,1,4741,3,1,3,313
106515,83,1,205,3,1,1,311
106554,60,1,15172,3,1,5,315
106626,52,1,18292,4,1,5,415
106733,107,1,7521,2,1,3,213
107007,44,1,17004,4,1,5,415
107025,122,1,3920,1,1,2,112
107314,2,1,17140,5,1,5,515
107692,7,1,5610,5,1,3,513
107797,20,1,4680,5,1,3,513
107935,124,1,3832,1,1,2,112
107944,91,1,1984,2,1,1,211
107998,38,1,2826,4,1,2,412
108101,122,1,1954,1,1,1,111
108464,95,1,11583,2,1,4,214
108570,11,1,625,5,1,1,511
108759,116,1,11660,1,1,4,114
108813,23,1,7724,5,1,3,513
108868,50,1,999,4,1,1,411
108972,105,1,11676,2,1,4,214
108997,3,1,9177,5,1,4,514
109095,91,1,5799,2,1,3,213
109106,120,1,8388,1,1,4,114
109184,45,6,45614,4,2,5,425
109246,89,1,3903,2,1,2,212
109293,23,1,5314,5,1,3,513
109357,112,19,129117,1,2,5,125
109408,105,1,5586,2,1,3,213
109433,77,1,4976,3,1,3,313
109662,39,1,3682,4,1,2,412
109670,64,1,2320,3,1,2,312
109717,131,2,6192,1,1,3,113
109721,51,1,6958,4,1,3,413
109826,135,1,16580,1,1,5,115
109850,39,1,848,4,1,1,411
109926,59,1,3806,3,1,2,312
109982,73,1,2468,3,1,2,312
110014,103,1,3773,2,1,2,212
110090,26,1,1322,5,1,1,511
110227,4,1,1954,5,1,1,511
110412,48,2,19663,4,1,5,415
110481,7,1,3860,5,1,2,512
110561,20,2,25851,5,1,5,515
110606,44,1,4962,4,1,3,413
110660,26,1,3352,5,1,2,512
110905,33,1,14904,4,1,5,415
111080,59,1,4809,3,1,3,313
111209,50,1,2424,4,1,2,412
111325,87,1,8661,2,1,4,214
111382,53,1,843,4,1,1,411
111668,74,1,7503,3,1,3,313
111748,8,1,826,5,1,1,511
112167,93,1,3893,2,1,2,212
112253,33,1,1869,4,1,1,411
112257,51,1,2412,4,1,2,412
112323,92,1,73,2,1,1,211
112417,102,1,12441,2,1,4,214
112518,71,1,6372,3,1,3,313
112578,43,1,13164,4,1,4,414
112596,123,1,5548,1,1,3,113
112757,71,4,18122,3,2,5,325
112855,79,1,1484,3,1,1,311
113028,85,1,6306,2,1,3,213
113137,40,3,17190,4,2,5,425
113314,44,1,1474,4,1,1,411
113592,17,1,1168,5,1,1,511
113634,52,1,15960,4,1,5,415
113995,66,1,3300,3,1,2,312
114108,27,1,7038,5,1,3,513
114349,49,1,4962,4,1,3,413
114403,46,1,7502,4,1,3,413
114450,10,1,4658,5,1,3,513
114828,7,1,265,5,1,1,511
114903,114,1,10143,1,1,4,114
114915,42,1,7200,4,1,3,413
115055,66,1,19844,3,1,5,315
115257,42,5,32561,4,2,5,425
115417,87,1,6200,2,1,3,213
115573,31,1,1776,4,1,1,411
115977,86,1,10251,2,1,4,214
116086,123,2,24615,1,1,5,115
116095,67,2,8959,3,1,4,314
116133,92,1,1964,2,1,1,211
116236,61,1,8610,3,1,4,314
116272,85,1,3312,2,1,2,212
116322,23,1,1802,5,1,1,511
116458,58,1,3530,4,1,2,412
116728,29,1,3696,5,1,2,512
116771,28,1,1643,5,1,1,511
116830,10,1,12400,5,1,4,514
116997,81,1,4082,3,1,2,312
117236,95,1,3292,2,1,2,212
117422,117,2,28788,1,1,5,115
117436,115,1,4995,1,1,3,113
117934,88,3,9063,2,2,4,224
117973,12,1,848,5,1,1,511
118071,64,1,648,3,1,1,311
118129,81,3,21223,3,2,5,325
118200,48,1,1800,4,1,1,411
118234,27,1,9070,5,1,4,514
118274,5,1,4738,5,1,3,513
118319,14,1,1108,5,1,1,511
118450,21,2,13520,5,1,4,514
118487,105,1,12189,2,1,4,214
118543,80,1,6792,3,1,3,313
118580,113,2,8844,1,1,4,114
118594,53,1,3050,4,1,2,412
118734,103,1,2542,2,1,2,212
118831,84,1,14412,3,1,5,315
118899,70,2,4593,3,1,2,312
118926,50,1,9861,4,1,4,414
119044,12,1,2845,5,1,2,512
119084,66,1,5880,3,1,3,313
119139,29,1,3869,5,1,2,512
119168,76,1,19844,3,1,5,315
119328,88,1,5466,2,1,3,213
119362,52,1,8838,4,1,4,414
119389,52,10,59201,4,2,5,425
119446,10,1,18020,5,1,5,515
119455,135,1,9387,1,1,4,114
119531,9,1,5080,5,1,3,513
119578,26,2,6244,5,1,3,513
119770,85,1,12615,2,1,4,214
119781,28,1,21,5,1,1,511
119827,44,2,19946,4,1,5,415
120036,92,1,3168,2,1,2,212
120226,122,2,9835,1,1,4,114
120331,61,1,4053,3,1,2,312
120444,61,3,6540,3,2,3,323
120511,129,1,7024,1,1,3,113
120532,130,1,5847,1,1,3,113
120601,60,1,3336,3,1,2,312
120699,19,2,6590,5,1,3,513
120959,133,1,134,1,1,1,111
121179,85,1,3355,2,1,2,212
121214,81,1,1117,3,1,1,311
121299,66,4,50388,3,2,5,325
121320,9,2,7346,5,1,3,513
121322,108,1,2415,2,1,2,212
121370,99,1,13384,2,1,4,214
121481,6,2,825,5,1,1,511
121688,109,11,56659,2,2,5,225
121714,115,1,1592,1,1,1,111
121775,14,1,3284,5,1,2,512
121914,72,2,16970,3,1,5,315
121951,94,1,7550,2,1,3,213
122126,85,1,3720,2,1,2,212
122153,92,1,8913,2,1,4,214
122239,38,1,62,4,1,1,411
122329,50,2,8795,4,1,4,414
122337,95,1,7548,2,1,3,213
122347,18,1,1540,5,1,1,511
122385,19,1,4042,5,1,2,512
122478,13,1,10372,5,1,4,514
122552,14,1,201,5,1,1,511
122568,124,1,1765,1,1,1,111
122598,43,1,6496,4,1,3,413
122700,88,1,6312,2,1,3,213
122728,87,1,816,2,1,1,211
122929,119,1,8306,1,1,4,114
123031,106,1,3754,2,1,2,212
123036,118,2,26300,1,1,5,115
123291,112,1,14853,1,1,5,115
123533,72,1,6044,3,1,3,313
123702,101,1,3420,2,1,2,212
123724,31,1,1790,4,1,1,411
124102,90,1,11452,2,1,4,214
124114,70,1,3786,3,1,2,312
124220,34,1,1106,4,1,1,411
124269,60,2,7727,3,1,3,313
124489,25,1,7208,5,1,3,513
124511,114,1,7434,1,1,3,113
124971,28,1,4605,5,1,2,512
125048,29,1,8338,5,1,4,514
125098,9,1,16016,5,1,5,515
125197,86,1,3300,2,1,2,212
125208,108,1,11316,2,1,4,214
125307,72,1,8842,3,1,4,314
125643,66,1,6546,3,1,3,313
125651,137,1,3727,1,1,2,112
125728,57,3,7643,4,2,3,423
125769,132,2,10191,1,1,4,114
125998,55,1,1084,4,1,1,411
126139,75,1,9756,3,1,4,314
126230,9,1,5116,5,1,3,513
126393,122,1,2068,1,1,1,111
126643,18,1,4340,5,1,2,512
126771,58,1,9537,4,1,4,414
126779,136,2,8802,1,1,4,114
126834,77,3,11462,3,2,4,324
127240,113,2,13608,1,1,4,114
127366,86,1,4063,2,1,2,212
127425,85,1,16508,2,1,5,215
127452,45,2,5612,4,1,3,413
127579,12,1,10264,5,1,4,514
127718,10,1,1402,5,1,1,511
127910,106,2,6256,2,1,3,213
128066,63,1,346,3,1,1,311
128147,63,2,15388,3,1,5,315
128188,66,1,17552,3,1,5,315
128223,106,1,3270,2,1,2,212
128491,46,1,18560,4,1,5,415
128578,106,1,3994,2,1,2,212
128727,47,2,12088,4,1,4,414
129046,66,1,478,3,1,1,311
129095,128,1,14835,1,1,5,115
129198,43,1,1408,4,1,1,411
129237,114,1,7464,1,1,3,113
129434,79,1,14784,3,1,5,315
129438,119,1,3219,1,1,2,112
129443,127,1,6108,1,1,3,113
129642,38,1,2160,4,1,1,411
129689,105,1,5452,2,1,3,213
129708,54,2,28116,4,1,5,415
129811,7,1,4610,5,1,2,512
129940,74,1,4140,3,1,2,312
130028,69,2,11537,3,1,4,314
130293,81,2,6494,3,1,3,313
130294,49,1,1330,4,1,1,411
130478,128,1,4619,1,1,2,112
130492,40,3,27979,4,2,5,425
130658,45,1,15624,4,1,5,415
130847,32,1,4437,4,1,2,412
130917,91,1,4052,2,1,2,212
130968,124,1,2759,1,1,2,112
130983,22,1,9568,5,1,4,514
131371,34,3,16183,4,2,5,425
131578,91,1,18052,2,1,5,215
131595,55,1,1234,4,1,1,411
131725,118,1,10208,1,1,4,114
131764,9,1,17544,5,1,5,515
131768,12,1,7820,5,1,3,513
131861,52,1,1984,4,1,1,411
131954,89,1,4559,2,1,2,212
132066,69,1,714,3,1,1,311
132168,37,1,11361,4,1,4,414
132277,50,3,12728,4,2,4,424
132645,14,1,2742,5,1,2,512
132676,137,4,18790,1,2,5,125
132727,17,2,5416,5,1,3,513
132804,118,1,10551,1,1,4,114
132823,67,1,11320,3,1,4,314
132829,38,1,3006,4,1,2,412
132882,58,1,30,4,1,1,411
133120,88,1,1998,2,1,1,211
133166,66,2,6038,3,1,3,313
133456,10,1,2034,5,1,1,511
133632,69,1,9868,3,1,4,314
133645,87,1,7052,2,1,3,213
133777,101,1,1534,2,1,1,211
133817,15,1,12012,5,1,4,514
134169,101,1,18292,2,1,5,215
134248,13,1,4065,5,1,2,512
134290,84,1,2711,3,1,2,312
134360,46,1,11835,4,1,4,414
134407,39,4,17725,4,2,5,425
134524,84,1,387,3,1,1,311
134586,119,1,918,1,1,1,111
134685,51,1,9534,4,1,4,414
134805,15,1,2499,5,1,2,512
134868,39,1,926,4,1,1,411
135153,60,1,1302,3,1,1,311
135201,88,1,2075,2,1,1,211
135511,84,1,17516,3,1,5,315
135719,3,4,16936,5,2,5,525
135738,64,1,9376,3,1,4,314
135931,71,1,17672,3,1,5,315
135997,130,1,7204,1,1,3,113
136002,21,1,2338,5,1,2,512
136280,65,1,2321,3,1,2,312
136630,115,1,4146,1,1,2,112
136855,67,1,1898,3,1,1,311
136903,118,1,6682,1,1,3,113
137011,47,2,26455,4,1,5,415
137057,21,1,508,5,1,1,511
137110,84,1,2660,3,1,2,312
137223,71,1,584,3,1,1,311
137285,44,2,17274,4,1,5,415
137452,18,1,6831,5,1,3,513
137613,48,1,7779,4,1,3,413
137876,21,2,5944,5,1,3,513
138021,29,3,17542,5,2,5,525
138131,78,173,1203252,3,2,5,325
138304,66,1,9819,3,1,4,314
138322,39,1,13653,4,1,5,415
138391,113,1,14514,1,1,5,115
138458,35,1,5384,4,1,3,413
138992,86,1,14376,2,1,5,215
139064,108,1,5240,2,1,3,213
139392,103,1,4358,2,1,2,212
139696,122,2,28431,1,1,5,115
139805,28,1,5442,5,1,3,513
139850,24,5,31773,5,2,5,525
139891,25,1,2660,5,1,2,512
140115,73,1,937,3,1,1,311
140378,122,1,17760,1,1,5,115
140568,87,1,3328,2,1,2,212
140572,51,1,7200,4,1,3,413
140810,8,1,1422,5,1,1,511
140884,46,1,2722,4,1,2,412
141016,121,1,3196,1,1,2,112
141135,45,1,9904,4,1,4,414
141660,7,1,548,5,1,1,511
141701,137,1,9381,1,1,4,114
141790,21,1,6888,5,1,3,513
141812,27,1,14628,5,1,5,515
141819,19,1,19,5,1,1,511
141889,88,1,12771,2,1,4,214
141905,28,1,8751,5,1,4,514
142099,45,1,13056,4,1,4,414
142284,11,1,12808,5,1,4,514
142511,114,1,1348,1,1,1,111
142611,40,1,1264,4,1,1,411
142649,84,1,19080,3,1,5,315
142785,121,2,17960,1,1,5,115
143054,51,1,1000,4,1,1,411
143059,76,3,16240,3,2,5,325
143136,120,1,4704,1,1,3,113
143174,18,1,5080,5,1,3,513
143229,49,1,2427,4,1,2,412
143361,47,1,6922,4,1,3,413
143411,38,1,2958,4,1,2,412
143585,63,1,1601,3,1,1,311
143630,93,1,15100,2,1,5,215
143679,105,1,4707,2,1,3,213
143811,32,1,4445,4,1,2,412
144274,98,2,6946,2,1,3,213
144291,6,1,11304,5,1,4,514
144378,46,1,2814,4,1,2,412
144508,133,1,3688,1,1,2,112
144513,23,2,9998,5,1,4,514
144730,87,1,3392,2,1,2,212
144849,42,5,35637,4,2,5,425
145261,45,2,5458,4,1,3,413
145274,111,3,28526,2,2,5,225
145473,128,2,18568,1,1,5,115
145492,65,1,2145,3,1,1,311
145494,15,1,11277,5,1,4,514
145611,137,1,6066,1,1,3,113
145936,100,2,7368,2,1,3,213
146419,136,1,5691,1,1,3,113
146458,50,1,772,4,1,1,411
146479,76,1,2354,3,1,2,312
146505,15,1,3095,5,1,2,512
146522,136,1,3016,1,1,2,112
146547,37,2,3301,4,1,2,412
146643,53,4,14896,4,2,5,425
146698,99,5,10972,2,2,4,224
146997,68,1,2120,3,1,1,311
147096,137,1,9231,1,1,4,114
147248,58,2,11835,4,1,4,414
147290,81,1,705,3,1,1,311
147585,87,1,10988,2,1,4,214
147808,45,1,4858,4,1,3,413
147954,107,1,5330,2,1,3,213
148192,90,1,7326,2,1,3,213
148227,51,1,7100,4,1,3,413
148244,4,1,1236,5,1,1,511
148264,137,1,594,1,1,1,111
148402,81,1,786,3,1,1,311
148453,85,1,2948,2,1,2,212
148485,69,1,5838,3,1,3,313
148531,65,1,2813,3,1,2,312
148602,115,1,7476,1,1,3,113
148615,36,1,6204,4,1,3,413
148658,135,1,1208,1,1,1,111
148811,101,1,6026,2,1,3,213
148853,135,1,2175,1,1,1,111
148923,28,1,7845,5,1,3,513
149166,85,1,13636,2,1,5,215
149194,107,1,6525,2,1,3,213
149420,54,1,16944,4,1,5,415
149673,114,1,12531,1,1,4,114
149854,108,4,10031,2,2,4,224
149978,101,3,13104,2,2,4,224
149990,96,1,662,2,1,1,211
150133,112,1,1848,1,1,1,111
150184,31,1,11364,4,1,4,414
150421,77,1,4875,3,1,3,313
150651,50,8,59529,4,2,5,425
150737,94,1,2477,2,1,2,212
150928,85,1,9498,2,1,4,214
150983,67,1,1234,3,1,1,311
151077,16,1,5751,5,1,3,513
151138,37,1,4317,4,1,2,412
151280,28,1,2588,5,1,2,512
151448,73,1,14892,3,1,5,315
151476,63,2,3671,3,1,2,312
151498,107,1,10024,2,1,4,214
151740,93,1,615,2,1,1,211
151847,130,1,2748,1,1,2,112
152089,29,1,12813,5,1,4,514
152357,51,2,17148,4,1,5,415
152381,125,1,11850,1,1,4,114
152404,128,1,1982,1,1,1,111
152420,84,4,38775,3,2,5,325
152693,30,4,34428,5,2,5,525
152793,24,1,9814,5,1,4,514
152887,60,1,3366,3,1,2,312
152891,80,1,2765,3,1,2,312
152902,2,1,9729,5,1,4,514
152963,0,349,2165150,5,2,5,525
153018,18,1,10332,5,1,4,514
153118,2,3,34196,5,2,5,525
153121,7,1,6466,5,1,3,513
153312,16,1,4396,5,1,2,512
153431,125,1,1460,1,1,1,111
153514,29,1,1831,5,1,1,511
153536,47,1,10832,4,1,4,414
153711,136,2,7367,1,1,3,113
153780,46,2,1099,4,1,1,411
153934,66,1,17596,3,1,5,315
154116,57,2,8940,4,1,4,414
154155,3,1,11286,5,1,4,514
154217,87,3,2579,2,2,2,222
154352,55,1,4397,4,1,2,412
154454,106,1,1065,2,1,1,211
154476,99,1,626,2,1,1,211
154503,37,1,3270,4,1,2,412
154559,45,1,1138,4,1,1,411
154613,73,1,5032,3,1,3,313
154662,131,1,4809,1,1,3,113
154689,114,2,12873,1,1,4,114
154766,98,1,3855,2,1,2,212
154771,52,1,5392,4,1,3,413
154919,59,3,22464,3,2,5,325
154959,76,1,3693,3,1,2,312
154970,88,3,15579,2,2,5,225
155060,3,1,1137,5,1,1,511
155086,24,6,31749,5,2,5,525
155171,128,1,4708,1,1,3,113
155278,96,1,4361,2,1,2,212
155340,8,1,2326,5,1,2,512
155701,125,1,9448,1,1,4,114
155977,7,1,936,5,1,1,511
156002,100,1,5064,2,1,3,213
156036,21,1,3023,5,1,2,512
156382,30,1,18556,5,1,5,515
156391,80,1,3234,3,1,2,312
156453,114,1,927,1,1,1,111
156622,137,1,217,1,1,1,111
156674,44,1,5186,4,1,3,413
156700,85,1,1070,2,1,1,211
156883,10,1,10700,5,1,4,514
156957,136,2,9510,1,1,4,114
156973,107,1,4322,2,1,2,212
157119,115,2,12771,1,1,4,114
157122,59,1,9702,3,1,4,314
157195,24,1,1372,5,1,1,511
157419,98,6,39719,2,2,5,225
157482,29,1,3324,5,1,2,512
157614,117,1,6176,1,1,3,113
157616,51,1,1850,4,1,1,411
157737,135,1,15232,1,1,5,115
157882,62,1,5320,3,1,3,313
157998,69,1,2813,3,1,2,312
158090,108,1,7856,2,1,3,213
158161,30,1,2385,5,1,2,512
158287,124,1,11961,1,1,4,114
158456,92,1,4546,2,1,2,212
158533,100,2,6816,2,1,3,213
158558,56,2,15309,4,1,5,415
158701,34,4,17166,4,2,5,425
158720,55,3,12954,4,2,4,424
159004,88,1,12768,2,1,4,214
159030,59,1,692,3,1,1,311
159619,71,2,5255,3,1,3,313
159827,34,1,8280,4,1,3,413
160095,88,1,2771,2,1,2,212
160369,39,1,3378,4,1,2,412
160371,119,1,6792,1,1,3,113
160561,73,1,411,3,1,1,311
160821,25,1,14994,5,1,5,515
160862,71,1,3568,3,1,2,312
161047,85,1,1617,2,1,1,211
161529,108,1,8788,2,1,4,214
161617,88,3,7869,2,2,3,223
161626,29,1,9684,5,1,4,514
161675,78,1,7722,3,1,3,313
161883,60,1,1824,3,1,1,311
161926,133,2,8136,1,1,3,113
162009,4,1,9472,5,1,4,514
162313,45,1,14392,4,1,5,415
162385,129,2,15349,1,1,5,115
162448,130,1,9204,1,1,4,114
162576,68,1,5844,3,1,3,313
162815,109,1,4641,2,1,2,212
162932,28,1,2044,5,1,1,511
163049,14,3,31368,5,2,5,525
163083,64,2,15203,3,1,5,315
163156,44,2,16984,4,1,5,415
163365,120,1,4936,1,1,3,113
163561,106,92,571762,2,2,5,225
163632,70,2,7100,3,1,3,313
163691,7,1,1644,5,1,1,511
163700,77,1,11307,3,1,4,314
163711,72,5,30085,3,2,5,325
163836,67,1,1297,3,1,1,311
164002,73,2,13002,3,1,4,314
164303,63,1,1720,3,1,1,311
164630,94,1,7642,2,1,3,213
164985,117,1,17300,1,1,5,115
164995,96,2,24280,2,1,5,215
165003,30,1,8774,5,1,4,514
165257,14,1,6356,5,1,3,513
165440,70,1,2084,3,1,1,311
165696,86,1,544,2,1,1,211
165710,22,1,10185,5,1,4,514
165718,91,1,9550,2,1,4,214
165843,51,4,18302,4,2,5,425
166027,24,2,4788,5,1,3,513
166173,106,1,5420,2,1,3,213
166371,109,1,3167,2,1,2,212
166590,73,4,25197,3,2,5,325
166605,6,1,3801,5,1,2,512
166787,127,1,3025,1,1,2,112
167086,4,1,6692,5,1,3,513
167101,42,1,10902,4,1,4,414
167336,11,1,3995,5,1,2,512
167394,8,1,2458,5,1,2,512
167489,108,2,17748,2,1,5,215
167506,38,1,1182,4,1,1,411
167511,73,3,3965,3,2,2,322
167556,101,1,19312,2,1,5,215
167876,100,1,8754,2,1,4,214
167887,11,1,1590,5,1,1,511
168008,118,1,14748,1,1,5,115
168135,3,1,15644,5,1,5,515
168272,133,1,1347,1,1,1,111
168289,137,1,2235,1,1,1,111
168505,63,1,2324,3,1,2,312
168684,81,1,624,3,1,1,311
168685,107,6,49713,2,2,5,225
168761,97,1,14325,2,1,5,215
168889,94,1,10383,2,1,4,214
168932,18,1,9774,5,1,4,514
169103,119,1,3580,1,1,2,112
169111,116,1,1260,1,1,1,111
169151,17,8,69306,5,2,5,525
169328,67,1,2601,3,1,2,312
169369,136,4,36781,1,2,5,125
169436,61,1,1228,3,1,1,311
169486,68,2,9504,3,1,4,314
169576,26,1,16236,5,1,5,515
169589,94,3,37062,2,2,5,225
169803,58,1,9020,4,1,4,414
169902,13,1,2958,5,1,2,512
170096,128,1,19032,1,1,5,115
170130,8,1,14728,5,1,5,515
170470,133,14,80110,1,2,5,125
170618,102,2,7235,2,1,3,213
170791,3,2,18035,5,1,5,515
171070,67,1,361,3,1,1,311
171135,79,3,18225,3,2,5,325
171174,64,1,7648,3,1,3,313
171308,73,1,617,3,1,1,311
171376,3,2,9076,5,1,4,514
171457,91,1,887,2,1,1,211
171560,136,1,7308,1,1,3,113
171598,132,1,4712,1,1,3,113
171688,42,1,4119,4,1,2,412
171693,136,1,7592,1,1,3,113
171718,7,33,192381,5,2,5,525
171743,86,1,7722,2,1,3,213
171785,29,1,19320,5,1,5,515
172015,28,1,8752,5,1,4,514
172104,31,1,4794,4,1,3,413
172132,61,1,972,3,1,1,311
172244,111,1,2301,2,1,2,212
172467,9,2,10907,5,1,4,514
172623,100,1,6260,2,1,3,213
172634,138,1,3930,1,1,2,112
173019,45,1,7320,4,1,3,413
173056,60,5,6778,3,2,3,323
173405,74,1,7252,3,1,3,313
173494,22,1,2704,5,1,2,512
173517,17,1,496,5,1,1,511
173657,4,2,8698,5,1,4,514
173863,3,31,156019,5,2,5,525
173931,51,2,13770,4,1,5,415
174405,52,1,12508,4,1,4,414
174494,86,1,17156,2,1,5,215
174823,6,1,11272,5,1,4,514
174972,53,11,64310,4,2,5,425
174983,136,1,2890,1,1,2,112
175106,46,2,11268,4,1,4,414
175586,84,1,8690,3,1,4,314
175709,45,1,2188,4,1,1,411
175771,62,1,2800,3,1,2,312
175801,56,13,114346,4,2,5,425
175822,70,1,10148,3,1,4,314
175888,9,1,14886,5,1,5,515
175890,8,3,12570,5,2,4,524
175940,45,1,3320,4,1,2,412
176153,58,1,1512,4,1,1,411
176356,19,1,11022,5,1,4,514
176379,138,1,842,1,1,1,111
176491,126,1,11392,1,1,4,114
176615,117,1,938,1,1,1,111
176878,131,2,9310,1,1,4,114
176892,125,1,6236,1,1,3,113
176939,41,1,1928,4,1,1,411
176986,73,1,17808,3,1,5,315
177211,17,8,60616,5,2,5,525
177257,4,1,2261,5,1,1,511
177488,127,1,14540,1,1,5,115
177537,80,1,19636,3,1,5,315
177547,124,1,2229,1,1,1,111
178066,109,1,5274,2,1,3,213
178281,33,1,1236,4,1,1,411
178888,64,1,7443,3,1,3,313
178902,77,5,24064,3,2,5,325
178925,127,1,17976,1,1,5,115
179034,81,1,6320,3,1,3,313
179091,114,1,11668,1,1,4,114
179210,47,1,1234,4,1,1,411
179314,77,3,12874,3,2,4,324
179353,33,2,12448,4,1,4,414
179362,45,1,15640,4,1,5,415
179448,96,1,4018,2,1,2,212
179772,85,3,9824,2,2,4,224
179972,27,1,3874,5,1,2,512
180133,136,1,3996,1,1,2,112
180275,30,1,3740,5,1,2,512
180504,113,1,7548,1,1,3,113
180648,45,1,8978,4,1,4,414
180776,58,1,18044,4,1,5,415
180810,135,1,1326,1,1,1,111
180818,46,1,146,4,1,1,411
181041,131,1,344,1,1,1,111
181252,134,1,7962,1,1,3,113
181318,100,1,6452,2,1,3,213
181723,80,1,8946,3,1,4,314
181727,43,1,13156,4,1,4,414
181771,84,1,5796,3,1,3,313
181889,127,1,11466,1,1,4,114
181972,81,1,4188,3,1,2,312
182047,86,1,7340,2,1,3,213
182055,95,2,19342,2,1,5,215
182143,135,3,21571,1,2,5,125
182156,113,4,27615,1,2,5,125
182406,31,1,4875,4,1,3,413
182428,25,1,3164,5,1,2,512
182451,29,1,271,5,1,1,511
182582,80,1,2454,3,1,2,312
182637,7,1,10578,5,1,4,514
182994,38,1,1408,4,1,1,411
183206,119,1,4909,1,1,3,113
183620,111,1,15124,2,1,5,215
184607,79,1,5240,3,1,3,313
184974,105,1,1890,2,1,1,211
185025,134,1,2796,1,1,2,112
185172,122,2,18732,1,1,5,115
185242,127,1,7710,1,1,3,113
185269,110,1,8126,2,1,3,213
185483,120,1,8424,1,1,4,114
185552,115,1,6831,1,1,3,113
185564,118,5,17951,1,2,5,125
185643,124,1,876,1,1,1,111
185790,86,3,18945,2,2,5,225
185928,82,2,10410,3,1,4,314
185947,75,1,11160,3,1,4,314
185971,37,1,3906,4,1,2,412
186080,75,1,19040,3,1,5,315
186223,49,1,1676,4,1,1,411
186445,92,1,8156,2,1,3,213
186588,103,1,6834,2,1,3,213
186733,97,1,1362,2,1,1,211
186774,11,1,15004,5,1,5,515
186927,53,10,82234,4,2,5,425
187035,42,2,7852,4,1,3,413
187196,36,1,4558,4,1,2,412
187302,106,1,162,2,1,1,211
187327,84,1,4998,3,1,3,313
187404,129,1,10196,1,1,4,114
187536,18,1,4934,5,1,3,513
187991,15,2,24042,5,1,5,515
188096,102,1,894,2,1,1,211
188116,36,10,38191,4,2,5,425
188120,117,1,10650,1,1,4,114
188270,16,1,8406,5,1,4,514
188684,60,1,12688,3,1,4,314
188716,118,1,632,1,1,1,111
189240,106,2,12462,2,1,4,214
189377,74,1,12916,3,1,4,314
189381,10,1,274,5,1,1,511
189384,109,2,15489,2,1,5,215
189473,58,1,5084,4,1,3,413
189702,12,1,4860,5,1,3,513
189838,25,1,5010,5,1,3,513
189934,49,1,4934,4,1,3,413
190037,47,1,13401,4,1,4,414
190159,93,1,1737,2,1,1,211
190644,19,1,3366,5,1,2,512
190672,138,3,23856,1,2,5,125
190678,17,1,10755,5,1,4,514
190756,116,1,8128,1,1,3,113
190867,118,1,1383,1,1,1,111
190940,104,1,590,2,1,1,211
191153,70,1,9890,3,1,4,314
191439,109,1,11736,2,1,4,214
191448,47,1,2648,4,1,2,412
191477,35,2,6842,4,1,3,413
191576,35,1,8208,4,1,3,413
191632,21,1,118,5,1,1,511
191637,25,8,28831,5,2,5,525
191886,65,2,9639,3,1,4,314
191952,121,1,2161,1,1,1,111
191994,120,1,108,1,1,1,111
192030,78,1,7334,3,1,3,313
192298,45,1,3322,4,1,2,412
192352,47,2,784,4,1,1,411
192511,54,1,10215,4,1,4,414
192595,93,1,3819,2,1,2,212
192619,35,1,11496,4,1,4,414
192890,66,6,28914,3,2,5,325
193036,103,1,18740,2,1,5,215
193126,87,1,5552,2,1,3,213
193268,67,1,5136,3,1,3,313
193622,67,1,8324,3,1,4,314
193864,18,1,57,5,1,1,511
193924,95,1,9672,2,1,4,214
193936,38,1,7080,4,1,3,413
194416,113,1,570,1,1,1,111
194560,71,1,7496,3,1,3,313
194644,25,1,9364,5,1,4,514
194818,76,1,17588,3,1,5,315
195248,100,1,6392,2,1,3,213
195534,127,1,618,1,1,1,111
195623,100,1,4576,2,1,2,212
195657,36,1,12795,4,1,4,414
195721,113,2,10262,1,1,4,114
195807,86,1,4834,2,1,3,213
195911,63,1,1008,3,1,1,311
195919,45,1,576,4,1,1,411
196024,31,3,13224,4,2,4,424
196046,108,1,1840,2,1,1,211
196080,94,1,340,2,1,1,211
196114,115,1,3795,1,1,2,112
196128,106,2,24744,2,1,5,215
196181,85,5,30864,2,2,5,225
196502,108,1,9482,2,1,4,214
196902,72,1,7192,3,1,3,313
197230,134,1,5920,1,1,3,113
197290,45,1,8514,4,1,4,414
197366,72,1,5602,3,1,3,313
197491,45,1,1290,4,1,1,411
197547,123,1,7566,1,1,3,113
197548,129,1,13263,1,1,4,114
197559,132,1,16000,1,1,5,115
197591,97,1,336,2,1,1,211
197686,96,2,4302,2,1,2,212
197879,130,1,15864,1,1,5,115
197926,10,1,4692,5,1,3,513
197971,70,1,6288,3,1,3,313
198045,41,2,10778,4,1,4,414
198145,98,1,3097,2,1,2,212
198153,15,10,81558,5,2,5,525
198270,2,104,673650,5,2,5,525
198299,66,1,4225,3,1,2,312
198573,16,4,19881,5,2,5,525
198764,102,1,12416,2,1,4,214
198921,72,1,1351,3,1,1,311
199033,35,1,5220,4,1,3,413
199153,26,1,1341,5,1,1,511
199297,79,1,6099,3,1,3,313
199473,64,1,765,3,1,1,311
199880,102,1,1204,2,1,1,211
199919,128,1,6940,1,1,3,113
199929,116,1,3900,1,1,2,112
200073,65,2,8556,3,1,4,314
200161,136,1,1016,1,1,1,111
200262,72,1,19304,3,1,5,315
200329,128,1,4920,1,1,3,113
200442,85,2,20994,2,1,5,215
200454,38,1,7632,4,1,3,413
200559,53,4,16016,4,2,5,425
200742,39,1,13328,4,1,4,414
200824,77,1,1619,3,1,1,311
201005,125,1,4699,1,1,3,113
201024,87,1,3246,2,1,2,212
201183,36,2,25360,4,1,5,415
201495,134,3,24591,1,2,5,125
201690,84,1,5836,3,1,3,313
201718,94,1,2794,2,1,2,212
202009,136,1,5516,1,1,3,113
202080,34,2,14336,4,1,5,415
202290,81,1,6678,3,1,3,313
202410,74,1,250,3,1,1,311
202449,118,1,884,1,1,1,111
202825,24,1,11226,5,1,4,514
202835,44,1,315,4,1,1,411
203017,37,2,13686,4,1,5,415
203051,123,3,13514,1,2,4,124
203197,24,1,4606,5,1,2,512
203225,67,1,2352,3,1,2,312
203482,113,1,3220,1,1,2,112
203490,66,3,23265,3,2,5,325
203525,20,1,4774,5,1,3,513
203561,134,1,2649,1,1,2,112
203639,114,2,10856,1,1,4,114
203828,26,2,11542,5,1,4,514
203851,64,1,4611,3,1,2,312
203955,19,1,2808,5,1,2,512
203974,50,1,2918,4,1,2,412
204097,77,1,4387,3,1,2,312
204101,61,1,6992,3,1,3,313
204180,136,2,8103,1,1,3,113
204276,42,1,5200,4,1,3,413
204328,44,1,6324,4,1,3,413
204341,80,1,2784,3,1,2,312
204392,83,1,3120,3,1,2,312
204458,69,1,2176,3,1,1,311
204496,81,1,4192,3,1,2,312
204831,93,1,1714,2,1,1,211
204853,35,1,1343,4,1,1,411
204995,91,1,2545,2,1,2,212
205085,88,1,14120,2,1,5,215
205139,93,1,13005,2,1,4,214
205203,6,1,100,5,1,1,511
205453,16,1,764,5,1,1,511
205501,46,1,4892,4,1,3,413
206021,135,1,7796,1,1,3,113
206078,121,1,9783,1,1,4,114
206238,87,1,608,2,1,1,211
206291,34,1,9016,4,1,4,414
207043,105,1,4785,2,1,3,213
207157,72,1,4974,3,1,3,313
207360,13,1,14136,5,1,5,515
207663,25,3,36333,5,2,5,525
207737,124,1,5488,1,1,3,113
207917,107,1,3312,2,1,2,212
208352,31,1,3912,4,1,2,412
208452,85,1,1385,2,1,1,211
208539,74,1,10623,3,1,4,314
208560,106,2,16730,2,1,5,215
208662,11,3,19073,5,2,5,525
208678,108,1,5436,2,1,3,213
208998,133,1,2816,1,1,2,112
209170,116,1,4746,1,1,3,113
209317,35,1,4934,4,1,3,413
209372,72,1,10380,3,1,4,314
209395,44,1,5376,4,1,3,413
209415,26,1,12288,5,1,4,514
209453,43,1,2904,4,1,2,412
209550,39,1,4535,4,1,2,412
209557,60,1,324,3,1,1,311
209591,125,1,2790,1,1,2,112
209895,6,1,14613,5,1,5,515
209918,134,2,7201,1,1,3,113
209959,123,1,4380,1,1,2,112
209964,126,3,19713,1,2,5,125
210176,126,1,16484,1,1,5,115
210282,67,1,2436,3,1,2,312
210349,52,1,1779,4,1,1,411
210388,115,1,1626,1,1,1,111
210644,63,4,32492,3,2,5,325
210860,129,1,490,1,1,1,111
211122,20,1,17928,5,1,5,515
211130,42,1,4419,4,1,2,412
211211,127,1,7215,1,1,3,113
211269,105,1,3417,2,1,2,212
211278,93,1,13452,2,1,4,214
211300,83,1,2475,3,1,2,312
211412,48,2,16914,4,1,5,415
211550,78,1,1172,3,1,1,311
211574,98,2,12445,2,1,4,214
211590,114,1,13941,1,1,5,115
211706,59,3,29038,3,2,5,325
211887,88,1,14625,2,1,5,215
212213,54,1,3155,4,1,2,412
212442,133,2,7120,1,1,3,113
212610,72,1,7401,3,1,3,313
212886,35,1,4628,4,1,2,412
213089,97,1,9668,2,1,4,214
213098,103,1,3821,2,1,2,212
213137,79,1,3544,3,1,2,312
213145,102,18,95507,2,2,5,225
213213,132,1,207,1,1,1,111
213240,108,1,6952,2,1,3,213
213276,76,2,34832,3,1,5,315
213323,23,1,10065,5,1,4,514
213330,45,1,3387,4,1,2,412
213378,25,1,2123,5,1,1,511
213393,92,1,13593,2,1,4,214
213467,38,1,7342,4,1,3,413
213518,77,1,4682,3,1,3,313
213865,42,1,8823,4,1,4,414
213901,7,1,3433,5,1,2,512
213910,91,1,7494,2,1,3,213
214083,45,1,2829,4,1,2,412
214105,38,2,11443,4,1,4,414
214193,31,2,11264,4,1,4,414
214421,134,1,12324,1,1,4,114
214426,73,1,4916,3,1,3,313
214479,14,5,28958,5,2,5,525
214762,93,1,3104,2,1,2,212
214786,53,1,1994,4,1,1,411
214957,78,1,7080,3,1,3,313
214985,129,1,585,1,1,1,111
215049,53,6,26003,4,2,5,425
215082,53,1,2372,4,1,2,412
215257,80,1,2540,3,1,2,312
215474,89,1,448,2,1,1,211
215703,55,1,4353,4,1,2,412
215902,110,1,17808,2,1,5,215
216020,60,1,580,3,1,1,311
216160,129,1,8912,1,1,4,114
216471,68,2,9411,3,1,4,314
216650,137,1,120,1,1,1,111
216662,12,2,23340,5,1,5,515
216984,64,1,2736,3,1,2,312
216994,83,1,3697,3,1,2,312
217089,95,1,2192,2,1,1,211
217214,92,1,6088,2,1,3,213
217419,40,2,20586,4,1,5,415
217712,93,1,3214,2,1,2,212
217773,109,1,8788,2,1,4,214
217982,93,1,854,2,1,1,211
218081,77,1,3358,3,1,2,312
218217,133,2,1105,1,1,1,111
218274,42,1,11349,4,1,4,414
218469,71,1,4609,3,1,2,312
218640,91,1,144,2,1,1,211
218648,36,22,129242,4,2,5,425
218658,18,1,3963,5,1,2,512
218828,21,6,38072,5,2,5,525
218871,124,1,4505,1,1,2,112
219013,123,1,5356,1,1,3,113
219105,63,1,4149,3,1,2,312
219332,80,1,6230,3,1,3,313
219588,11,2,23162,5,1,5,515
219768,10,1,5072,5,1,3,513
219788,66,13,43711,3,2,5,325
219874,30,1,9922,5,1,4,514
219932,43,1,16120,4,1,5,415
220099,24,1,17832,5,1,5,515
220296,89,1,2940,2,1,2,212
220300,23,1,9675,5,1,4,514
220379,125,1,4866,1,1,3,113
220386,124,1,1103,1,1,1,111
220404,79,1,1563,3,1,1,311
220481,46,1,16964,4,1,5,415
220840,73,4,8779,3,2,4,324
220911,87,1,4219,2,1,2,212
220948,115,1,4329,1,1,2,112
221046,86,1,10041,2,1,4,214
221055,74,1,7731,3,1,3,313
221099,97,2,26826,2,1,5,215
221176,137,1,232,1,1,1,111
221190,106,1,2968,2,1,2,212
221211,60,1,243,3,1,1,311
221249,118,3,19204,1,2,5,125
221331,14,1,12092,5,1,4,514
221662,1,1,248,5,1,1,511
221764,117,1,19124,1,1,5,115
221809,113,1,8228,1,1,3,113
221868,15,2,8940,5,1,4,514
221900,101,1,5817,2,1,3,213
221998,68,1,4866,3,1,3,313
222046,77,17,73142,3,2,5,325
222174,74,2,3528,3,1,2,312
222350,128,2,14798,1,1,5,115
222411,39,1,3552,4,1,2,412
222425,39,1,2467,4,1,2,412
222459,130,1,9888,1,1,4,114
222475,52,1,2224,4,1,1,411
222534,81,1,6500,3,1,3,313
222570,71,1,1286,3,1,1,311
222575,78,1,925,3,1,1,311
222696,94,1,7204,2,1,3,213
223283,78,1,7192,3,1,3,313
223303,130,1,7658,1,1,3,113
223493,58,1,2754,4,1,2,412
223972,37,1,56,4,1,1,411
223996,126,2,21288,1,1,5,115
224248,33,1,2148,4,1,1,411
224497,110,1,9224,2,1,4,214
224553,8,1,6420,5,1,3,513
224732,47,3,24167,4,2,5,425
224773,74,1,1786,3,1,1,311
224777,53,2,7972,4,1,3,413
224781,15,1,1822,5,1,1,511
224841,96,1,2222,2,1,1,211
224855,53,2,20740,4,1,5,415
224928,93,3,24460,2,2,5,225
225006,135,1,6609,1,1,3,113
225030,48,1,12932,4,1,4,414
225043,41,2,8157,4,1,3,413
225053,87,1,18752,2,1,5,215
225109,61,1,15488,3,1,5,315
225267,10,1,1972,5,1,1,511
225607,46,1,2025,4,1,1,411
225633,20,1,4881,5,1,3,513
225737,136,1,3531,1,1,2,112
225810,27,1,3684,5,1,2,512
225852,64,2,16512,3,1,5,315
225865,92,1,927,2,1,1,211
225936,34,1,14392,4,1,5,415
225990,100,1,2004,2,1,1,211
226068,123,1,1224,1,1,1,111
226075,106,1,486,2,1,1,211
226080,40,1,1142,4,1,1,411
226088,81,1,14865,3,1,5,315
226117,119,1,2388,1,1,2,112
226251,55,1,2000,4,1,1,411
226296,35,1,6202,4,1,3,413
226308,98,1,3069,2,1,2,212
226445,14,2,24652,5,1,5,515
226547,108,1,2712,2,1,2,212
226726,83,1,6950,3,1,3,313
226943,124,1,3166,1,1,2,112
226999,46,1,2504,4,1,2,412
227054,126,1,450,1,1,1,111
227091,113,53,265628,1,2,5,125
227174,93,1,1720,2,1,1,211
227343,58,1,16184,4,1,5,415
227571,128,1,4089,1,1,2,112
227781,7,4,15613,5,2,5,525
227926,17,5,21648,5,2,5,525
228040,119,1,11973,1,1,4,114
228175,67,1,468,3,1,1,311
228280,113,2,16682,1,1,5,115
228608,6,1,580,5,1,1,511
228610,130,1,485,1,1,1,111
228703,106,1,10784,2,1,4,214
229076,52,1,2058,4,1,1,411
229157,112,1,8572,1,1,4,114
229291,67,1,9924,3,1,4,314
229321,95,1,13892,2,1,5,215
229432,46,1,2776,4,1,2,412
229502,13,1,3819,5,1,2,512
229737,126,2,8942,1,1,4,114
229841,59,1,3222,3,1,2,312
229868,72,1,4833,3,1,3,313
229872,116,1,10251,1,1,4,114
230215,3,3,17564,5,2,5,525
230233,80,1,3736,3,1,2,312
230237,70,2,10273,3,1,4,314
230380,115,1,3673,1,1,2,112
230478,114,1,12855,1,1,4,114
230498,93,1,3148,2,1,2,212
230526,74,1,11580,3,1,4,314
230847,48,1,2104,4,1,1,411
231047,55,2,18708,4,1,5,415
231131,26,1,11920,5,1,4,514
231156,54,1,832,4,1,1,411
231275,94,1,14226,2,1,5,215
231565,137,1,1012,1,1,1,111
231570,24,2,14425,5,1,5,515
231740,74,1,2877,3,1,2,312
231908,33,1,1153,4,1,1,411
232097,72,1,14424,3,1,5,315
232133,111,1,2740,2,1,2,212
232227,134,1,14140,1,1,5,115
232235,126,1,4053,1,1,2,112
232275,116,1,1194,1,1,1,111
232278,73,1,1506,3,1,1,311
232309,63,4,18369,3,2,5,325
232337,98,1,11022,2,1,4,214
232491,101,1,4421,2,1,2,212
232605,127,1,3665,1,1,2,112
232636,57,1,2303,4,1,2,412
233038,62,1,19880,3,1,5,315
233054,65,1,2442,3,1,2,312
233092,29,1,2196,5,1,1,511
233156,92,1,2674,2,1,2,212
233297,54,3,15716,4,2,5,425
233323,28,1,6226,5,1,3,513
233349,96,1,3531,2,1,2,212
233733,13,1,3136,5,1,2,512
233862,134,1,867,1,1,1,111
233899,101,1,4708,2,1,3,213
233979,93,12,78372,2,2,5,225
234161,112,1,18656,1,1,5,115
234318,135,1,4065,1,1,2,112
234475,114,1,2349,1,1,2,112
234593,40,2,19188,4,1,5,415
234870,119,1,1042,1,1,1,111
234941,130,2,18964,1,1,5,115
235067,81,1,2788,3,1,2,312
235387,87,1,3232,2,1,2,212
235392,127,2,11942,1,1,4,114
235460,2,1,6476,5,1,3,513
235498,59,1,2342,3,1,2,312
235560,137,1,4768,1,1,3,113
235606,81,1,5325,3,1,3,313
235906,114,1,3650,1,1,2,112
236158,81,1,7326,3,1,3,313
236211,97,1,2132,2,1,1,211
236213,30,2,18875,5,1,5,515
236229,67,1,17704,3,1,5,315
236392,75,1,3534,3,1,2,312
236507,134,1,6712,1,1,3,113
236545,65,2,14661,3,1,5,315
236747,33,1,5270,4,1,3,413
236800,99,1,960,2,1,1,211
236963,22,1,1654,5,1,1,511
237072,13,1,8936,5,1,4,514
237262,71,1,11108,3,1,4,314
237278,136,1,519,1,1,1,111
237286,70,1,9562,3,1,4,314
237326,78,2,14585,3,1,5,315
237408,124,1,7140,1,1,3,113
237434,87,1,3520,2,1,2,212
237467,1,1,12744,5,1,4,514
237497,125,1,19016,1,1,5,115
237521,125,1,9800,1,1,4,114
237573,56,1,29,4,1,1,411
237614,102,1,1074,2,1,1,211
237865,63,3,18296,3,2,5,325
237886,4,1,4628,5,1,2,512
238199,42,2,5470,4,1,3,413
238270,1,1,11037,5,1,4,514
238300,49,1,2922,4,1,2,412
238432,8,1,4536,5,1,2,512
238437,62,1,9855,3,1,4,314
238442,88,1,740,2,1,1,211
238511,103,1,9939,2,1,4,214
238722,66,1,2176,3,1,1,311
238781,40,1,927,4,1,1,411
238831,127,1,7308,1,1,3,113
238847,116,1,3111,1,1,2,112
239279,17,1,4558,5,1,2,512
239319,100,1,372,2,1,1,211
239362,64,1,9459,3,1,4,314
239439,12,1,2483,5,1,2,512
239564,82,4,19316,3,2,5,325
239825,50,1,9704,4,1,4,414
239974,62,1,4392,3,1,2,312
240176,46,1,6324,4,1,3,413
240222,61,1,5694,3,1,3,313
240290,6,1,7665,5,1,3,513
240463,127,1,12812,1,1,4,114
240496,47,1,10372,4,1,4,414
240556,120,2,19976,1,1,5,115
240564,115,1,4360,1,1,2,112
240645,110,1,3265,2,1,2,212
240800,18,1,6852,5,1,3,513
240998,92,16,120155,2,2,5,225
241145,62,3,19744,3,2,5,325
241246,110,2,13766,2,1,5,215
241356,45,2,23174,4,1,5,415
241583,66,1,3904,3,1,2,312
241743,24,1,2229,5,1,1,511
241863,102,1,1680,2,1,1,211
242105,16,5,22445,5,2,5,525
242485,75,1,5658,3,1,3,313
242520,95,1,12896,2,1,4,214
242567,42,1,7884,4,1,3,413
242654,44,3,14730,4,2,5,425
242663,35,1,743,4,1,1,411
242740,39,1,892,4,1,1,411
242826,26,1,2776,5,1,2,512
242861,46,1,8384,4,1,4,414
242985,73,1,7659,3,1,3,313
243025,85,3,26236,2,2,5,225
243070,57,2,7788,4,1,3,413
243182,51,1,14871,4,1,5,415
243572,120,1,1416,1,1,1,111
243592,137,1,666,1,1,1,111
243636,86,2,11051,2,1,4,214
243939,51,1,1234,4,1,1,411
244123,14,5,14183,5,2,5,525
244468,61,2,6478,3,1,3,313
244531,35,1,7524,4,1,3,413
244553,111,1,7222,2,1,3,213
244556,46,1,2022,4,1,1,411
244583,116,1,3561,1,1,2,112
244603,127,1,14256,1,1,5,115
244756,26,5,39463,5,2,5,525
244835,36,2,19691,4,1,5,415
244838,109,1,2104,2,1,1,211
244853,91,4,18697,2,2,5,225
245293,103,2,6579,2,1,3,213
245608,86,1,8290,2,1,3,213
245765,25,1,2081,5,1,1,511
245770,65,1,17312,3,1,5,315
245823,18,2,20467,5,1,5,515
245983,20,1,2340,5,1,2,512
246158,119,2,15330,1,1,5,115
246235,87,1,11744,2,1,4,214
246785,37,7,51636,4,2,5,425
246796,44,2,19231,4,1,5,415
246828,124,2,6966,1,1,3,113
246992,120,1,2486,1,1,2,112
247005,134,1,7832,1,1,3,113
247024,6,1,19376,5,1,5,515
247235,4,132,855064,5,2,5,525
247247,60,1,3852,3,1,2,312
247560,23,1,1986,5,1,1,511
247916,116,1,6903,1,1,3,113
247967,17,1,2278,5,1,1,511
248411,72,2,17526,3,1,5,315
248428,113,1,3670,1,1,2,112
248503,119,1,3992,1,1,2,112
248599,54,2,19869,4,1,5,415
248671,102,2,3844,2,1,2,212
248679,78,30,206418,3,2,5,325
248810,85,1,3720,2,1,2,212
248845,70,1,6228,3,1,3,313
248848,34,1,4264,4,1,2,412
248925,4,2,11635,5,1,4,514
249017,116,1,2113,1,1,1,111
249053,81,1,9712,3,1,4,314
249061,136,1,2520,1,1,2,112
249074,123,1,4351,1,1,2,112
249247,108,1,13512,2,1,4,214
249286,137,1,9724,1,1,4,114
249439,70,1,9872,3,1,4,314
249658,7,1,1208,5,1,1,511
249902,116,1,7480,1,1,3,113
250080,53,1,7500,4,1,3,413
250139,62,2,9354,3,1,4,314
250146,44,3,18461,4,2,5,425
250187,70,1,11097,3,1,4,314
250252,128,2,8140,1,1,3,113
250357,124,1,4758,1,1,3,113
250372,99,3,10107,2,2,4,224
250393,72,1,16228,3,1,5,315
250437,117,1,1646,1,1,1,111
250527,97,1,1113,2,1,1,211
250678,11,1,7410,5,1,3,513
250943,92,1,3646,2,1,2,212
251091,120,1,4128,1,1,2,112
251707,11,2,12312,5,1,4,514
251892,107,1,14679,2,1,5,215
251942,136,1,9890,1,1,4,114
252249,94,1,4188,2,1,2,212
252258,58,1,6956,4,1,3,413
252415,73,1,1584,3,1,1,311
252492,49,1,766,4,1,1,411
252812,27,1,676,5,1,1,511
252840,104,2,30907,2,1,5,215
252977,65,1,1779,3,1,1,311
253004,134,1,4772,1,1,3,113
253109,29,2,17916,5,1,5,515
253213,45,2,8235,4,1,3,413
253328,46,1,6236,4,1,3,413
253365,110,2,8228,2,1,3,213
253371,33,1,4092,4,1,2,412
253391,112,1,2988,1,1,2,112
253399,9,1,2290,5,1,1,511
253756,136,1,2976,1,1,2,112
253867,71,1,3307,3,1,2,312
253920,70,1,6260,3,1,3,313
253924,106,1,1128,2,1,1,211
254126,27,1,4188,5,1,2,512
254130,102,1,4296,2,1,2,212
254146,127,4,18735,1,2,5,125
254328,64,16,85333,3,2,5,325
254367,68,1,880,3,1,1,311
254579,19,1,4683,5,1,3,513
254621,108,1,1422,2,1,1,211
254754,23,1,8976,5,1,4,514
254893,81,2,9502,3,1,4,314
255006,10,1,4756,5,1,3,513
255309,105,1,10760,2,1,4,214
255389,88,1,2132,2,1,1,211
255393,107,2,10876,2,1,4,214
255918,12,4,27150,5,2,5,525
256094,38,2,22158,4,1,5,415
256429,11,2,4744,5,1,3,513
256465,115,1,2757,1,1,2,112
256505,107,1,17016,2,1,5,215
256544,136,1,2655,1,1,2,112
256726,70,1,4808,3,1,3,313
256781,19,1,16812,5,1,5,515
256821,44,1,13224,4,1,4,414
256877,46,1,3734,4,1,2,412
256880,117,1,10425,1,1,4,114
257248,10,1,13160,5,1,4,514
257291,60,1,11622,3,1,4,314
257462,44,1,19920,4,1,5,415
257726,49,2,14014,4,1,5,415
257912,32,1,4282,4,1,2,412
258107,47,1,1256,4,1,1,411
258317,18,2,18176,5,1,5,515
258336,23,1,488,5,1,1,511
258434,116,1,9324,1,1,4,114
258502,126,1,4945,1,1,3,113
258538,136,1,19048,1,1,5,115
259050,35,1,4171,4,1,2,412
259169,78,1,3576,3,1,2,312
259178,50,1,426,4,1,1,411
259214,126,1,14421,1,1,5,115
259278,110,6,45423,2,2,5,225
259305,52,1,8520,4,1,4,414
259827,30,1,10041,5,1,4,514
259928,129,1,3236,1,1,2,112
260032,56,1,4063,4,1,2,412
260491,99,1,464,2,1,1,211
260578,113,1,2572,1,1,2,112
260753,138,1,12252,1,1,4,114
260868,118,1,3905,1,1,2,112
260971,7,1,3732,5,1,2,512
261238,7,4,16025,5,2,5,525
261301,110,1,4052,2,1,2,212
261325,63,1,6942,3,1,3,313
261362,122,1,593,1,1,1,111
261507,36,1,10668,4,1,4,414
261643,42,1,2467,4,1,2,412
261667,60,1,8180,3,1,3,313
261693,32,1,12420,4,1,4,414
261694,37,1,10860,4,1,4,414
261793,96,1,11565,2,1,4,214
261807,55,1,11476,4,1,4,414
261883,92,1,5274,2,1,3,213
261889,124,1,2537,1,1,2,112
261902,24,2,5011,5,1,3,513
262357,34,3,27262,4,2,5,425
262508,73,1,2931,3,1,2,312
262607,108,1,13096,2,1,4,214
263161,93,1,5410,2,1,3,213
263205,98,1,1171,2,1,1,211
263391,107,2,9172,2,1,4,214
263462,104,2,19520,2,1,5,215
263733,21,2,12828,5,1,4,514
263746,43,1,6188,4,1,3,413
263783,38,1,1532,4,1,1,411
263974,121,1,14156,1,1,5,115
264044,44,1,3437,4,1,2,412
264190,61,2,19111,3,1,5,315
264361,37,1,7680,4,1,3,413
264398,107,1,5722,2,1,3,213
264597,126,1,15344,1,1,5,115
264607,125,1,2459,1,1,2,112
264653,56,1,5310,4,1,3,413
264716,98,2,3758,2,1,2,212
264734,96,1,9508,2,1,4,214
264810,43,1,866,4,1,1,411
264847,3,1,17724,5,1,5,515
264883,81,2,6370,3,1,3,313
264899,62,1,3540,3,1,2,312
265273,129,1,2592,1,1,2,112
265295,58,1,2564,4,1,2,412
265486,23,2,2024,5,1,1,511
265568,78,1,10659,3,1,4,314
265643,61,1,5504,3,1,3,313
265645,125,1,4781,1,1,3,113
265778,11,4,21569,5,2,5,525
265832,95,1,9123,2,1,4,214
265897,64,3,1680,3,2,1,321
265968,9,1,11817,5,1,4,514
266201,22,1,4200,5,1,2,512
266350,51,1,5067,4,1,3,413
266417,138,2,7876,1,1,3,113
266464,1,1,3405,5,1,2,512
266582,94,1,18892,2,1,5,215
266610,51,1,13086,4,1,4,414
266666,118,1,1383,1,1,1,111
266693,104,1,672,2,1,1,211
266762,106,1,11084,2,1,4,214
266892,42,1,2598,4,1,2,412
267116,64,1,5370,3,1,3,313
267136,23,1,14280,5,1,5,515
267357,105,1,1177,2,1,1,211
267731,60,1,3328,3,1,2,312
267735,71,1,8072,3,1,3,313
267818,49,1,2000,4,1,1,411
267822,87,1,15844,2,1,5,215
267861,51,1,7902,4,1,3,413
267973,52,1,3292,4,1,2,412
268155,76,2,28122,3,1,5,315
268221,71,1,480,3,1,1,311
268239,47,1,5724,4,1,3,413
268264,94,1,5898,2,1,3,213
268342,116,1,1524,1,1,1,111
268385,102,1,1417,2,1,1,211
268428,106,2,3221,2,1,2,212
268430,78,1,9807,3,1,4,314
268571,60,1,4281,3,1,2,312
268657,76,2,9212,3,1,4,314
268741,135,1,1797,1,1,1,111
268994,74,1,4908,3,1,3,313
268999,81,1,738,3,1,1,311
269109,94,1,2769,2,1,2,212
269127,119,10,48454,1,2,5,125
269245,51,1,1602,4,1,1,411
269284,116,1,8734,1,1,4,114
269434,122,1,7425,1,1,3,113
269448,20,1,4254,5,1,2,512
269618,100,1,1773,2,1,1,211
269635,131,1,5228,1,1,3,113
269813,55,1,1594,4,1,1,411
269879,86,1,4338,2,1,2,212
270248,32,1,2326,4,1,2,412
270362,123,2,1567,1,1,1,111
270464,36,2,5125,4,1,3,413
270492,101,1,794,2,1,1,211
270562,31,1,5028,4,1,3,413
270632,10,1,7821,5,1,3,513
270876,136,1,8349,1,1,4,114
271086,32,1,4916,4,1,3,413
271333,127,1,5320,1,1,3,113
271410,77,1,715,3,1,1,311
271466,54,1,2647,4,1,2,412
271486,45,2,10352,4,1,4,414
271719,78,1,684,3,1,1,311
271800,127,1,2944,1,1,2,112
271884,91,1,11328,2,1,4,214
272096,127,1,3063,1,1,2,112
272457,112,2,6444,1,1,3,113
272853,74,2,4763,3,1,3,313
272883,51,4,29792,4,2,5,425
273341,94,4,25424,2,2,5,225
273362,58,1,4317,4,1,2,412
273385,108,1,4650,2,1,2,212
273406,109,6,46608,2,2,5,225
273431,107,1,2178,2,1,1,211
273600,75,4,43445,3,2,5,325
273630,116,2,2955,1,1,2,112
273697,50,1,5416,4,1,3,413
273772,49,3,26054,4,2,5,425
273814,50,1,5754,4,1,3,413
273853,24,1,11586,5,1,4,514
273910,51,4,19036,4,2,5,425
274064,60,1,10554,3,1,4,314
274152,102,1,285,2,1,1,211
274515,48,1,9426,4,1,4,414
274886,61,1,7124,3,1,3,313
274980,60,2,570,3,1,1,311
274981,4,1,397,5,1,1,511
275428,22,1,11769,5,1,4,514
275692,58,1,2702,4,1,2,412
275715,64,1,11836,3,1,4,314
275823,80,1,3837,3,1,2,312
275832,113,1,3606,1,1,2,112
275833,68,1,1750,3,1,1,311
275836,69,1,339,3,1,1,311
275846,86,1,11214,2,1,4,214
276016,32,1,14416,4,1,5,415
276034,37,1,11625,4,1,4,414
276149,123,1,6610,1,1,3,113
276165,121,1,9856,1,1,4,114
276207,72,1,3661,3,1,2,312
276382,82,1,3470,3,1,2,312
276464,133,1,8798,1,1,4,114
276579,123,1,884,1,1,1,111
276809,21,1,132,5,1,1,511
277349,56,1,4957,4,1,3,413
277476,80,1,16252,3,1,5,315
277488,87,1,9672,2,1,4,214
277576,73,1,7932,3,1,3,313
277873,59,1,12939,3,1,4,314
277968,100,1,3620,2,1,2,212
278041,80,1,12152,3,1,4,314
278088,42,1,19132,4,1,5,415
278097,120,1,927,1,1,1,111
278171,115,1,13194,1,1,4,114
278265,19,1,10377,5,1,4,514
278574,126,1,3006,1,1,2,112
278647,25,1,4452,5,1,2,512
278771,69,3,7931,3,2,3,323
278831,114,1,16028,1,1,5,115
278940,129,5,29801,1,2,5,125
278967,31,1,11511,4,1,4,414
279034,21,1,14667,5,1,5,515
279142,95,1,1782,2,1,1,211
279193,31,1,2534,4,1,2,412
279406,116,7,50968,1,2,5,125
279466,50,1,4032,4,1,2,412
279677,83,1,3565,3,1,2,312
279856,36,1,6120,4,1,3,413
279876,94,2,6386,2,1,3,213
280031,112,1,3345,1,1,2,112
280361,21,13,90689,5,2,5,525
280692,99,1,8002,2,1,3,213
280722,115,1,7947,1,1,3,113
280750,54,1,3012,4,1,2,412
280912,136,1,923,1,1,1,111
281161,17,1,2226,5,1,1,511
281202,71,1,3088,3,1,2,312
281359,136,1,18044,1,1,5,115
281553,71,2,11224,3,1,4,314
281703,37,1,7401,4,1,3,413
281778,16,1,193,5,1,1,511
281978,118,1,6780,1,1,3,113
282233,133,1,5428,1,1,3,113
282289,84,3,31632,3,2,5,325
282440,21,2,37724,5,1,5,515
282705,109,1,4800,2,1,3,213
282887,30,2,10776,5,1,4,514
283269,49,1,1377,4,1,1,411
283477,11,13,42153,5,2,5,525
283553,12,2,10707,5,1,4,514
283568,91,1,3696,2,1,2,212
283604,58,1,9537,4,1,4,414
283621,60,4,21792,3,2,5,325
283858,45,1,6816,4,1,3,413
284251,95,1,3205,2,1,2,212
284451,137,1,1154,1,1,1,111
284631,133,1,8812,1,1,4,114
284767,47,1,4500,4,1,2,412
285368,90,2,20579,2,1,5,215
285372,75,1,192,3,1,1,311
285918,121,1,1283,1,1,1,111
286535,128,1,19228,1,1,5,115
286553,119,1,4760,1,1,3,113
286616,104,75,407257,2,2,5,225
286780,103,1,3646,2,1,2,212
286790,105,1,1363,2,1,1,211
286923,77,1,231,3,1,1,311
287007,122,2,22917,1,1,5,115
287022,126,1,6488,1,1,3,113
287434,136,1,10806,1,1,4,114
287470,24,1,4380,5,1,2,512
287930,134,3,21674,1,2,5,125
287996,36,1,19976,4,1,5,415
288003,115,1,8534,1,1,4,114
288061,91,2,1244,2,1,1,211
288362,51,1,11874,4,1,4,414
288422,115,1,6544,1,1,3,113
288474,103,1,8307,2,1,4,214
288488,80,2,24482,3,1,5,315
288615,66,1,4317,3,1,2,312
288665,86,1,4767,2,1,3,213
288699,72,1,6788,3,1,3,313
288843,25,1,18340,5,1,5,515
288932,67,2,11865,3,1,4,314
288956,123,2,17906,1,1,5,115
289019,114,2,21726,1,1,5,115
289113,15,1,8002,5,1,3,513
289401,75,1,3640,3,1,2,312
289418,32,1,1230,4,1,1,411
289481,11,1,7536,5,1,3,513
289491,72,1,4899,3,1,3,313
289743,124,1,1028,1,1,1,111
290073,64,1,12378,3,1,4,314
290201,36,1,4143,4,1,2,412
290203,47,1,749,4,1,1,411
290246,45,1,4121,4,1,2,412
290356,80,1,2943,3,1,2,312
290528,12,1,11860,5,1,4,514
290565,110,1,1479,2,1,1,211
290976,11,1,7792,5,1,3,513
291195,122,1,369,1,1,1,111
291283,106,2,9776,2,1,4,214
291284,120,1,4442,1,1,2,112
291285,38,1,4546,4,1,2,412
291472,93,2,7057,2,1,3,213
291482,89,3,23193,2,2,5,225
291938,122,1,4356,1,1,2,112
291984,56,1,8733,4,1,4,414
292065,67,1,6436,3,1,3,313
292102,70,3,27900,3,2,5,325
292344,74,2,4555,3,1,2,312
292365,116,2,12024,1,1,4,114
292466,127,1,3371,1,1,2,112
292675,16,1,3991,5,1,2,512
292706,43,2,2157,4,1,1,411
292806,78,1,3493,3,1,2,312
293077,115,1,14280,1,1,5,115
293206,109,1,13076,2,1,4,214
293501,74,1,19908,3,1,5,315
293600,102,1,16232,2,1,5,215
294027,62,1,12276,3,1,4,314
294088,4,2,3905,5,1,2,512
294152,57,1,10899,4,1,4,414
294255,56,3,616,4,2,1,421
294269,122,1,14322,1,1,5,115
294308,2,2,13078,5,1,4,514
294377,49,1,8814,4,1,4,414
294572,66,1,9892,3,1,4,314
294613,29,1,6236,5,1,3,513
294706,46,1,1236,4,1,1,411
294970,93,1,8600,2,1,4,214
294978,88,1,9267,2,1,4,214
294981,85,1,1685,2,1,1,211
295158,12,1,18396,5,1,5,515
295182,37,1,16252,4,1,5,415
295185,114,1,11192,1,1,4,114
295217,119,1,1100,1,1,1,111
295220,109,1,550,2,1,1,211
295358,60,1,6872,3,1,3,313
295384,52,1,1736,4,1,1,411
295435,36,1,7090,4,1,3,413
295588,54,2,25426,4,1,5,415
295727,20,1,10005,5,1,4,514
295742,67,1,2711,3,1,2,312
296024,81,1,538,3,1,1,311
296167,22,1,8487,5,1,4,514
296218,101,1,17100,2,1,5,215
296267,9,1,7814,5,1,3,513
296401,108,2,13407,2,1,4,214
296424,135,1,2217,1,1,1,111
296431,42,1,14644,4,1,5,415
296575,57,2,22040,4,1,5,415
296577,128,3,16308,1,2,5,125
296947,15,1,1812,5,1,1,511
297008,68,1,6956,3,1,3,313
297120,133,2,1286,1,1,1,111
297634,12,1,2292,5,1,2,512
297639,127,1,16888,1,1,5,115
297795,5,1,729,5,1,1,511
297868,4,1,7647,5,1,3,513
298070,131,1,787,1,1,1,111
298140,86,1,304,2,1,1,211
298235,15,1,1367,5,1,1,511
298508,54,2,7528,4,1,3,413
298539,28,1,4882,5,1,3,513
298911,49,1,9855,4,1,4,414
299049,124,1,7120,1,1,3,113
299094,86,1,3456,2,1,2,212
299259,77,1,2571,3,1,2,312
299518,85,1,4939,2,1,3,213
299636,113,1,4254,1,1,2,112
299720,94,2,21982,2,1,5,215
299845,49,1,1629,4,1,1,411
300055,87,1,3644,2,1,2,212
300118,86,1,14212,2,1,5,215
300210,115,1,5108,1,1,3,113
300259,85,1,9988,2,1,4,214
300272,74,1,6772,3,1,3,313
300311,138,1,9078,1,1,4,114
300384,84,1,29,3,1,1,311
300421,45,1,1676,4,1,1,411
300506,52,1,3008,4,1,2,412
300882,107,1,12348,2,1,4,214
300941,81,1,19188,3,1,5,315
301177,71,1,1484,3,1,1,311
301189,36,1,19976,4,1,5,415
301201,106,1,9162,2,1,4,214
301341,110,1,14949,2,1,5,215
301487,48,1,13257,4,1,4,414
301496,65,3,9419,3,2,4,324
301846,102,1,16252,2,1,5,215
302022,18,1,2019,5,1,1,511
302094,44,1,3925,4,1,2,412
302183,60,1,6144,3,1,3,313
302190,24,2,6922,5,1,3,513
302394,104,1,11853,2,1,4,214
302488,92,1,16532,2,1,5,215
302544,94,1,2854,2,1,2,212
302769,117,3,8170,1,2,3,123
303083,4,2,10323,5,1,4,514
303100,65,1,3807,3,1,2,312
303182,87,1,14982,2,1,5,215
303244,94,1,3580,2,1,2,212
303381,23,47,336617,5,2,5,525
303406,74,1,8592,3,1,4,314
303412,52,6,60860,4,2,5,425
303436,102,1,1604,2,1,1,211
303466,123,1,4994,1,1,3,113
303469,94,1,6780,2,1,3,213
303480,93,1,7304,2,1,3,213
303586,129,1,2840,1,1,2,112
303706,81,1,1992,3,1,1,311
304325,91,2,17344,2,1,5,215
304328,128,1,1533,1,1,1,111
304654,113,1,3846,1,1,2,112
304854,81,1,4742,3,1,3,313
304883,24,2,7583,5,1,3,513
305234,108,1,3576,2,1,2,212
305404,61,2,19374,3,1,5,315
305493,125,2,20278,1,1,5,115
305506,102,1,4538,2,1,2,212
305782,68,1,5176,3,1,3,313
305819,8,1,1882,5,1,1,511
306049,109,1,3770,2,1,2,212
306294,35,1,760,4,1,1,411
306462,88,1,6052,2,1,3,213
306586,67,1,556,3,1,1,311
306731,56,1,18640,4,1,5,415
306738,74,1,617,3,1,1,311
306821,134,1,2816,1,1,2,112
306887,53,1,13866,4,1,5,415
307169,26,1,4870,5,1,3,513
307264,109,1,8380,2,1,4,214
307276,138,1,18980,1,1,5,115
307488,85,1,1284,2,1,1,211
307607,106,2,4327,2,1,2,212
307781,25,1,4087,5,1,2,512
307797,57,1,12195,4,1,4,414
307943,92,1,1234,2,1,1,211
308096,128,1,337,1,1,1,111
308204,121,1,6382,1,1,3,113
308270,109,1,18396,2,1,5,215
308342,113,1,6096,1,1,3,113
308392,48,1,3417,4,1,2,412
308421,46,3,6489,4,2,3,423
308437,108,1,1756,2,1,1,211
308506,70,1,1492,3,1,1,311
308563,78,1,13614,3,1,4,314
308565,95,1,10340,2,1,4,214
308623,129,1,3114,1,1,2,112
308817,120,1,6046,1,1,3,113
308859,73,1,1428,3,1,1,311
309192,30,1,7076,5,1,3,513
309265,23,1,544,5,1,1,511
309435,126,1,7524,1,1,3,113
309647,109,1,4277,2,1,2,212
309763,69,3,22434,3,2,5,325
309843,58,1,346,4,1,1,411
309864,2,1,1270,5,1,1,511
309939,136,1,7150,1,1,3,113
310032,11,2,10340,5,1,4,514
310277,116,1,1104,1,1,1,111
310326,22,1,14217,5,1,5,515
310353,131,1,9618,1,1,4,114
310425,88,1,574,2,1,1,211
310432,24,1,4972,5,1,3,513
310500,106,1,3094,2,1,2,212
310685,106,2,16779,2,1,5,215
310748,25,1,3508,5,1,2,512
310789,32,1,2752,4,1,2,412
310867,67,1,2015,3,1,1,311
310883,75,1,12340,3,1,4,314
311205,95,2,21145,2,1,5,215
311402,107,1,2546,2,1,2,212
311522,16,1,7820,5,1,3,513
311640,32,1,5444,4,1,3,413
311886,88,1,19040,2,1,5,215
312000,19,1,3098,5,1,2,512
312036,72,1,1566,3,1,1,311
312082,97,1,9834,2,1,4,214
312100,93,1,787,2,1,1,211
312164,50,1,8516,4,1,4,414
312233,43,1,9537,4,1,4,414
312459,61,2,16246,3,1,5,315
312582,66,4,26012,3,2,5,325
312587,26,1,3861,5,1,2,512
312771,78,1,2467,3,1,2,312
312976,49,1,7152,4,1,3,413
313075,13,1,7820,5,1,3,513
313138,122,1,3342,1,1,2,112
313179,86,1,922,2,1,1,211
313267,88,1,7464,2,1,3,213
313346,23,1,10020,5,1,4,514
313350,52,1,580,4,1,1,411
313563,86,1,3557,2,1,2,212
314377,88,1,14568,2,1,5,215
314388,52,1,7965,4,1,3,413
314475,58,2,7784,4,1,3,413
314555,88,1,19888,2,1,5,215
314683,64,1,6792,3,1,3,313
314747,103,1,5112,2,1,3,213
314809,85,2,4020,2,1,2,212
315018,94,1,7878,2,1,3,213
315028,124,1,1551,1,1,1,111
315252,94,1,7296,2,1,3,213
315490,65,1,2751,3,1,2,312
315721,65,1,952,3,1,1,311
315753,101,1,12609,2,1,4,214
315951,123,1,1611,1,1,1,111
316041,4,1,10812,5,1,4,514
316151,46,1,9674,4,1,4,414
316213,107,3,14610,2,2,5,225
316216,86,1,4146,2,1,2,212
316850,13,20,117133,5,2,5,525
316968,80,2,8226,3,1,3,313
317190,23,1,11008,5,1,4,514
317198,83,1,8010,3,1,3,313
317233,65,2,22636,3,1,5,315
317553,121,1,4692,1,1,3,113
317601,81,1,18556,3,1,5,315
317833,24,2,10557,5,1,4,514
317906,55,3,23221,4,2,5,425
318197,71,1,3120,3,1,2,312
318471,76,1,1090,3,1,1,311
318506,135,1,14276,1,1,5,115
318843,128,2,22555,1,1,5,115
319380,92,2,9850,2,1,4,214
319457,79,1,17480,3,1,5,315
319468,132,1,9484,1,1,4,114
319482,107,3,20905,2,2,5,225
319880,109,1,927,2,1,1,211
320097,111,1,9338,2,1,4,214
320142,46,2,3628,4,1,2,412
320192,52,1,4029,4,1,2,412
320195,17,1,4203,5,1,2,512
320205,65,1,956,3,1,1,311
320272,31,2,1132,4,1,1,411
320434,112,2,19238,1,1,5,115
320547,86,2,6516,2,1,3,213
320626,10,2,18468,5,1,5,515
320871,51,1,6676,4,1,3,413
320928,6,1,19544,5,1,5,515
320993,73,1,5256,3,1,3,313
321061,88,4,13078,2,2,4,224
321109,130,1,3311,1,1,2,112
321381,103,2,9413,2,1,4,214
321418,88,1,13616,2,1,4,214
321452,107,1,6372,2,1,3,213
321555,51,1,519,4,1,1,411
321571,74,1,6776,3,1,3,313
321577,29,2,4388,5,1,2,512
321588,66,1,7503,3,1,3,313
321756,137,1,10914,1,1,4,114
321766,52,1,12168,4,1,4,414
321851,58,1,9422,4,1,4,414
322055,95,1,2115,2,1,1,211
322310,45,1,9280,4,1,4,414
322355,48,1,3870,4,1,2,412
322407,109,2,26467,2,1,5,215
322411,23,1,118,5,1,1,511
322645,96,1,7480,2,1,3,213
322733,5,1,6423,5,1,3,513
322871,54,2,25444,4,1,5,415
323143,124,1,11548,1,1,4,114
323221,135,1,7384,1,1,3,113
323507,84,3,29872,3,2,5,325
323687,22,3,8700,5,2,4,524
323691,50,1,13980,4,1,5,415
323896,42,1,11853,4,1,4,414
323945,30,1,12200,5,1,4,514
324330,113,1,4684,1,1,3,113
324620,48,1,4887,4,1,3,413
324681,23,1,948,5,1,1,511
325061,92,1,4960,2,1,3,213
325157,7,1,9900,5,1,4,514
325188,54,1,2928,4,1,2,412
325190,11,1,1296,5,1,1,511
325393,126,1,17684,1,1,5,115
325589,66,1,5595,3,1,3,313
325641,45,1,5628,4,1,3,413
325687,98,2,9219,2,1,4,214
325833,34,4,27509,4,2,5,425
326049,24,2,18151,5,1,5,515
326233,45,1,1343,4,1,1,411
326274,111,1,3184,2,1,2,212
326304,33,1,10767,4,1,4,414
326595,32,1,5920,4,1,3,413
326689,32,1,223,4,1,1,411
327031,27,3,9158,5,2,4,524
327094,116,1,8944,1,1,4,114
327098,87,1,1048,2,1,1,211
327302,51,1,12744,4,1,4,414
327372,75,1,19300,3,1,5,315
327414,88,3,8192,2,2,3,223
327437,115,2,19766,1,1,5,115
327493,136,1,927,1,1,1,111
327548,110,1,18400,2,1,5,215
327581,122,1,14936,1,1,5,115
327687,16,2,1256,5,1,1,511
327734,73,1,2090,3,1,1,311
327932,29,1,700,5,1,1,511
328055,41,6,40881,4,2,5,425
328126,108,1,4448,2,1,2,212
328219,136,2,3240,1,1,2,112
328309,121,1,14040,1,1,5,115
328322,8,2,4677,5,1,3,513
328364,83,1,886,3,1,1,311
328466,136,1,1304,1,1,1,111
328736,112,2,11119,1,1,4,114
328795,93,1,8084,2,1,3,213
328911,84,1,4441,3,1,2,312
329044,52,1,9616,4,1,4,414
329154,45,1,5502,4,1,3,413
329190,82,2,11138,3,1,4,314
329317,72,4,19602,3,2,5,325
329397,100,1,3456,2,1,2,212
329490,19,1,2712,5,1,2,512
329879,119,1,2794,1,1,2,112
329963,46,1,8754,4,1,4,414
330035,70,1,3612,3,1,2,312
330222,16,1,4426,5,1,2,512
330412,86,2,5384,2,1,3,213
330418,121,1,3994,1,1,2,112
330461,69,1,1172,3,1,1,311
330462,128,1,2596,1,1,2,112
330565,30,1,11736,5,1,4,514
330628,23,1,2080,5,1,1,511
330672,94,2,5324,2,1,3,213
330675,119,1,385,1,1,1,111
330865,79,9,30120,3,2,5,325
330959,127,1,4282,1,1,2,112
331000,59,1,8772,3,1,4,314
331162,28,1,1227,5,1,1,511
331270,5,2,21410,5,1,5,515
331366,56,4,20152,4,2,5,425
331610,82,1,436,3,1,1,311
331639,116,1,12576,1,1,4,114
331673,125,2,24354,1,1,5,115
331713,126,1,315,1,1,1,111
331807,49,1,7779,4,1,3,413
331815,137,1,4557,1,1,2,112
331925,31,11,53289,4,2,5,425
331980,81,1,11022,3,1,4,314
332225,57,1,3768,4,1,2,412
332232,18,1,12630,5,1,4,514
332997,104,1,3926,2,1,2,212
333147,71,1,9108,3,1,4,314
333296,93,4,20875,2,2,5,225
333607,9,1,12810,5,1,4,514
333746,108,1,2040,2,1,1,211
334079,74,1,11988,3,1,4,314
334292,31,1,3808,4,1,2,412
334469,6,2,14998,5,1,5,515
334471,63,3,17395,3,2,5,325
334518,67,1,1830,3,1,1,311
334686,42,3,12276,4,2,4,424
334690,70,3,4850,3,2,3,323
334748,78,1,18232,3,1,5,315
334971,32,1,2506,4,1,2,412
335184,84,1,6288,3,1,3,313
335188,85,1,8946,2,1,4,214
335297,105,1,2910,2,1,2,212
335628,77,1,5248,3,1,3,313
335768,83,1,7348,3,1,3,313
336088,88,1,7342,2,1,3,213
336149,43,2,22300,4,1,5,415
336290,99,2,11561,2,1,4,214
336360,79,1,5010,3,1,3,313
336577,53,1,328,4,1,1,411
336596,39,1,7434,4,1,3,413
336757,58,1,8744,4,1,4,414
336940,71,1,1302,3,1,1,311
337282,106,1,18204,2,1,5,215
337316,30,1,19888,5,1,5,515
337338,30,1,7404,5,1,3,513
337411,99,1,1858,2,1,1,211
337718,92,1,5679,2,1,3,213
337843,93,2,16470,2,1,5,215
338364,26,1,5384,5,1,3,513
338429,95,1,374,2,1,1,211
338801,107,1,2822,2,1,2,212
338911,30,1,11204,5,1,4,514
339526,23,7,65048,5,2,5,525
339765,117,1,11715,1,1,4,114
339811,85,1,4532,2,1,2,212
339944,74,1,2584,3,1,2,312
340001,129,2,2530,1,1,2,112
340007,51,1,2418,4,1,2,412
340182,102,2,18960,2,1,5,215
340196,8,1,2259,5,1,1,511
340689,72,1,14412,3,1,5,315
340753,79,1,9807,3,1,4,314
340941,88,1,7218,2,1,3,213
341098,101,1,8517,2,1,4,214
341179,44,1,5476,4,1,3,413
341188,75,1,13400,3,1,4,314
341195,116,1,15620,1,1,5,115
341353,32,1,10767,4,1,4,414
341418,54,1,6624,4,1,3,413
341443,14,3,6915,5,2,3,523
341476,127,1,1527,1,1,1,111
341714,29,1,2488,5,1,2,512
341900,58,2,7836,4,1,3,413
342236,128,1,2667,1,1,2,112
342244,40,1,11,4,1,1,411
342306,107,2,15686,2,1,5,215
342381,84,1,16700,3,1,5,315
342540,53,1,11452,4,1,4,414
342640,7,1,3742,5,1,2,512
342707,129,2,8396,1,1,4,114
343016,24,1,8662,5,1,4,514
343137,99,2,9862,2,1,4,214
343221,9,1,12348,5,1,4,514
343270,101,1,884,2,1,1,211
343274,95,1,6652,2,1,3,213
343283,15,1,7356,5,1,3,513
343404,100,1,251,2,1,1,211
343412,84,1,2204,3,1,1,311
343559,123,4,1528,1,2,1,121
343659,76,1,10236,3,1,4,314
343835,129,1,15180,1,1,5,115
343950,85,1,1666,2,1,1,211
344013,50,1,10797,4,1,4,414
344271,81,1,6219,3,1,3,313
344293,44,2,26238,4,1,5,415
344688,81,1,17588,3,1,5,315
344727,77,2,12805,3,1,4,314
344959,114,1,1814,1,1,1,111
345160,62,2,19566,3,1,5,315
345244,60,2,10068,3,1,4,314
345276,93,9,31350,2,2,5,225
345425,25,1,6642,5,1,3,513
345558,68,1,5138,3,1,3,313
345560,38,1,54,4,1,1,411
345673,66,1,7990,3,1,3,313
345781,138,1,6471,1,1,3,113
345850,87,1,13876,2,1,5,215
345939,32,1,14928,4,1,5,415
346127,39,3,12356,4,2,4,424
346132,81,1,228,3,1,1,311
346166,136,1,6500,1,1,3,113
346276,114,1,11464,1,1,4,114
346288,92,1,4098,2,1,2,212
346346,122,1,3752,1,1,2,112
346366,42,1,1383,4,1,1,411
346435,44,1,4111,4,1,2,412
346453,46,1,3350,4,1,2,412
346597,79,9,66589,3,2,5,325
346615,136,1,456,1,1,1,111
346657,5,1,932,5,1,1,511
346760,75,1,753,3,1,1,311
346832,2,1,5560,5,1,3,513
346862,45,2,7910,4,1,3,413
346907,126,1,12572,1,1,4,114
346981,73,1,520,3,1,1,311
347176,11,1,710,5,1,1,511
347354,127,1,14924,1,1,5,115
347454,74,1,978,3,1,1,311
347598,79,6,17665,3,2,5,325
347610,2,5,23033,5,2,5,525
347686,15,2,11196,5,1,4,514
347697,64,1,5744,3,1,3,313
347756,84,2,6411,3,1,3,313
347814,95,1,4910,2,1,3,213
347819,134,1,3017,1,1,2,112
347937,89,1,4848,2,1,3,213
347953,4,1,794,5,1,1,511
347996,88,1,2856,2,1,2,212
348025,31,1,2008,4,1,1,411
348159,38,1,1133,4,1,1,411
348256,87,1,672,2,1,1,211
348399,25,2,4092,5,1,2,512
348484,120,1,5552,1,1,3,113
348579,52,1,2828,4,1,2,412
348755,100,1,1105,2,1,1,211
348983,17,1,7236,5,1,3,513
348985,52,1,2304,4,1,2,412
349186,85,1,12687,2,1,4,214
349352,84,1,9267,3,1,4,314
349390,9,1,48,5,1,1,511
349686,57,1,9636,4,1,4,414
349713,7,2,4431,5,1,2,512
349879,132,1,10988,1,1,4,114
350026,73,1,11370,3,1,4,314
350045,19,1,11200,5,1,4,514
350176,99,1,11016,2,1,4,214
350453,52,1,5064,4,1,3,413
350566,104,112,772952,2,2,5,225
350678,44,1,5010,4,1,3,413
350733,10,1,2788,5,1,2,512
350839,80,1,10527,3,1,4,314
351199,51,2,14358,4,1,5,415
351211,54,2,4027,4,1,2,412
351630,67,1,1016,3,1,1,311
351661,38,1,2467,4,1,2,412
351730,49,1,10983,4,1,4,414
351979,77,1,1000,3,1,1,311
352193,104,1,4995,2,1,3,213
353070,31,1,7916,4,1,3,413
353096,111,1,14052,2,1,5,215
353143,111,1,11148,2,1,4,214
353262,78,1,5272,3,1,3,313
353389,134,1,13503,1,1,4,114
353643,30,1,10497,5,1,4,514
353891,68,1,2249,3,1,1,311
353930,80,1,13724,3,1,5,315
354324,106,1,5868,2,1,3,213
354368,63,1,1269,3,1,1,311
354436,29,1,580,5,1,1,511
354447,85,2,15303,2,1,5,215
354554,96,3,19230,2,2,5,225
354579,71,2,14838,3,1,5,315
354660,21,2,24185,5,1,5,515
354704,26,1,1812,5,1,1,511
354751,94,1,11250,2,1,4,214
354752,10,1,3383,5,1,2,512
354764,60,1,11067,3,1,4,314
354766,80,3,23762,3,2,5,325
355053,46,1,9948,4,1,4,414
355056,67,1,570,3,1,1,311
355146,130,3,27455,1,2,5,125
355297,0,1,3839,5,1,2,512
355334,87,1,1566,2,1,1,211
355392,30,1,7196,5,1,3,513
355706,125,1,3259,1,1,2,112
355834,8,5,28926,5,2,5,525
355934,44,1,1454,4,1,1,411
356231,25,1,1765,5,1,1,511
356300,22,1,8670,5,1,4,514
356329,11,1,1666,5,1,1,511
356340,70,1,6750,3,1,3,313
356571,42,1,13575,4,1,4,414
356818,72,2,21024,3,1,5,315
356890,122,1,4441,1,1,2,112
357181,94,1,7366,2,1,3,213
357339,100,1,3220,2,1,2,212
357597,135,1,9372,1,1,4,114
357740,33,1,15428,4,1,5,415
358407,113,1,8408,1,1,4,114
358516,101,13,44043,2,2,5,225
358631,84,1,10986,3,1,4,314
358674,53,1,4063,4,1,2,412
358806,62,2,15009,3,1,5,315
359044,35,1,69,4,1,1,411
359094,93,1,6624,2,1,3,213
359145,88,1,2048,2,1,1,211
359146,14,1,3946,5,1,2,512
359293,16,1,200,5,1,1,511
359448,42,1,3699,4,1,2,412
359647,67,1,14271,3,1,5,315
359681,115,1,7834,1,1,3,113
359742,91,1,2116,2,1,1,211
359890,42,1,6636,4,1,3,413
359914,29,1,5022,5,1,3,513
359960,36,1,9212,4,1,4,414
360237,133,1,4185,1,1,2,112
360394,67,1,565,3,1,1,311
360552,39,2,10324,4,1,4,414
360742,79,1,4653,3,1,3,313
360945,84,1,8768,3,1,4,314
361041,30,1,14748,5,1,5,515
361066,41,1,2690,4,1,2,412
361291,17,2,9916,5,1,4,514
361302,109,1,18052,2,1,5,215
361339,16,1,4001,5,1,2,512
361387,108,2,19735,2,1,5,215
361527,123,1,2882,1,1,2,112
361876,124,2,7331,1,1,3,113
361960,87,1,3120,2,1,2,212
362141,136,1,184,1,1,1,111
362910,121,1,14283,1,1,5,115
363277,11,2,13372,5,1,4,514
363402,32,1,7698,4,1,3,413
363577,24,1,4837,5,1,3,513
363924,58,1,1668,4,1,1,411
364073,47,1,2792,4,1,2,412
364212,134,1,1840,1,1,1,111
364536,94,1,8130,2,1,3,213
364726,135,1,2711,1,1,2,112
364892,53,1,19108,4,1,5,415
365060,54,1,16428,4,1,5,415
365135,105,1,1740,2,1,1,211
365136,79,1,3062,3,1,2,312
365194,52,1,1038,4,1,1,411
365315,137,2,8749,1,1,4,114
365347,66,1,2938,3,1,2,312
365832,50,1,4228,4,1,2,412
365845,83,1,3223,3,1,2,312
365905,31,1,9088,4,1,4,414
365962,9,3,18007,5,2,5,525
366202,109,1,8136,2,1,3,213
366204,105,1,4050,2,1,2,212
366331,66,1,9456,3,1,4,314
366364,86,1,1264,2,1,1,211
366382,10,2,14904,5,1,5,515
366436,105,1,538,2,1,1,211
366464,60,1,8751,3,1,4,314
366509,46,1,7602,4,1,3,413
366614,121,1,9640,1,1,4,114
366681,134,2,10788,1,1,4,114
366706,80,1,258,3,1,1,311
366742,54,1,6674,4,1,3,413
366799,85,2,24118,2,1,5,215
366911,92,1,2004,2,1,1,211
367079,79,1,5097,3,1,3,313
367087,93,1,4076,2,1,2,212
367291,135,1,2493,1,1,2,112
367301,116,1,141,1,1,1,111
367329,100,1,14068,2,1,5,215
367376,109,1,899,2,1,1,211
367485,15,1,201,5,1,1,511
367586,36,1,4392,4,1,2,412
367862,72,1,9872,3,1,4,314
367987,134,1,4554,1,1,2,112
368033,73,1,6120,3,1,3,313
368241,53,1,6952,4,1,3,413
368444,6,1,9660,5,1,4,514
368499,11,1,13257,5,1,4,514
368611,117,1,15620,1,1,5,115
368787,113,1,1182,1,1,1,111
368807,119,1,309,1,1,1,111
368819,89,1,2172,2,1,1,211
369102,71,1,17404,3,1,5,315
369168,66,2,17122,3,1,5,315
369254,22,1,6042,5,1,3,513
369374,24,1,14577,5,1,5,515
369432,59,1,12260,3,1,4,314
369433,5,1,6831,5,1,3,513
369533,66,1,4358,3,1,2,312
369557,135,1,7292,1,1,3,113
369973,31,1,8060,4,1,3,413
370007,100,1,1844,2,1,1,211
370053,81,1,8062,3,1,3,313
370154,78,1,1397,3,1,1,311
370237,125,2,24204,1,1,5,115
370331,93,1,13533,2,1,4,214
370541,135,1,5566,1,1,3,113
370552,9,1,4863,5,1,3,513
370681,49,2,23392,4,1,5,415
370723,104,2,5120,2,1,3,213
370759,101,1,9640,2,1,4,214
370800,123,1,4002,1,1,2,112
370863,125,1,1714,1,1,1,111
370928,57,1,10640,4,1,4,414
371540,58,1,4464,4,1,2,412
371604,92,48,279855,2,2,5,225
371606,61,94,586488,3,2,5,325
371654,74,1,6980,3,1,3,313
371700,58,2,22290,4,1,5,415
371711,48,1,10215,4,1,4,414
371733,98,1,5190,2,1,3,213
371760,88,1,4644,2,1,2,212
371941,108,1,3304,2,1,2,212
372048,69,1,131,3,1,1,311
372352,8,1,7683,5,1,3,513
372354,19,1,13533,5,1,4,514
372447,11,1,2491,5,1,2,512
372549,93,1,12112,2,1,4,214
372609,78,1,5658,3,1,3,313
372661,103,1,12729,2,1,4,214
372687,115,1,3186,1,1,2,112
372748,136,2,5111,1,1,3,113
373098,19,1,3704,5,1,2,512
373182,88,1,11850,2,1,4,214
373194,67,1,4578,3,1,2,312
373274,94,2,2174,2,1,1,211
373601,74,1,19056,3,1,5,315
373850,85,1,5694,2,1,3,213
373852,15,3,8768,5,2,4,524
373906,81,1,1953,3,1,1,311
373992,9,1,10052,5,1,4,514
374076,57,1,4730,4,1,3,413
374417,71,1,17988,3,1,5,315
374477,47,1,4976,4,1,3,413
374586,74,1,9206,3,1,4,314
374587,58,1,9818,4,1,4,414
374700,44,1,721,4,1,1,411
374805,15,4,27284,5,2,5,525
374903,114,1,2488,1,1,2,112
374927,80,1,16136,3,1,5,315
374933,94,2,12300,2,1,4,214
375068,25,2,9168,5,1,4,514
375095,54,1,2856,4,1,2,412
375110,102,1,4472,2,1,2,212
375608,51,1,756,4,1,1,411
375703,117,1,14892,1,1,5,115
375760,73,1,12108,3,1,4,314
375772,111,1,10,2,1,1,211
375934,120,2,15148,1,1,5,115
376236,113,1,636,1,1,1,111
376250,14,3,12452,5,2,4,524
376440,61,1,866,3,1,1,311
376507,30,1,8960,5,1,4,514
376557,85,1,4392,2,1,2,212
376591,84,1,2383,3,1,2,312
376721,22,4,19882,5,2,5,525
376837,130,1,5320,1,1,3,113
376897,72,1,5529,3,1,3,313
376905,64,1,19212,3,1,5,315
377073,112,1,591,1,1,1,111
377478,111,1,1685,2,1,1,211
377483,136,1,3638,1,1,2,112
377569,72,1,4680,3,1,3,313
377699,78,1,572,3,1,1,311
377978,10,2,2827,5,1,2,512
377992,136,2,17103,1,1,5,115
378296,127,1,9818,1,1,4,114
378396,103,2,4242,2,1,2,212
379008,138,2,21825,1,1,5,115
379036,54,1,3661,4,1,2,412
379058,96,10,55986,2,2,5,225
379092,109,1,12160,2,1,4,214
379340,21,1,6736,5,1,3,513
379363,21,1,13672,5,1,5,515
379562,79,1,4551,3,1,2,312
379698,60,1,3357,3,1,2,312
379844,88,1,3197,2,1,2,212
379864,107,1,5280,2,1,3,213
379894,119,1,1257,1,1,1,111
379925,41,2,7464,4,1,3,413
379932,136,15,83938,1,2,5,125
380118,132,1,8640,1,1,4,114
380635,37,1,4352,4,1,2,412
381031,29,1,6614,5,1,3,513
381045,41,2,22848,4,1,5,415
381122,16,1,6729,5,1,3,513
381186,109,1,778,2,1,1,211
381222,138,1,19244,1,1,5,115
381263,112,1,1346,1,1,1,111
381345,60,3,3064,3,2,2,322
381439,72,1,2499,3,1,2,312
381504,47,1,12924,4,1,4,414
381564,35,1,7803,4,1,3,413
381825,74,1,11112,3,1,4,314
381872,26,2,2639,5,1,2,512
381944,27,1,4013,5,1,2,512
382286,11,2,24500,5,1,5,515
382299,14,2,3208,5,1,2,512
382460,7,1,126,5,1,1,511
382473,68,1,2366,3,1,2,312
382509,133,1,4844,1,1,3,113
382599,119,2,1517,1,1,1,111
382721,84,1,5860,3,1,3,313
382731,73,1,2816,3,1,2,312
382750,78,1,1832,3,1,1,311
382808,69,1,23,3,1,1,311
382902,39,1,13509,4,1,4,414
382922,11,1,5350,5,1,3,513
383087,20,1,4126,5,1,2,512
383168,90,1,3154,2,1,2,212
383271,52,1,9440,4,1,4,414
383676,78,1,5726,3,1,3,313
383786,7,3,17521,5,2,5,525
384025,8,1,5976,5,1,3,513
384126,77,6,43172,3,2,5,325
384289,15,1,3811,5,1,2,512
384345,38,1,4419,4,1,2,412
384466,30,2,14195,5,1,5,515
384535,117,1,8148,1,1,3,113
384851,18,2,7608,5,1,3,513
385071,81,1,7392,3,1,3,313
385345,119,1,2981,1,1,2,112
385414,82,1,688,3,1,1,311
385715,50,1,4934,4,1,3,413
385779,122,1,3366,1,1,2,112
385857,59,4,14315,3,2,5,325
386187,24,1,4260,5,1,2,512
386503,73,1,3706,3,1,2,312
386656,123,1,2616,1,1,2,112
386745,3,1,3264,5,1,2,512
386777,135,1,13752,1,1,5,115
386796,79,1,12560,3,1,4,314
386842,129,1,9102,1,1,4,114
386976,2,1,9654,5,1,4,514
387037,61,1,14064,3,1,5,315
387144,58,2,4279,4,1,2,412
387388,81,2,3735,3,1,2,312
387466,90,2,8663,2,1,4,214
387516,58,1,4200,4,1,2,412
387521,38,1,8118,4,1,3,413
387538,77,1,3924,3,1,2,312
387601,73,1,323,3,1,1,311
387860,105,1,8301,2,1,3,213
387929,91,1,4252,2,1,2,212
387931,77,1,7084,3,1,3,313
388066,3,1,8690,5,1,4,514
388182,46,2,11127,4,1,4,414
388255,129,1,6501,1,1,3,113
388441,79,1,5226,3,1,3,313
388461,4,2,9798,5,1,4,514
388556,92,1,4503,2,1,2,212
388612,119,3,9408,1,2,4,124
388679,72,1,13533,3,1,4,314
388893,93,1,9668,2,1,4,214
389030,129,1,4972,1,1,3,113
389058,81,2,15658,3,1,5,315
389066,111,1,6410,2,1,3,213
389069,113,1,12820,1,1,4,114
389287,7,1,17716,5,1,5,515
389361,65,1,6444,3,1,3,313
389441,104,1,10311,2,1,4,214
389503,64,1,2662,3,1,2,312
389532,120,52,344618,1,2,5,125
389694,10,2,8780,5,1,4,514
389757,22,1,7995,5,1,3,513
389780,9,2,17306,5,1,5,515
389947,60,1,9264,3,1,4,314
390022,50,2,8092,4,1,3,413
390023,78,3,7975,3,2,3,323
390258,11,1,6693,5,1,3,513
390314,105,1,19976,2,1,5,215
390426,103,1,704,2,1,1,211
390499,8,2,24904,5,1,5,515
390547,11,1,8238,5,1,3,513
390625,8,1,63,5,1,1,511
390743,8,2,4386,5,1,2,512
390770,61,1,731,3,1,1,311
390888,35,1,581,4,1,1,411
390933,11,1,5996,5,1,3,513
391066,124,2,12483,1,1,4,114
391094,10,1,11583,5,1,4,514
391231,128,2,4725,1,1,3,113
391258,14,1,6972,5,1,3,513
391281,37,1,2971,4,1,2,412
391300,7,1,7980,5,1,3,513
391329,128,2,24245,1,1,5,115
391446,136,1,7106,1,1,3,113
391657,123,4,19318,1,2,5,125
391814,72,3,20951,3,2,5,325
391939,136,2,10866,1,1,4,114
391980,133,1,11824,1,1,4,114
392246,29,3,27930,5,2,5,525
392296,35,1,7594,4,1,3,413
392404,28,1,3332,5,1,2,512
392448,35,1,3942,4,1,2,412
392507,39,1,1774,4,1,1,411
392739,28,1,1309,5,1,1,511
392741,24,1,2967,5,1,2,512
392826,81,3,9024,3,2,4,324
392947,98,1,9009,2,1,4,214
393085,27,1,1000,5,1,1,511
393237,119,3,32789,1,2,5,125
393239,87,1,2864,2,1,2,212
393334,71,1,486,3,1,1,311
393480,134,2,1192,1,1,1,111
393598,52,1,7209,4,1,3,413
393634,93,1,1578,2,1,1,211
393733,47,1,13470,4,1,4,414
393947,17,1,10560,5,1,4,514
393972,73,5,18907,3,2,5,325
394054,8,1,2508,5,1,2,512
394294,16,1,2530,5,1,2,512
394366,27,1,579,5,1,1,511
394489,29,1,5424,5,1,3,513
394686,121,1,9198,1,1,4,114
394989,65,3,10638,3,2,4,324
395411,81,1,7458,3,1,3,313
395510,12,1,2116,5,1,1,511
395522,114,2,13740,1,1,5,115
395552,48,4,22277,4,2,5,425
395585,93,1,2277,2,1,1,211
395626,64,1,7550,3,1,3,313
395650,73,1,4700,3,1,3,313
395664,123,1,599,1,1,1,111
395684,64,1,5964,3,1,3,313
395745,131,1,3535,1,1,2,112
395920,56,1,159,4,1,1,411
395979,131,1,6480,1,1,3,113
396040,66,1,9868,3,1,4,314
396151,135,1,630,1,1,1,111
396571,59,7,63697,3,2,5,325
396709,99,1,2424,2,1,2,212
396761,102,3,22761,2,2,5,225
397078,40,1,6831,4,1,3,413
397091,92,1,9165,2,1,4,214
397111,52,1,5324,4,1,3,413
397272,116,1,3117,1,1,2,112
397297,14,1,18768,5,1,5,515
397350,105,1,4830,2,1,3,213
397522,91,1,3149,2,1,2,212
397573,64,1,787,3,1,1,311
397620,77,1,4092,3,1,2,312
397639,73,1,3701,3,1,2,312
397729,116,1,3504,1,1,2,112
397738,90,2,10588,2,1,4,214
398144,2,1,1865,5,1,1,511
398205,58,8,49582,4,2,5,425
398227,60,1,4954,3,1,3,313
398617,58,1,3290,4,1,2,412
398756,125,1,868,1,1,1,111
398779,100,1,14456,2,1,5,215
399094,45,1,8022,4,1,3,413
399290,24,1,1391,5,1,1,511
399822,53,2,4050,4,1,2,412
400159,82,2,12825,3,1,4,314
400271,62,1,4994,3,1,3,313
400596,114,1,10395,1,1,4,114
400676,129,1,408,1,1,1,111
400737,121,1,6224,1,1,3,113
400788,57,1,7588,4,1,3,413
400794,43,1,11412,4,1,4,414
400870,4,1,12729,5,1,4,514
400991,42,1,2856,4,1,2,412
401220,84,1,6222,3,1,3,313
401323,65,2,9069,3,1,4,314
401480,133,1,1476,1,1,1,111
401663,85,1,201,2,1,1,211
401855,92,1,8126,2,1,3,213
401860,101,1,1713,2,1,1,211
401899,84,1,9615,3,1,4,314
401979,19,3,14195,5,2,5,525
402224,38,1,9944,4,1,4,414
402233,114,1,10938,1,1,4,114
402416,119,3,30440,1,2,5,125
402529,92,1,1913,2,1,1,211
403042,29,1,2496,5,1,2,512
403341,106,1,7446,2,1,3,213
403374,136,1,618,1,1,1,111
403492,33,4,21370,4,2,5,425
403643,29,1,8418,5,1,4,514
403777,64,1,16068,3,1,5,315
403958,62,2,1017,3,1,1,311
404036,8,2,12790,5,1,4,514
404061,53,1,3262,4,1,2,412
404146,22,1,19576,5,1,5,515
404403,109,45,245263,2,2,5,225
404798,138,1,16724,1,1,5,115
404907,105,1,17436,2,1,5,215
404945,51,1,3855,4,1,2,412
405120,65,1,5715,3,1,3,313
405156,85,4,17645,2,2,5,225
405190,65,1,10964,3,1,4,314
405676,105,1,5316,2,1,3,213
405759,112,1,1156,1,1,1,111
405804,134,2,12508,1,1,4,114
405816,88,1,2444,2,1,2,212
406203,73,1,112,3,1,1,311
406325,112,1,6162,1,1,3,113
406338,126,1,14757,1,1,5,115
406584,127,1,4510,1,1,2,112
406902,38,1,898,4,1,1,411
407086,44,1,12952,4,1,4,414
407277,21,2,15750,5,1,5,515
407393,7,1,6232,5,1,3,513
407522,42,1,2762,4,1,2,412
407615,58,1,8316,4,1,4,414
407633,102,2,9808,2,1,4,214
407740,29,1,6060,5,1,3,513
407747,24,1,4122,5,1,2,512
407750,91,1,9026,2,1,4,214
407800,123,1,3729,1,1,2,112
407882,63,4,19503,3,2,5,325
408063,64,3,36297,3,2,5,325
408181,128,1,8913,1,1,4,114
408300,124,2,34936,1,1,5,115
408446,49,1,11160,4,1,4,414
408630,14,1,8464,5,1,4,514
408637,113,1,10179,1,1,4,114
408762,79,1,3100,3,1,2,312
408865,95,1,4400,2,1,2,212
408951,123,1,4850,1,1,3,113
409239,120,1,678,1,1,1,111
409412,21,1,416,5,1,1,511
409446,99,1,3576,2,1,2,212
409635,54,1,16628,4,1,5,415
409649,115,2,17476,1,1,5,115
409799,8,1,3977,5,1,2,512
409939,135,1,5328,1,1,3,113
410094,58,1,1348,4,1,1,411
410170,23,1,17832,5,1,5,515
410314,62,1,18928,3,1,5,315
410385,95,1,2537,2,1,2,212
410452,63,3,23252,3,2,5,325
410479,59,1,2849,3,1,2,312
410486,89,1,7688,2,1,3,213
410594,125,2,14673,1,1,5,115
410663,136,1,14625,1,1,5,115
410791,94,1,5658,2,1,3,213
410801,41,1,9576,4,1,4,414
410841,99,3,9453,2,2,4,224
411182,78,1,8595,3,1,4,314
411302,10,1,7452,5,1,3,513
411554,22,1,8313,5,1,4,514
411703,106,1,6189,2,1,3,213
411798,12,2,3077,5,1,2,512
412091,44,1,7347,4,1,3,413
412092,9,1,3196,5,1,2,512
412120,112,1,13302,1,1,4,114
412234,1,2,391,5,1,1,511
412239,68,1,9465,3,1,4,314
412249,54,1,3408,4,1,2,412
412298,52,1,9472,4,1,4,414
412353,133,1,4710,1,1,3,113
412374,35,1,10548,4,1,4,414
412403,134,2,16826,1,1,5,115
412611,39,16,92431,4,2,5,425
412692,46,1,4467,4,1,2,412
412758,77,1,8294,3,1,3,313
412781,58,2,11835,4,1,4,414
413096,104,1,4700,2,1,3,213
413174,10,1,849,5,1,1,511
413313,46,1,1867,4,1,1,411
413498,54,1,7824,4,1,3,413
413676,119,1,7504,1,1,3,113
413758,81,4,20047,3,2,5,325
413841,67,1,11672,3,1,4,314
413938,60,1,1910,3,1,1,311
414189,3,2,7874,5,1,3,513
414249,57,1,612,4,1,1,411
414307,44,1,14121,4,1,5,415
414326,119,1,4617,1,1,2,112
414380,73,2,24970,3,1,5,315
414480,54,1,82,4,1,1,411
414616,16,2,21378,5,1,5,515
415080,53,1,2264,4,1,1,411
415285,65,1,758,3,1,1,311
415316,70,1,4186,3,1,2,312
415345,18,1,1089,5,1,1,511
415453,76,2,13756,3,1,5,315
415471,133,1,10536,1,1,4,114
415617,95,1,4258,2,1,2,212
415676,98,1,4144,2,1,2,212
415859,119,1,986,1,1,1,111
415893,122,1,8954,1,1,4,114
415923,77,1,4767,3,1,3,313
416108,95,1,4923,2,1,3,213
416295,71,1,2703,3,1,2,312
416308,127,1,11454,1,1,4,114
416426,109,1,1676,2,1,1,211
416496,59,11,77647,3,2,5,325
416697,81,1,2897,3,1,2,312
416702,36,1,3896,4,1,2,412
416882,59,1,2468,3,1,2,312
417076,64,1,15,3,1,1,311
417153,21,1,2226,5,1,1,511
417161,128,1,2022,1,1,1,111
417215,97,1,7710,2,1,3,213
417312,123,4,29075,1,2,5,125
417594,128,3,15472,1,2,5,125
418092,22,1,5838,5,1,3,513
418115,65,1,3837,3,1,2,312
418229,4,1,2644,5,1,2,512
418307,57,1,13890,4,1,5,415
418591,85,1,13532,2,1,4,214
418630,65,2,15514,3,1,5,315
418715,97,2,9117,2,1,4,214
418745,18,1,19120,5,1,5,515
418774,132,1,2968,1,1,2,112
418867,52,2,10990,4,1,4,414
418925,26,1,586,5,1,1,511
418959,73,1,10004,3,1,4,314
418973,34,1,14396,4,1,5,415
419048,108,1,1452,2,1,1,211
419333,81,1,2021,3,1,1,311
419475,10,2,9216,5,1,4,514
419532,85,1,5205,2,1,3,213
419535,136,1,392,1,1,1,111
419612,61,1,15036,3,1,5,315
420421,66,1,7092,3,1,3,313
420548,61,1,9150,3,1,4,314
420572,84,1,2369,3,1,2,312
420780,16,1,5556,5,1,3,513
420807,7,1,1178,5,1,1,511
420941,110,1,2820,2,1,2,212
421085,12,1,7041,5,1,3,513
421133,40,1,3476,4,1,2,412
421440,88,1,16580,2,1,5,215
421656,39,1,14740,4,1,5,415
422045,108,2,13263,2,1,4,214
422169,42,1,8952,4,1,4,414
422291,75,1,4164,3,1,2,312
422603,65,2,5164,3,1,3,313
422618,16,1,14008,5,1,5,515
422668,114,2,18480,1,1,5,115
422745,127,2,10420,1,1,4,114
422787,109,1,3484,2,1,2,212
422894,100,2,11750,2,1,4,214
423185,45,1,7270,4,1,3,413
423686,127,1,721,1,1,1,111
423912,132,1,13143,1,1,4,114
424432,116,1,12183,1,1,4,114
424452,88,1,6528,2,1,3,213
424472,57,4,19733,4,2,5,425
424643,107,1,6068,2,1,3,213
424706,93,1,6582,2,1,3,213
424759,32,1,1172,4,1,1,411
424807,92,1,3425,2,1,2,212
424884,32,1,7956,4,1,3,413
424955,57,1,2699,4,1,2,412
425069,108,2,9890,2,1,4,214
425131,75,1,3552,3,1,2,312
425356,39,1,9609,4,1,4,414
425428,18,1,4161,5,1,2,512
425539,125,2,16284,1,1,5,115
425614,22,1,3941,5,1,2,512
425648,44,1,2992,4,1,2,412
425801,33,1,5196,4,1,3,413
426015,20,1,18804,5,1,5,515
426059,135,1,923,1,1,1,111
426208,91,1,9280,2,1,4,214
426226,79,1,9556,3,1,4,314
426297,138,1,460,1,1,1,111
427158,36,1,5256,4,1,3,413
427234,49,1,1617,4,1,1,411
427346,134,1,7065,1,1,3,113
427353,39,1,8134,4,1,3,413
427421,94,1,15768,2,1,5,215
427504,16,3,16777,5,2,5,525
427583,59,1,2877,3,1,2,312
427619,28,1,8346,5,1,4,514
427622,7,3,22372,5,2,5,525
427675,135,1,240,1,1,1,111
427724,123,2,6294,1,1,3,113
427756,0,1,939,5,1,1,511
427854,58,1,4671,4,1,3,413
427943,21,1,3728,5,1,2,512
427949,11,1,3843,5,1,2,512
428022,45,1,4747,4,1,3,413
428189,52,1,3838,4,1,2,412
428220,101,1,4512,2,1,2,212
428251,83,1,2726,3,1,2,312
428397,46,1,3287,4,1,2,412
428415,25,1,4272,5,1,2,512
428516,85,1,12800,2,1,4,214
428853,86,1,8266,2,1,3,213
428870,115,1,7810,1,1,3,113
428886,106,1,8812,2,1,4,214
428964,127,1,1731,1,1,1,111
428976,65,1,1524,3,1,1,311
429035,37,13,45522,4,2,5,425
429126,113,1,5058,1,1,3,113
429139,66,1,18400,3,1,5,315
429169,45,1,9720,4,1,4,414
429195,119,1,2601,1,1,2,112
429213,105,2,27510,2,1,5,215
429418,138,3,19377,1,2,5,125
429461,11,2,5471,5,1,3,513
429610,6,1,13620,5,1,4,514
429764,47,1,9722,4,1,4,414
430099,79,1,1271,3,1,1,311
430152,24,1,17900,5,1,5,515
430186,94,1,7348,2,1,3,213
430190,94,1,3642,2,1,2,212
430234,65,1,2347,3,1,2,312
430569,93,1,5500,2,1,3,213
430663,8,4,22181,5,2,5,525
430822,92,2,10639,2,1,4,214
430907,88,1,9972,2,1,4,214
430913,6,12,63658,5,2,5,525
430945,31,1,1682,4,1,1,411
431138,67,1,2253,3,1,1,311
431790,36,1,1172,4,1,1,411
431811,104,1,736,2,1,1,211
431937,68,1,11823,3,1,4,314
431941,78,1,18044,3,1,5,315
431956,128,1,11385,1,1,4,114
432060,138,1,1625,1,1,1,111
432140,18,1,570,5,1,1,511
432335,44,1,2450,4,1,2,412
432343,135,1,8332,1,1,4,114
432345,42,1,14058,4,1,5,415
432404,36,2,8805,4,1,4,414
432499,107,2,175,2,1,1,211
432569,96,1,4282,2,1,2,212
432644,39,1,8228,4,1,3,413
432814,46,1,8798,4,1,4,414
433031,137,1,982,1,1,1,111
433067,105,2,12493,2,1,4,214
433111,19,2,8555,5,1,4,514
433148,129,1,9870,1,1,4,114
433256,15,1,15880,5,1,5,515
433471,110,1,2867,2,1,2,212
433583,83,6,32663,3,2,5,325
433786,60,1,206,3,1,1,311
433791,20,2,24546,5,1,5,515
434180,101,2,10135,2,1,4,214
434250,6,2,7441,5,1,3,513
434317,45,1,5151,4,1,3,413
434333,131,1,8709,1,1,4,114
434418,106,3,14598,2,2,5,225
434489,101,1,8382,2,1,4,214
434493,136,1,7540,1,1,3,113
434507,25,1,879,5,1,1,511
434563,80,1,4452,3,1,2,312
434601,85,1,3913,2,1,2,212
434803,3,4,11501,5,2,4,524
434900,137,1,354,1,1,1,111
434902,4,1,7636,5,1,3,513
435019,135,1,1736,1,1,1,111
435041,30,1,550,5,1,1,511
435104,103,1,2468,2,1,2,212
435144,123,1,11289,1,1,4,114
435336,94,1,5202,2,1,3,213
435495,138,1,1286,1,1,1,111
435603,15,1,4408,5,1,2,512
435940,114,1,16964,1,1,5,115
435977,116,2,16759,1,1,5,115
436023,10,1,18744,5,1,5,515
436334,122,1,1034,1,1,1,111
436380,93,1,5716,2,1,3,213
436517,18,1,386,5,1,1,511
436639,114,1,3724,1,1,2,112
436662,92,1,7932,2,1,3,213
436797,99,1,1363,2,1,1,211
436967,14,1,16816,5,1,5,515
437102,87,1,18964,2,1,5,215
437906,25,1,6782,5,1,3,513
437984,81,1,8031,3,1,3,313
438222,76,1,2940,3,1,2,312
438357,113,1,2175,1,1,1,111
438441,106,47,339943,2,2,5,225
438605,31,1,6424,4,1,3,413
438780,64,8,44211,3,2,5,325
439626,2,1,9116,5,1,4,514
439737,83,1,15472,3,1,5,315
439811,116,2,10665,1,1,4,114
440136,75,1,5631,3,1,3,313
440213,87,1,4777,2,1,3,213
440289,88,1,12558,2,1,4,214
440481,102,1,2778,2,1,2,212
440486,136,1,4662,1,1,3,113
440612,129,2,8753,1,1,4,114
440630,11,1,9772,5,1,4,514
440666,68,1,4134,3,1,2,312
440745,114,1,10701,1,1,4,114
440802,71,2,6431,3,1,3,313
440899,112,1,7206,1,1,3,113
440941,60,1,1816,3,1,1,311
441024,11,4,35712,5,2,5,525
441318,114,1,6102,1,1,3,113
441381,111,1,4803,2,1,3,213
441470,135,1,17604,1,1,5,115
441506,58,2,16573,4,1,5,415
441527,61,1,9160,3,1,4,314
441641,135,1,13408,1,1,4,114
441688,78,1,4484,3,1,2,312
441737,70,1,4521,3,1,2,312
441782,9,1,8934,5,1,4,514
441858,92,1,7587,2,1,3,213
442319,112,1,14216,1,1,5,115
442692,114,1,512,1,1,1,111
442771,37,1,19168,4,1,5,415
442882,128,1,422,1,1,1,111
442911,58,1,5384,4,1,3,413
443006,43,1,18640,4,1,5,415
443013,4,1,2230,5,1,1,511
443200,84,1,8012,3,1,3,313
443581,115,1,982,1,1,1,111
443938,126,1,8834,1,1,4,114
444320,71,1,6878,3,1,3,313
444359,22,1,5364,5,1,3,513
444654,56,1,2620,4,1,2,412
444847,91,2,17636,2,1,5,215
445175,87,1,193,2,1,1,211
445226,112,1,8206,1,1,3,113
445245,17,1,7128,5,1,3,513
445564,118,1,5544,1,1,3,113
445764,105,1,982,2,1,1,211
446044,95,1,12696,2,1,4,214
446062,46,1,6284,4,1,3,413
446206,114,3,26672,1,2,5,125
446252,49,1,2860,4,1,2,412
446421,115,1,4781,1,1,3,113
446543,21,1,952,5,1,1,511
446718,79,1,1884,3,1,1,311
446730,93,1,2110,2,1,1,211
446744,100,1,10410,2,1,4,214
446931,106,2,4500,2,1,2,212
446985,37,2,4349,4,1,2,412
447078,72,1,10167,3,1,4,314
447164,115,1,2631,1,1,2,112
447235,54,1,4292,4,1,2,412
447385,73,1,71,3,1,1,311
447405,85,4,29913,2,2,5,225
447407,85,1,12496,2,1,4,214
447415,135,4,34274,1,2,5,125
447934,52,1,1234,4,1,1,411
447985,104,1,3417,2,1,2,212
448326,77,1,8140,3,1,3,313
448356,54,1,5800,4,1,3,413
448370,57,1,2358,4,1,2,412
448386,70,1,4744,3,1,3,313
448398,91,2,1729,2,1,1,211
449026,42,1,4528,4,1,2,412
449226,132,1,664,1,1,1,111
449371,58,1,2468,4,1,2,412
449506,16,1,7388,5,1,3,513
449727,3,2,7340,5,1,3,513
449785,72,2,12505,3,1,4,314
449843,52,1,2280,4,1,1,411
450043,99,1,13575,2,1,4,214
450090,51,1,806,4,1,1,411
450098,44,1,14832,4,1,5,415
450190,138,1,8646,1,1,4,114
450303,11,1,9252,5,1,4,514
450322,98,1,648,2,1,1,211
450579,115,1,9716,1,1,4,114
450596,23,1,6496,5,1,3,513
450702,43,2,11300,4,1,4,414
450732,50,2,15721,4,1,5,415
450873,102,1,1020,2,1,1,211
450950,92,1,8230,2,1,3,213
450966,44,1,3212,4,1,2,412
450977,113,1,2628,1,1,2,112
451001,115,1,7468,1,1,3,113
451072,14,1,3676,5,1,2,512
451106,107,1,570,2,1,1,211
451189,13,1,5118,5,1,3,513
451333,132,1,2261,1,1,1,111
451610,94,1,3856,2,1,2,212
451673,103,4,26362,2,2,5,225
451676,59,1,250,3,1,1,311
451822,58,1,3940,4,1,2,412
451953,29,2,31717,5,1,5,515
451990,37,1,1462,4,1,1,411
452009,48,1,11391,4,1,4,414
452090,116,1,11944,1,1,4,114
452114,90,1,672,2,1,1,211
452149,34,1,7140,4,1,3,413
452189,119,1,6544,1,1,3,113
452250,50,1,113,4,1,1,411
452316,115,1,12930,1,1,4,114
452625,132,1,1407,1,1,1,111
452649,52,1,4484,4,1,2,412
452653,124,1,5632,1,1,3,113
452811,50,1,888,4,1,1,411
452965,71,1,332,3,1,1,311
453067,114,2,26120,1,1,5,115
453287,91,1,11616,2,1,4,214
453323,122,1,15148,1,1,5,115
453338,51,1,1480,4,1,1,411
453409,134,1,6998,1,1,3,113
453926,12,1,7178,5,1,3,513
453995,47,1,9614,4,1,4,414
454102,94,2,16722,2,1,5,215
454180,95,1,10419,2,1,4,214
454363,117,1,2144,1,1,1,111
454380,23,1,3328,5,1,2,512
454636,128,1,1746,1,1,1,111
454654,14,6,30320,5,2,5,525
454690,114,1,2982,1,1,2,112
454731,117,1,14196,1,1,5,115
454808,81,1,9402,3,1,4,314
454812,125,1,9044,1,1,4,114
454907,88,1,822,2,1,1,211
455050,26,1,2404,5,1,2,512
455136,50,1,3719,4,1,2,412
455241,5,1,8010,5,1,3,513
455429,82,1,3175,3,1,2,312
455557,60,8,52660,3,2,5,325
455562,100,1,8661,2,1,4,214
455580,120,1,3804,1,1,2,112
455628,92,1,5520,2,1,3,213
455863,8,1,3069,5,1,2,512
456000,83,1,6516,3,1,3,313
456079,109,1,1848,2,1,1,211
456252,27,1,12404,5,1,4,514
456502,66,1,3360,3,1,2,312
456617,102,3,12880,2,2,4,224
456741,73,2,20853,3,1,5,315
456829,72,1,7136,3,1,3,313
457028,29,2,6599,5,1,3,513
457097,77,1,9668,3,1,4,314
457246,35,1,15512,4,1,5,415
457524,46,1,8364,4,1,4,414
457547,70,11,79079,3,2,5,325
457831,127,1,14592,1,1,5,115
457978,17,5,21733,5,2,5,525
458059,136,1,12057,1,1,4,114
458069,44,1,2094,4,1,1,411
458095,89,1,1234,2,1,1,211
458108,87,1,880,2,1,1,211
458267,84,1,7107,3,1,3,313
458337,129,2,19665,1,1,5,115
458400,13,1,12272,5,1,4,514
458738,61,1,1628,3,1,1,311
458788,53,3,20457,4,2,5,425
458856,114,1,7392,1,1,3,113
458889,93,1,14992,2,1,5,215
458981,128,2,11534,1,1,4,114
459290,12,2,7664,5,1,3,513
459332,79,1,320,3,1,1,311
459752,94,1,6110,2,1,3,213
459834,100,1,8062,2,1,3,213
459986,88,1,16620,2,1,5,215
460170,43,1,4209,4,1,2,412
460227,4,1,4612,5,1,2,512
460240,36,2,6934,4,1,3,413
460412,137,1,4644,1,1,2,112
460425,13,1,17468,5,1,5,515
460599,100,2,5502,2,1,3,213
460601,97,4,23767,2,2,5,225
460668,59,1,2304,3,1,2,312
460720,15,1,9288,5,1,4,514
460900,21,1,9938,5,1,4,514
460926,68,1,8626,3,1,4,314
461088,88,1,16972,2,1,5,215
461094,136,1,8228,1,1,3,113
461414,82,1,3513,3,1,2,312
461468,47,1,5708,4,1,3,413
461700,77,1,1978,3,1,1,311
461703,138,2,2705,1,1,2,112
461960,122,2,7695,1,1,3,113
462027,106,1,8482,2,1,4,214
462756,92,1,14104,2,1,5,215
463060,82,1,19108,3,1,5,315
463111,4,1,2640,5,1,2,512
463202,77,1,770,3,1,1,311
463223,16,2,6278,5,1,3,513
463354,37,1,7644,4,1,3,413
463366,43,1,5722,4,1,3,413
463408,73,1,9156,3,1,4,314
463466,12,1,284,5,1,1,511
463688,9,1,4770,5,1,3,513
463740,26,1,9944,5,1,4,514
463917,127,1,12630,1,1,4,114
464138,109,1,17884,2,1,5,215
464250,70,1,4768,3,1,3,313
464410,34,10,38978,4,2,5,425
464435,75,3,5288,3,2,3,323
465427,37,1,6140,4,1,3,413
465431,71,2,11888,3,1,4,314
465507,98,1,17128,2,1,5,215
465669,16,1,2678,5,1,2,512
465862,31,2,19303,4,1,5,415
465949,63,1,2691,3,1,2,312
465974,21,1,8510,5,1,4,514
465999,111,1,9508,2,1,4,214
466004,23,1,1351,5,1,1,511
466227,53,1,13197,4,1,4,414
466290,135,1,14856,1,1,5,115
466364,25,1,4934,5,1,3,513
466583,8,1,309,5,1,1,511
466691,22,2,16062,5,1,5,515
466805,55,1,2718,4,1,2,412
466834,15,1,1290,5,1,1,511
466869,73,1,2295,3,1,2,312
466944,2,1,14796,5,1,5,515
467086,136,1,9429,1,1,4,114
467433,87,1,2211,2,1,1,211
467595,61,1,3604,3,1,2,312
467775,11,1,12200,5,1,4,514
467899,77,4,49351,3,2,5,325
468035,67,1,14952,3,1,5,315
468096,3,1,1695,5,1,1,511
468154,107,1,380,2,1,1,211
468301,25,1,8886,5,1,4,514
468318,59,2,10928,3,1,4,314
468466,114,8,55490,1,2,5,125
468499,33,1,3910,4,1,2,412
468595,79,1,13164,3,1,4,314
468853,136,1,452,1,1,1,111
468986,121,1,4972,1,1,3,113
469022,3,13,68201,5,2,5,525
469048,115,2,15158,1,1,5,115
469105,107,1,6834,2,1,3,213
469410,114,3,20844,1,2,5,125
469559,64,1,10695,3,1,4,314
469785,79,1,3532,3,1,2,312
469791,123,1,4370,1,1,2,112
470165,108,1,2869,2,1,2,212
470176,47,1,9868,4,1,4,414
470316,74,1,14856,3,1,5,315
470377,128,1,14532,1,1,5,115
470444,31,1,11084,4,1,4,414
470487,18,1,1504,5,1,1,511
470579,52,1,12568,4,1,4,414
470745,125,1,2584,1,1,2,112
470859,134,1,7070,1,1,3,113
470891,128,1,14808,1,1,5,115
470959,16,3,29091,5,2,5,525
471176,61,1,771,3,1,1,311
471210,74,1,4053,3,1,2,312
471338,67,1,12260,3,1,4,314
471437,49,1,5949,4,1,3,413
471485,83,1,2486,3,1,2,312
471670,63,1,2418,3,1,2,312
471929,129,2,14731,1,1,5,115
471950,35,1,14612,4,1,5,415
472290,30,5,37779,5,2,5,525
472487,103,2,15056,2,1,5,215
472614,127,1,442,1,1,1,111
473021,116,1,6210,1,1,3,113
473074,28,1,18396,5,1,5,515
473078,17,1,4161,5,1,2,512
473357,50,1,5910,4,1,3,413
473366,129,1,4754,1,1,3,113
474257,88,1,19500,2,1,5,215
474313,69,1,3987,3,1,2,312
474497,31,1,458,4,1,1,411
474650,110,1,1512,2,1,1,211
474912,74,1,4476,3,1,2,312
474956,32,1,2436,4,1,2,412
474972,133,1,9002,1,1,4,114
475172,7,13,110642,5,2,5,525
475204,80,2,8309,3,1,4,314
475268,119,1,6214,1,1,3,113
475303,133,1,3055,1,1,2,112
475447,123,1,8265,1,1,3,113
475479,58,14,89013,4,2,5,425
475717,9,1,1332,5,1,1,511
475994,111,1,17056,2,1,5,215
476125,51,1,5391,4,1,3,413
476132,79,1,5614,3,1,3,313
476165,134,1,5073,1,1,3,113
476207,128,1,6009,1,1,3,113
476273,57,1,7204,4,1,3,413
476523,72,3,17262,3,2,5,325
476773,113,1,11982,1,1,4,114
476780,61,1,3395,3,1,2,312
476870,103,1,4782,2,1,3,213
477155,113,1,3906,1,1,2,112
477390,106,1,624,2,1,1,211
477505,118,1,2301,1,1,2,112
477566,52,2,16780,4,1,5,415
477743,31,1,5020,4,1,3,413
477826,53,27,130042,4,2,5,425
477941,118,1,2026,1,1,1,111
478054,114,14,64984,1,2,5,125
478518,87,2,12282,2,1,4,214
478763,107,1,1302,2,1,1,211
478902,8,1,10700,5,1,4,514
478995,60,1,7164,3,1,3,313
479005,46,1,11328,4,1,4,414
479127,25,1,3644,5,1,2,512
479324,108,1,3054,2,1,2,212
479343,134,1,4945,1,1,3,113
479891,92,1,11391,2,1,4,214
480000,81,1,13728,3,1,5,315
480011,15,1,3948,5,1,2,512
480064,123,1,2958,1,1,2,112
480198,45,1,13004,4,1,4,414
480203,32,2,18493,4,1,5,415
480399,7,1,5996,5,1,3,513
480440,3,1,7161,5,1,3,513
480552,79,1,4274,3,1,2,312
480593,109,1,7120,2,1,3,213
480624,10,1,4616,5,1,2,512
480628,107,1,11226,2,1,4,214
480666,112,1,5769,1,1,3,113
480722,131,1,1243,1,1,1,111
480744,115,3,14115,1,2,5,125
480933,50,2,5452,4,1,3,413
481102,125,1,14952,1,1,5,115
481437,57,7,33804,4,2,5,425
481481,126,1,9904,1,1,4,114
481630,126,1,9712,1,1,4,114
481830,122,1,7816,1,1,3,113
481873,31,1,9948,4,1,4,414
481915,31,1,4865,4,1,3,413
481982,63,2,9786,3,1,4,314
482240,64,1,12396,3,1,4,314
482401,44,1,14680,4,1,5,415
482439,108,1,808,2,1,1,211
482558,53,1,9772,4,1,4,414
482614,22,1,17156,5,1,5,515
482752,25,2,22527,5,1,5,515
483048,9,1,760,5,1,1,511
483098,111,1,12084,2,1,4,214
483168,99,1,3220,2,1,2,212
483194,77,1,13216,3,1,4,314
483303,104,1,4442,2,1,2,212
483316,44,1,9771,4,1,4,414
483336,54,2,20496,4,1,5,415
483363,116,4,22447,1,2,5,125
483471,115,3,22582,1,2,5,125
483743,67,1,4492,3,1,2,312
484064,6,1,1605,5,1,1,511
484291,116,1,9604,1,1,4,114
484451,87,1,6744,2,1,3,213
484459,54,1,13836,4,1,5,415
484584,21,1,9908,5,1,4,514
484641,113,2,5416,1,1,3,113
484875,11,1,8812,5,1,4,514
485161,94,1,4572,2,1,2,212
485368,58,3,18492,4,2,5,425
485680,34,1,6680,4,1,3,413
485689,52,3,19282,4,2,5,425
485699,35,1,1292,4,1,1,411
485795,30,2,19745,5,1,5,515
485812,6,1,1577,5,1,1,511
485995,54,1,13724,4,1,5,415
486312,14,2,16134,5,1,5,515
486346,67,1,336,3,1,1,311
486538,38,1,2937,4,1,2,412
486681,86,1,10912,2,1,4,214
486906,60,1,18460,3,1,5,315
486983,102,1,3197,2,1,2,212
487062,4,1,4693,5,1,3,513
487295,72,1,2372,3,1,2,312
487536,27,1,1625,5,1,1,511
487541,46,1,13140,4,1,4,414
487568,29,1,2931,5,1,2,512
487723,117,1,4203,1,1,2,112
487926,132,2,16070,1,1,5,115
488020,43,2,14562,4,1,5,415
488277,107,1,7460,2,1,3,213
488322,58,3,23392,4,2,5,425
488343,71,1,4840,3,1,3,313
488462,64,1,9868,3,1,4,314
488490,119,1,1571,1,1,1,111
488712,46,1,1296,4,1,1,411
488723,121,1,2349,1,1,2,112
488858,49,5,46676,4,2,5,425
489033,53,1,14000,4,1,5,415
489217,112,1,2244,1,1,1,111
489659,115,1,9712,1,1,4,114
490113,74,1,2461,3,1,2,312
490177,93,1,3788,2,1,2,212
490223,22,2,3380,5,1,2,512
490604,17,1,9813,5,1,4,514
490684,70,1,1876,3,1,1,311
490755,52,1,4383,4,1,2,412
490761,100,3,23327,2,2,5,225
490857,73,1,9512,3,1,4,314
490916,116,1,4624,1,1,2,112
491108,56,2,11231,4,1,4,414
491192,22,1,3466,5,1,2,512
491245,133,1,18556,1,1,5,115
491280,126,1,1364,1,1,1,111
491323,89,2,17137,2,1,5,215
491610,8,1,1567,5,1,1,511
491657,91,1,162,2,1,1,211
491737,37,1,3057,4,1,2,412
491895,94,1,14644,2,1,5,215
491908,129,2,10698,1,1,4,114
491949,50,1,5524,4,1,3,413
491961,6,2,490,5,1,1,511
492191,111,1,12378,2,1,4,214
492384,47,1,6264,4,1,3,413
492404,63,1,13125,3,1,4,314
492432,37,1,19360,4,1,5,415
492470,86,1,5400,2,1,3,213
492796,76,2,1776,3,1,1,311
492800,58,1,486,4,1,1,411
492867,134,2,1370,1,1,1,111
493111,110,1,3946,2,1,2,212
493156,64,1,7560,3,1,3,313
493213,60,1,2806,3,1,2,312
493231,120,1,4393,1,1,2,112
493239,78,1,3652,3,1,2,312
493320,129,1,19016,1,1,5,115
493601,78,1,11028,3,1,4,314
493613,102,1,3034,2,1,2,212
493708,9,2,8460,5,1,4,514
493930,22,1,4511,5,1,2,512
494059,121,3,12304,1,2,4,124
494239,107,1,2290,2,1,1,211
494335,106,1,5424,2,1,3,213
494369,102,1,11856,2,1,4,214
494396,106,1,1322,2,1,1,211
494464,74,2,20606,3,1,5,315
494576,80,1,11214,3,1,4,314
494643,19,1,2208,5,1,1,511
494728,10,1,1104,5,1,1,511
494791,125,1,14480,1,1,5,115
495095,22,1,2127,5,1,1,511
495139,115,1,2347,1,1,2,112
495152,126,2,9518,1,1,4,114
495385,115,1,4644,1,1,2,112
495597,58,1,8950,4,1,4,414
495782,72,1,102,3,1,1,311
496310,51,1,10077,4,1,4,414
496313,60,1,4491,3,1,2,312
496425,113,1,1383,1,1,1,111
496489,52,1,4912,4,1,3,413
496628,74,1,4536,3,1,2,312
496689,13,1,3314,5,1,2,512
496796,79,1,1539,3,1,1,311
496986,40,1,173,4,1,1,411
497100,24,4,16036,5,2,5,525
497167,109,2,4088,2,1,2,212
497270,59,1,1420,3,1,1,311
497351,23,1,7449,5,1,3,513
497371,9,9,82579,5,2,5,525
497449,16,1,11928,5,1,4,514
497546,105,2,8178,2,1,3,213
497721,67,1,10664,3,1,4,314
497761,90,2,12987,2,1,4,214
497789,127,1,13692,1,1,5,115
497826,109,1,904,2,1,1,211
497827,51,2,8914,4,1,4,414
497935,129,4,13255,1,2,4,124
498134,14,1,14472,5,1,5,515
498136,3,2,9997,5,1,4,514
498233,62,1,3730,3,1,2,312
498259,121,1,640,1,1,1,111
498381,103,1,3550,2,1,2,212
498657,32,1,576,4,1,1,411
498856,28,3,18775,5,2,5,525
499155,74,1,164,3,1,1,311
499246,71,2,7254,3,1,3,313
499382,71,1,5108,3,1,3,313
499686,135,4,27775,1,2,5,125
499745,60,1,2400,3,1,2,312
499833,107,1,13029,2,1,4,214
499910,84,1,4786,3,1,3,313
500008,109,1,6938,2,1,3,213
500130,44,4,28127,4,2,5,425
500167,32,1,1263,4,1,1,411
500412,106,1,2698,2,1,2,212
501099,16,1,13384,5,1,4,514
501184,90,2,17493,2,1,5,215
501189,120,1,3813,1,1,2,112
501391,128,1,2207,1,1,1,111
501429,9,1,3744,5,1,2,512
501594,66,1,4552,3,1,2,312
501814,8,3,16003,5,2,5,525
502083,94,1,13413,2,1,4,214
502170,42,1,9270,4,1,4,414
502189,99,3,15583,2,2,5,225
502408,50,2,6997,4,1,3,413
502586,31,1,5466,4,1,3,413
502593,123,1,3230,1,1,2,112
502646,79,1,4068,3,1,2,312
502658,9,1,3207,5,1,2,512
502778,118,2,5127,1,1,3,113
502892,123,1,4173,1,1,2,112
502974,92,1,1622,2,1,1,211
503040,123,1,3235,1,1,2,112
503136,30,1,2801,5,1,2,512
503405,135,1,18860,1,1,5,115
503427,131,1,13383,1,1,4,114
503469,115,1,4257,1,1,2,112
503489,94,1,6618,2,1,3,213
503511,104,1,548,2,1,1,211
503542,127,1,3548,1,1,2,112
503587,9,1,9830,5,1,4,514
503671,84,1,544,3,1,1,311
503691,27,1,3392,5,1,2,512
503800,136,1,2688,1,1,2,112
503857,105,19,135404,2,2,5,225
503889,10,1,2770,5,1,2,512
503891,98,1,596,2,1,1,211
503906,14,1,1420,5,1,1,511
504204,74,1,1776,3,1,1,311
504634,83,1,1828,3,1,1,311
504656,81,2,5349,3,1,3,313
504827,94,1,2660,2,1,2,212
504901,108,1,8716,2,1,4,214
504978,128,1,8194,1,1,3,113
505168,117,1,3076,1,1,2,112
505313,59,1,2796,3,1,2,312
505455,82,1,1498,3,1,1,311
505471,52,2,12119,4,1,4,414
505565,109,1,2214,2,1,1,211
505568,56,2,25635,4,1,5,415
505739,100,1,7988,2,1,3,213
505824,93,1,8912,2,1,4,214
505988,137,1,9622,1,1,4,114
506007,102,1,3666,2,1,2,212
506086,70,1,1096,3,1,1,311
506260,25,1,586,5,1,1,511
506308,110,3,29636,2,2,5,225
506467,106,1,4504,2,1,2,212
506763,88,1,1865,2,1,1,211
506800,77,1,552,3,1,1,311
506838,13,1,6228,5,1,3,513
506843,85,1,10584,2,1,4,214
506913,69,1,1935,3,1,1,311
507103,110,2,9325,2,1,4,214
507246,57,1,6546,4,1,3,413
507351,88,1,13620,2,1,4,214
507593,40,1,10815,4,1,4,414
507612,7,1,1240,5,1,1,511
507743,79,1,2839,3,1,2,312
507994,51,1,14415,4,1,5,415
508278,57,1,4090,4,1,2,412
508334,104,1,1515,2,1,1,211
508520,121,1,10587,1,1,4,114
508609,133,1,1288,1,1,1,111
508655,10,1,7464,5,1,3,513
508719,3,1,7104,5,1,3,513
508863,118,1,1172,1,1,1,111
508929,135,1,725,1,1,1,111
509017,17,2,1644,5,1,1,511
509109,115,4,18494,1,2,5,125
509343,92,2,25886,2,1,5,215
509346,18,4,16261,5,2,5,525
509434,3,1,1981,5,1,1,511
509444,57,6,36086,4,2,5,425
509679,117,1,2273,1,1,1,111
509833,99,1,11848,2,1,4,214
510215,21,1,9498,5,1,4,514
510429,9,1,2467,5,1,2,512
510546,22,1,4531,5,1,2,512
510974,93,1,2384,2,1,2,212
511086,60,1,1406,3,1,1,311
511161,49,1,7923,4,1,3,413
511312,30,1,5332,5,1,3,513
511438,83,1,4065,3,1,2,312
511646,114,2,14345,1,1,5,115
511708,78,1,2790,3,1,2,312
511779,115,1,7468,1,1,3,113
512033,13,4,28070,5,2,5,525
512180,66,1,4107,3,1,2,312
512281,43,1,553,4,1,1,411
512833,129,1,10620,1,1,4,114
512920,127,1,4611,1,1,2,112
513361,2,1,9219,5,1,4,514
513374,10,1,14517,5,1,5,515
513408,20,1,5696,5,1,3,513
513479,92,1,3916,2,1,2,212
513497,115,1,864,1,1,1,111
513593,52,1,2276,4,1,1,411
513830,28,1,2660,5,1,2,512
513854,9,1,6610,5,1,3,513
513984,33,2,21928,4,1,5,415
514028,28,1,2467,5,1,2,512
514217,113,1,8698,1,1,4,114
514625,26,1,3195,5,1,2,512
514740,126,1,7638,1,1,3,113
514825,65,2,8706,3,1,4,314
514943,82,1,14526,3,1,5,315
515710,31,1,12744,4,1,4,414
515716,23,1,694,5,1,1,511
515719,43,1,4272,4,1,2,412
515890,65,3,30678,3,2,5,325
515906,17,1,15600,5,1,5,515
515962,59,2,13750,3,1,5,315
515977,117,1,1536,1,1,1,111
516143,28,1,5520,5,1,3,513
516157,31,1,4824,4,1,3,413
516166,138,1,5398,1,1,3,113
516261,95,2,22996,2,1,5,215
516355,20,1,7808,5,1,3,513
516563,44,2,31652,4,1,5,415
516648,116,1,3833,1,1,2,112
516732,24,3,9912,5,2,4,524
516778,32,1,4901,4,1,3,413
516784,87,1,4208,2,1,2,212
517019,58,1,3051,4,1,2,412
517088,118,1,8943,1,1,4,114
517613,69,1,5073,3,1,3,313
517690,114,1,9396,1,1,4,114
517720,108,1,16692,2,1,5,215
517951,134,1,9020,1,1,4,114
518294,89,1,1203,2,1,1,211
518417,59,1,4063,3,1,2,312
518461,58,1,3062,4,1,2,412
518659,11,40,242579,5,2,5,525
519103,55,1,4904,4,1,3,413
519346,44,1,172,4,1,1,411
519535,126,1,7232,1,1,3,113
519563,23,1,17792,5,1,5,515
519586,22,1,597,5,1,1,511
519736,61,1,9556,3,1,4,314
519839,68,38,221126,3,2,5,325
519885,52,6,61874,4,2,5,425
519945,53,1,1421,4,1,1,411
519955,36,1,10521,4,1,4,414
520238,32,1,697,4,1,1,411
520278,111,1,2388,2,1,2,212
520400,117,1,660,1,1,1,111
520459,43,1,5848,4,1,3,413
520501,130,2,37000,1,1,5,115
520510,6,1,4042,5,1,2,512
521014,135,1,4754,1,1,3,113
521228,93,1,5148,2,1,3,213
521261,86,1,6916,2,1,3,213
521286,123,1,10896,1,1,4,114
521419,96,1,1452,2,1,1,211
521451,16,1,3205,5,1,2,512
521488,64,4,37280,3,2,5,325
521494,65,1,14517,3,1,5,315
521563,84,3,11780,3,2,4,324
521576,10,1,1876,5,1,1,511
521580,81,1,5240,3,1,3,313
521734,102,1,764,2,1,1,211
521802,52,1,3599,4,1,2,412
521833,127,1,6920,1,1,3,113
521841,63,1,18244,3,1,5,315
522018,75,1,9456,3,1,4,314
522192,35,1,4707,4,1,3,413
522427,21,2,8502,5,1,4,514
522428,64,1,258,3,1,1,311
522568,29,3,5236,5,2,3,523
522644,52,2,8585,4,1,4,414
522739,54,3,6278,4,2,3,423
523058,15,1,18744,5,1,5,515
523281,123,1,6530,1,1,3,113
523381,98,1,3267,2,1,2,212
523543,129,1,2799,1,1,2,112
523640,130,2,1182,1,1,1,111
523654,48,1,4350,4,1,2,412
523663,9,2,9000,5,1,4,514
523703,58,2,5838,4,1,3,413
523878,106,1,9400,2,1,4,214
523988,11,1,7968,5,1,3,513
524115,118,4,10901,1,2,4,124
524146,76,2,16543,3,1,5,315
524680,41,1,5848,4,1,3,413
524682,60,1,1372,3,1,1,311
524905,33,1,3294,4,1,2,412
524974,18,1,16016,5,1,5,515
525008,10,1,15100,5,1,5,515
525170,74,2,24535,3,1,5,315
525173,123,1,3402,1,1,2,112
525183,110,1,2811,2,1,2,212
525397,60,2,8180,3,1,3,313
525437,127,1,4200,1,1,2,112
525445,67,2,9670,3,1,4,314
525529,93,1,3912,2,1,2,212
525851,27,1,9027,5,1,4,514
526081,59,1,3211,3,1,2,312
526183,70,1,4221,3,1,2,312
526452,124,1,698,1,1,1,111
526603,4,1,1981,5,1,1,511
527033,84,1,4787,3,1,3,313
527035,8,1,5044,5,1,3,513
527144,61,1,3028,3,1,2,312
527277,106,5,13275,2,2,4,224
527476,32,1,960,4,1,1,411
527506,134,1,3812,1,1,2,112
527722,136,1,16992,1,1,5,115
527782,93,1,8430,2,1,4,214
527789,87,1,1656,2,1,1,211
527815,131,3,33950,1,2,5,125
527872,92,2,23886,2,1,5,215
527903,36,1,4724,4,1,3,413
528074,94,6,43575,2,2,5,225
528082,38,1,2650,4,1,2,412
528169,114,2,9415,1,1,4,114
528198,69,1,5139,3,1,3,313
528211,115,1,150,1,1,1,111
528336,72,2,6363,3,1,3,313
528531,57,4,33218,4,2,5,425
528547,87,1,7710,2,1,3,213
528934,91,1,3026,2,1,2,212
529164,25,1,17600,5,1,5,515
529248,65,1,6900,3,1,3,313
529312,86,1,5799,2,1,3,213
529371,19,1,2692,5,1,2,512
529601,108,1,4224,2,1,2,212
529925,92,5,41879,2,2,5,225
530033,105,5,49131,2,2,5,225
530205,108,1,4818,2,1,3,213
530277,59,1,4718,3,1,3,313
530559,6,286,1874625,5,2,5,525
530617,114,1,4288,1,1,2,112
530726,124,1,828,1,1,1,111
530863,109,6,11318,2,2,4,224
530984,92,1,38,2,1,1,211
530999,26,1,3642,5,1,2,512
531000,133,4,35709,1,2,5,125
531340,66,1,743,3,1,1,311
531440,72,1,11202,3,1,4,314
531569,50,1,11992,4,1,4,414
531661,103,4,24244,2,2,5,225
531706,74,1,1548,3,1,1,311
531869,88,1,10179,2,1,4,214
531957,79,1,507,3,1,1,311
532126,117,1,10768,1,1,4,114
532242,52,1,2134,4,1,1,411
532247,23,1,724,5,1,1,511
532307,123,1,5448,1,1,3,113
532444,91,1,1062,2,1,1,211
532514,136,1,1425,1,1,1,111
532571,52,1,8544,4,1,4,414
532575,46,1,586,4,1,1,411
532641,45,1,3468,4,1,2,412
532853,29,1,2330,5,1,2,512
532932,22,2,5810,5,1,3,513
533142,119,1,1420,1,1,1,111
533153,56,1,5048,4,1,3,413
533357,35,1,5432,4,1,3,413
533484,45,1,8036,4,1,3,413
533553,32,1,7738,4,1,3,413
533824,35,1,1074,4,1,1,411
533967,64,1,1400,3,1,1,311
534021,9,1,1418,5,1,1,511
534073,7,3,27246,5,2,5,525
534123,3,1,876,5,1,1,511
534151,69,1,3760,3,1,2,312
534217,99,1,8834,2,1,4,214
534341,23,1,7779,5,1,3,513
534689,36,1,8392,4,1,4,414
534712,100,2,23620,2,1,5,215
534814,49,1,6140,4,1,3,413
534914,46,1,4338,4,1,2,412
535009,37,1,1940,4,1,1,411
535091,92,1,566,2,1,1,211
535410,87,4,28962,2,2,5,225
535433,94,1,635,2,1,1,211
535446,31,1,11019,4,1,4,414
535471,114,2,16889,1,1,5,115
535618,99,1,2442,2,1,2,212
535623,95,1,18316,2,1,5,215
535835,76,1,5476,3,1,3,313
536244,53,1,2088,4,1,1,411
536255,26,1,3508,5,1,2,512
536257,91,1,2290,2,1,1,211
536478,88,1,11403,2,1,4,214
536661,133,1,8580,1,1,4,114
536757,108,1,5056,2,1,3,213
536804,73,16,86820,3,2,5,325
536824,7,1,16380,5,1,5,515
536938,133,1,12390,1,1,4,114
536952,135,1,2769,1,1,2,112
537127,81,1,987,3,1,1,311
537189,113,1,6669,1,1,3,113
537309,18,1,1502,5,1,1,511
537639,65,6,49326,3,2,5,325
537692,114,2,6465,1,1,3,113
537742,15,1,7492,5,1,3,513
537781,105,1,10216,2,1,4,214
537828,133,1,2856,1,1,2,112
538000,70,1,11184,3,1,4,314
538189,72,1,6009,3,1,3,313
538288,118,1,14556,1,1,5,115
538534,100,1,5540,2,1,3,213
538822,7,1,6998,5,1,3,513
539043,68,2,12720,3,1,4,314
539225,52,1,6771,4,1,3,413
539388,52,1,11940,4,1,4,414
539612,27,1,2212,5,1,1,511
539661,19,2,16276,5,1,5,515
539833,41,1,4062,4,1,2,412
539910,109,1,1613,2,1,1,211
540284,78,1,5320,3,1,3,313
540350,32,1,9063,4,1,4,414
540368,30,1,4615,5,1,2,512
540387,62,1,2628,3,1,2,312
540789,62,1,1685,3,1,1,311
541012,95,1,508,2,1,1,211
541173,123,1,7354,1,1,3,113
541296,125,1,7062,1,1,3,113
541315,32,1,1156,4,1,1,411
541411,39,1,1396,4,1,1,411
541474,22,2,7626,5,1,3,513
541479,94,1,2179,2,1,1,211
541552,54,1,4064,4,1,2,412
541564,14,2,5512,5,1,3,513
541685,38,1,7344,4,1,3,413
541997,64,2,11550,3,1,4,314
542030,26,1,11472,5,1,4,514
542156,44,2,1265,4,1,1,411
542159,9,1,102,5,1,1,511
542183,107,1,19820,2,1,5,215
542453,87,2,16541,2,1,5,215
542485,18,1,4056,5,1,2,512
542498,88,3,19529,2,2,5,225
542575,49,2,6278,4,1,3,413
542646,5,2,34388,5,1,5,515
542702,126,7,72969,1,2,5,125
542731,86,1,13144,2,1,4,214
542750,5,1,1904,5,1,1,511
543122,27,1,18480,5,1,5,515
543357,36,1,11976,4,1,4,414
543365,17,1,3390,5,1,2,512
543423,11,2,17752,5,1,5,515
543532,60,1,2082,3,1,1,311
543762,44,2,6821,4,1,3,413
544129,135,1,7953,1,1,3,113
544205,115,1,12704,1,1,4,114
544660,29,1,984,5,1,1,511
544724,126,1,3772,1,1,2,112
544774,59,1,2203,3,1,1,311
544849,111,1,1671,2,1,1,211
545365,74,1,2389,3,1,2,312
545539,128,1,9135,1,1,4,114
545808,97,2,22833,2,1,5,215
545846,67,2,19506,3,1,5,315
546022,97,1,1065,2,1,1,211
546086,23,2,33688,5,1,5,515
546210,73,1,10710,3,1,4,314
546355,100,1,9410,2,1,4,214
546406,91,1,1191,2,1,1,211
546612,88,1,6790,2,1,3,213
546717,28,1,4576,5,1,2,512
546805,121,1,3172,1,1,2,112
546836,45,1,10647,4,1,4,414
547006,130,1,1248,1,1,1,111
547365,74,1,10000,3,1,4,314
547506,73,18,93561,3,2,5,325
547624,49,1,7856,4,1,3,413
547738,68,1,2432,3,1,2,312
547834,92,1,1626,2,1,1,211
547852,113,9,71526,1,2,5,125
547933,106,1,12508,2,1,4,214
548132,115,2,4017,1,1,2,112
548219,126,2,26808,1,1,5,115
548257,18,1,8520,5,1,4,514
548479,118,1,2064,1,1,1,111
548514,15,1,2907,5,1,2,512
548607,69,4,28434,3,2,5,325
548718,22,1,301,5,1,1,511
548730,77,1,11188,3,1,4,314
548772,49,60,380368,4,2,5,425
548824,59,1,5370,3,1,3,313
548868,22,1,3100,5,1,2,512
548918,127,5,14104,1,2,5,125
548949,12,1,4856,5,1,3,513
549012,8,1,2934,5,1,2,512
549148,95,1,15420,2,1,5,215
549188,126,1,17560,1,1,5,115
549321,22,1,3200,5,1,2,512
549579,27,1,10224,5,1,4,514
549672,95,1,1989,2,1,1,211
549778,134,1,120,1,1,1,111
549798,27,1,11668,5,1,4,514
549812,16,1,5964,5,1,3,513
549863,135,1,15308,1,1,5,115
549919,49,2,13626,4,1,4,414
549938,94,1,327,2,1,1,211
550158,120,3,6525,1,2,3,123
550243,43,1,4701,4,1,3,413
550259,46,3,13958,4,2,5,425
550337,22,1,7401,5,1,3,513
550370,45,1,4788,4,1,3,413
550414,80,1,2031,3,1,1,311
550638,25,2,10968,5,1,4,514
551053,53,1,17520,4,1,5,415
551147,35,2,4432,4,1,2,412
551250,114,1,11924,1,1,4,114
551322,100,1,14444,2,1,5,215
551398,128,2,3025,1,1,2,112
551411,91,6,41071,2,2,5,225
551469,116,1,6026,1,1,3,113
551536,53,1,16140,4,1,5,415
551650,127,1,12568,1,1,4,114
551661,119,1,10413,1,1,4,114
551746,30,2,7828,5,1,3,513
551849,102,1,2146,2,1,1,211
551852,22,1,3157,5,1,2,512
552045,74,1,11380,3,1,4,314
552123,25,3,13630,5,2,5,525
552148,109,1,3214,2,1,2,212
552160,7,1,5790,5,1,3,513
552165,106,1,772,2,1,1,211
552247,52,1,4063,4,1,2,412
552261,89,1,7401,2,1,3,213
552498,32,1,10372,4,1,4,414
552564,124,1,11142,1,1,4,114
552571,77,1,13383,3,1,4,314
553132,51,1,19540,4,1,5,415
553179,92,2,4303,2,1,2,212
553217,30,1,444,5,1,1,511
553226,46,1,13725,4,1,5,415
553252,64,1,7534,3,1,3,313
553273,103,2,9584,2,1,4,214
553333,12,1,1160,5,1,1,511
553624,22,4,35361,5,2,5,525
553710,45,1,2505,4,1,2,412
553749,25,2,2775,5,1,2,512
553772,19,1,2239,5,1,1,511
553965,131,1,7256,1,1,3,113
553988,135,1,3060,1,1,2,112
554203,126,1,4248,1,1,2,112
554368,123,1,4434,1,1,2,112
554424,136,1,3062,1,1,2,112
554612,79,1,8409,3,1,4,314
554737,13,2,9324,5,1,4,514
554839,123,1,11622,1,1,4,114
554892,17,1,13500,5,1,4,514
555021,93,2,27048,2,1,5,215
555045,72,1,5784,3,1,3,313
555047,126,1,17024,1,1,5,115
555094,109,1,8672,2,1,4,214
555215,100,1,5073,2,1,3,213
555251,38,3,31125,4,2,5,425
555265,39,2,5240,4,1,3,413
555329,42,1,94,4,1,1,411
555511,17,2,7678,5,1,3,513
555519,20,1,1736,5,1,1,511
555544,95,2,16933,2,1,5,215
555583,94,1,2229,2,1,1,211
555718,4,1,10052,5,1,4,514
555744,28,1,5528,5,1,3,513
555773,132,1,5844,1,1,3,113
555876,24,1,17216,5,1,5,515
555887,107,1,4882,2,1,3,213
555946,7,1,14079,5,1,5,515
556054,79,1,291,3,1,1,311
556101,58,1,2916,4,1,2,412
556179,8,1,2499,5,1,2,512
556360,5,1,5836,5,1,3,513
556459,56,1,2383,4,1,2,412
556610,22,1,3456,5,1,2,512
556688,129,1,948,1,1,1,111
556819,137,2,22998,1,1,5,115
556822,94,1,617,2,1,1,211
556880,28,1,3444,5,1,2,512
556967,107,1,14919,2,1,5,215
557182,26,1,10905,5,1,4,514
557212,87,1,1924,2,1,1,211
557470,99,2,19292,2,1,5,215
557657,73,1,17600,3,1,5,315
557693,137,2,13194,1,1,4,114
557700,93,8,56329,2,2,5,225
557811,56,1,10125,4,1,4,414
558000,84,1,1785,3,1,1,311
558068,6,1,18928,5,1,5,515
558238,132,1,3594,1,1,2,112
558258,59,1,7182,3,1,3,313
558511,8,1,1644,5,1,1,511
558691,74,1,475,3,1,1,311
558878,127,1,1407,1,1,1,111
559278,114,2,1428,1,1,1,111
559564,129,1,14835,1,1,5,115
559692,56,1,3767,4,1,2,412
559722,92,2,10133,2,1,4,214
560304,28,2,15099,5,1,5,515
560305,138,1,6836,1,1,3,113
560361,96,1,4834,2,1,3,213
560375,4,1,5834,5,1,3,513
560579,29,1,2908,5,1,2,512
560753,32,2,9884,4,1,4,414
560785,86,1,3888,2,1,2,212
560891,16,1,2574,5,1,2,512
560961,67,1,9478,3,1,4,314
561220,118,1,9952,1,1,4,114
561236,85,1,4830,2,1,3,213
561311,78,1,1376,3,1,1,311
561388,48,1,4617,4,1,2,412
561436,35,1,19268,4,1,5,415
561441,94,1,14880,2,1,5,215
561543,58,1,18016,4,1,5,415
561581,17,1,7794,5,1,3,513
561611,106,3,34952,2,2,5,225
561982,74,2,11196,3,1,4,314
562008,120,5,27982,1,2,5,125
562286,30,1,2467,5,1,2,512
562364,83,2,3879,3,1,2,312
562495,73,1,7840,3,1,3,313
562527,66,1,7292,3,1,3,313
562813,84,2,20480,3,1,5,315
562938,126,1,2064,1,1,1,111
562956,69,1,4988,3,1,3,313
563081,58,1,3654,4,1,2,412
563104,45,1,5136,4,1,3,413
563134,53,1,8126,4,1,3,413
563313,29,1,471,5,1,1,511
563422,116,2,3500,1,1,2,112
563448,87,1,2922,2,1,2,212
563454,18,1,7236,5,1,3,513
563495,22,1,1146,5,1,1,511
563565,77,1,6560,3,1,3,313
563592,74,1,486,3,1,1,311
563665,55,1,1629,4,1,1,411
563685,32,1,19692,4,1,5,415
563799,138,1,604,1,1,1,111
563979,73,1,1110,3,1,1,311
564070,53,1,4386,4,1,2,412
564150,71,1,4534,3,1,2,312
564199,118,2,4280,1,1,2,112
564398,99,1,2648,2,1,2,212
564442,75,1,14799,3,1,5,315
564572,63,1,4720,3,1,3,313
564666,122,1,12399,1,1,4,114
564689,86,1,1673,2,1,1,211
564775,85,1,13398,2,1,4,214
564895,8,1,653,5,1,1,511
564916,21,1,2618,5,1,2,512
564986,94,1,8415,2,1,4,214
564990,125,1,3387,1,1,2,112
565078,108,1,10440,2,1,4,214
565335,32,1,6324,4,1,3,413
565386,118,1,2816,1,1,2,112
565492,13,10,75991,5,2,5,525
565562,123,1,11296,1,1,4,114
565590,29,1,8596,5,1,4,514
565617,8,1,9520,5,1,4,514
565656,128,1,11352,1,1,4,114
565788,116,2,4770,1,1,3,113
565865,8,1,5478,5,1,3,513
565892,16,1,2640,5,1,2,512
565903,55,15,103328,4,2,5,425
565943,72,1,18536,3,1,5,315
565978,18,3,29677,5,2,5,525
566009,53,4,13410,4,2,4,424
566245,51,1,124,4,1,1,411
566355,114,1,5319,1,1,3,113
566426,93,1,8420,2,1,4,214
566474,97,1,19640,2,1,5,215
566565,124,1,7930,1,1,3,113
566590,111,1,1606,2,1,1,211
566725,4,1,4272,5,1,2,512
566850,108,1,16480,2,1,5,215
566902,94,1,4678,2,1,3,213
566951,80,4,22253,3,2,5,325
567071,18,1,4606,5,1,2,512
567087,77,1,3030,3,1,2,312
567183,46,1,10578,4,1,4,414
567340,45,1,3031,4,1,2,412
567388,72,3,6171,3,2,3,323
567487,30,1,10155,5,1,4,514
567526,69,1,3486,3,1,2,312
567535,35,1,1386,4,1,1,411
567651,34,1,9396,4,1,4,414
567838,73,1,5373,3,1,3,313
568120,131,1,7296,1,1,3,113
568275,133,1,7149,1,1,3,113
568290,27,1,293,5,1,1,511
568330,116,1,2702,1,1,2,112
568481,81,1,1956,3,1,1,311
568495,101,1,9868,2,1,4,214
568736,22,1,11169,5,1,4,514
568894,25,1,9444,5,1,4,514
569031,100,1,486,2,1,1,211
569182,128,1,4059,1,1,2,112
569356,83,1,16624,3,1,5,315
569401,79,1,3600,3,1,2,312
569471,46,1,6710,4,1,3,413
569504,91,1,6170,2,1,3,213
569539,0,67,406704,5,2,5,525
569740,17,1,4202,5,1,2,512
569788,68,1,5772,3,1,3,313
570023,71,1,3708,3,1,2,312
570175,57,1,8238,4,1,3,413
570360,109,1,2814,2,1,2,212
570529,31,3,40345,4,2,5,425
570583,58,1,2593,4,1,2,412
570586,60,1,16052,3,1,5,315
570716,102,1,6414,2,1,3,213
570944,113,1,1836,1,1,1,111
571258,108,1,4864,2,1,3,213
571268,110,1,8980,2,1,4,214
571497,49,2,9818,4,1,4,414
571645,93,2,5597,2,1,3,213
571677,134,1,1992,1,1,1,111
571830,109,1,2686,2,1,2,212
572053,70,1,600,3,1,1,311
572287,93,1,12336,2,1,4,214
572480,74,1,8716,3,1,4,314
572700,6,1,6468,5,1,3,513
572806,31,2,30364,4,1,5,415
573020,29,1,9702,5,1,4,514
573213,66,1,2116,3,1,1,311
573249,16,1,12741,5,1,4,514
573267,100,1,8162,2,1,3,213
573285,52,1,10251,4,1,4,414
573311,95,1,2252,2,1,1,211
573397,112,1,1220,1,1,1,111
573431,99,1,2832,2,1,2,212
573466,129,4,32903,1,2,5,125
573490,124,1,1955,1,1,1,111
573587,136,1,11010,1,1,4,114
573782,67,1,10668,3,1,4,314
574213,81,2,20026,3,1,5,315
574370,71,1,150,3,1,1,311
574650,50,2,4712,4,1,3,413
574661,137,1,5560,1,1,3,113
575045,110,1,2380,2,1,2,212
575208,121,1,534,1,1,1,111
575295,45,1,5768,4,1,3,413
575493,85,1,4292,2,1,2,212
575634,31,2,9654,4,1,4,414
575731,75,1,1905,3,1,1,311
575741,92,1,10788,2,1,4,214
575773,102,2,24965,2,1,5,215
576184,94,1,11043,2,1,4,214
576252,19,1,2640,5,1,2,512
576405,106,1,4739,2,1,3,213
576588,95,1,8332,2,1,4,214
576696,98,1,9652,2,1,4,214
576828,92,1,16744,2,1,5,215
576880,127,1,9792,1,1,4,114
577054,46,1,285,4,1,1,411
577103,67,1,20,3,1,1,311
577261,106,1,7830,2,1,3,213
577262,99,8,26338,2,2,5,225
577397,78,1,7784,3,1,3,313
577764,125,1,1213,1,1,1,111
577903,59,2,7977,3,1,3,313
577947,131,1,14034,1,1,5,115
578239,82,1,4880,3,1,3,313
578528,42,3,8519,4,2,4,424
579018,128,1,1203,1,1,1,111
579049,116,1,4834,1,1,3,113
579349,44,1,2800,4,1,2,412
579655,127,1,5193,1,1,3,113
579659,58,1,9674,4,1,4,414
579742,74,1,450,3,1,1,311
579956,119,1,2952,1,1,2,112
580000,30,3,19342,5,2,5,525
580135,87,1,9800,2,1,4,214
580236,17,1,14348,5,1,5,515
580297,61,2,28980,3,1,5,315
580472,73,1,7107,3,1,3,313
580494,123,1,168,1,1,1,111
580540,74,2,28748,3,1,5,315
580562,60,1,4419,3,1,2,312
580583,72,1,11316,3,1,4,314
580612,107,1,258,2,1,1,211
580781,70,1,64,3,1,1,311
580917,127,1,3240,1,1,2,112
581004,18,1,13608,5,1,4,514
581056,94,1,13719,2,1,5,215
581091,28,2,12534,5,1,4,514
581152,73,9,69033,3,2,5,325
581183,73,1,7677,3,1,3,313
581300,128,1,819,1,1,1,111
581456,119,2,8012,1,1,3,113
581495,115,1,6108,1,1,3,113
581617,94,1,18204,2,1,5,215
581889,128,1,546,1,1,1,111
581980,115,1,9921,1,1,4,114
582418,2,2,2393,5,1,2,512
582423,79,1,8496,3,1,4,314
582432,72,1,4836,3,1,3,313
582453,74,1,2270,3,1,1,311
582525,17,5,48456,5,2,5,525
582632,127,1,2026,1,1,1,111
582638,20,1,1792,5,1,1,511
582788,97,1,11736,2,1,4,214
582933,60,18,84754,3,2,5,325
583003,99,2,13113,2,1,4,214
583089,73,1,10809,3,1,4,314
583425,63,1,4834,3,1,3,313
583525,86,2,11126,2,1,4,214
583827,104,1,565,2,1,1,211
583892,6,1,2732,5,1,2,512
584015,5,1,15640,5,1,5,515
584224,62,1,10280,3,1,4,314
584257,24,1,7724,5,1,3,513
584940,123,1,5433,1,1,3,113
585036,99,1,9444,2,1,4,214
585358,88,1,3848,2,1,2,212
585363,132,1,3534,1,1,2,112
585372,65,1,4497,3,1,2,312
585580,73,1,1375,3,1,1,311
585885,71,1,793,3,1,1,311
586012,69,1,2115,3,1,1,311
586187,120,1,12204,1,1,4,114
586427,26,4,39952,5,2,5,525
586700,102,1,252,2,1,1,211
586748,59,2,9324,3,1,4,314
586756,138,1,12894,1,1,4,114
586891,15,1,4458,5,1,2,512
587126,66,2,20127,3,1,5,315
587651,123,1,14835,1,1,5,115
587663,96,1,17884,2,1,5,215
587734,51,1,2724,4,1,2,412
587802,93,3,36080,2,2,5,225
588087,101,1,4761,2,1,3,213
588181,126,1,1789,1,1,1,111
588445,38,1,5718,4,1,3,413
588483,77,1,1580,3,1,1,311
588490,28,2,4804,5,1,3,513
588612,23,1,1705,5,1,1,511
588703,15,1,18296,5,1,5,515
588708,38,3,4041,4,2,2,422
588753,68,1,171,3,1,1,311
588949,93,1,3716,2,1,2,212
589227,51,1,7344,4,1,3,413
589376,66,1,10384,3,1,4,314
589789,108,1,3904,2,1,2,212
590095,64,1,7092,3,1,3,313
590225,93,1,11552,2,1,4,214
590239,111,1,10206,2,1,4,214
590241,95,1,3417,2,1,2,212
590308,21,1,11736,5,1,4,514
590602,127,1,9712,1,1,4,114
590670,136,1,2324,1,1,2,112
590931,88,1,7660,2,1,3,213
591006,72,1,11188,3,1,4,314
591430,59,1,4437,3,1,2,312
591631,88,1,4752,2,1,3,213
591869,61,10,63462,3,2,5,325
591906,102,2,7330,2,1,3,213
592164,128,1,1597,1,1,1,111
592247,94,2,9485,2,1,4,214
592317,26,1,4976,5,1,3,513
592330,43,1,19828,4,1,5,415
592348,108,1,6154,2,1,3,213
592385,32,1,9639,4,1,4,414
592555,81,1,1234,3,1,1,311
592787,104,8,23928,2,2,5,225
592916,73,1,3745,3,1,2,312
592953,102,1,12246,2,1,4,214
592998,113,1,2705,1,1,2,112
593595,47,1,1668,4,1,1,411
593775,127,1,2271,1,1,1,111
593905,120,6,41321,1,2,5,125
593964,130,2,1069,1,1,1,111
594085,23,1,3346,5,1,2,512
594242,74,1,5325,3,1,3,313
594399,39,1,8472,4,1,4,414
594511,40,1,3776,4,1,2,412
594603,117,1,11924,1,1,4,114
594746,85,1,6764,2,1,3,213
594852,67,1,10926,3,1,4,314
594935,117,1,2253,1,1,1,111
595159,91,1,10983,2,1,4,214
595321,108,1,14256,2,1,5,215
595388,14,1,10620,5,1,4,514
595454,8,1,5100,5,1,3,513
595595,96,1,3060,2,1,2,212
595640,20,5,27660,5,2,5,525
595826,37,2,4058,4,1,2,412
595844,60,1,2937,3,1,2,312
595900,94,1,1262,2,1,1,211
595913,75,1,11313,3,1,4,314
595957,22,1,10372,5,1,4,514
596140,79,1,136,3,1,1,311
596232,72,1,1192,3,1,1,311
596234,107,1,2524,2,1,2,212
596542,70,1,12284,3,1,4,314
596591,95,1,10080,2,1,4,214
596611,133,1,4200,1,1,2,112
596627,3,1,2442,5,1,2,512
596678,47,1,4188,4,1,2,412
596737,104,1,2266,2,1,1,211
596853,130,1,474,1,1,1,111
596876,99,1,11812,2,1,4,214
597070,72,1,1128,3,1,1,311
597161,133,1,13539,1,1,4,114
597366,55,1,498,4,1,1,411
597416,86,2,1928,2,1,1,211
597443,52,1,9850,4,1,4,414
597521,5,1,11205,5,1,4,514
597784,57,3,29580,4,2,5,425
597906,87,1,4125,2,1,2,212
597930,106,1,2339,2,1,2,212
597988,127,1,3612,1,1,2,112
598009,25,1,1615,5,1,1,511
598077,18,1,4318,5,1,2,512
598107,136,1,3143,1,1,2,112
598282,22,1,3622,5,1,2,512
598404,42,1,11619,4,1,4,414
598451,57,1,2372,4,1,2,412
598467,23,1,14655,5,1,5,515
598472,136,1,741,1,1,1,111
598494,95,1,6018,2,1,3,213
598497,79,1,11013,3,1,4,314
598609,74,1,672,3,1,1,311
598812,126,1,6246,1,1,3,113
598996,126,1,2790,1,1,2,112
599222,79,1,2924,3,1,2,312
599453,32,1,3622,4,1,2,412
599528,108,1,9261,2,1,4,214
599574,128,1,142,1,1,1,111
599599,77,1,16216,3,1,5,315
599633,102,1,2598,2,1,2,212
599832,117,2,5197,1,1,3,113
599864,124,1,126,1,1,1,111
599877,32,1,2414,4,1,2,412
599943,17,1,877,5,1,1,511
600025,37,1,13446,4,1,4,414
600100,53,1,2480,4,1,2,412
600337,45,1,16776,4,1,5,415
600339,45,1,15428,4,1,5,415
600485,60,1,12897,3,1,4,314
600511,87,1,1343,2,1,1,211
600589,137,3,22242,1,2,5,125
600721,51,1,2257,4,1,1,411
600815,130,4,27194,1,2,5,125
601615,109,1,2909,2,1,2,212
601768,74,9,37164,3,2,5,325
602003,96,1,13311,2,1,4,214
602027,19,1,784,5,1,1,511
602171,50,1,11883,4,1,4,414
602354,54,1,8724,4,1,4,414
602451,52,1,375,4,1,1,411
602510,57,1,9826,4,1,4,414
602545,69,1,3332,3,1,2,312
602688,84,1,12867,3,1,4,314
602801,8,1,2094,5,1,1,511
602822,5,1,3166,5,1,2,512
602875,114,1,736,1,1,1,111
602886,42,2,8124,4,1,3,413
603011,59,1,13508,3,1,4,314
603228,53,1,3175,4,1,2,412
603616,25,2,2404,5,1,2,512
603635,9,1,5284,5,1,3,513
603702,123,1,2869,1,1,2,112
603936,30,1,948,5,1,1,511
603999,5,1,9868,5,1,4,514
604058,93,1,16444,2,1,5,215
604144,23,1,552,5,1,1,511
604376,70,1,2818,3,1,2,312
604403,135,1,7251,1,1,3,113
604740,90,2,9634,2,1,4,214
604938,51,1,806,4,1,1,411
605013,123,2,9603,1,1,4,114
605095,84,1,10860,3,1,4,314
605245,32,1,6564,4,1,3,413
605517,49,1,10104,4,1,4,414
605832,88,1,618,2,1,1,211
606060,65,1,16156,3,1,5,315
606091,26,1,14024,5,1,5,515
606184,125,1,2758,1,1,2,112
606226,25,2,6182,5,1,3,513
606338,39,1,4584,4,1,2,412
606605,64,1,9152,3,1,4,314
606755,23,1,4529,5,1,2,512
607090,120,1,10026,1,1,4,114
607106,101,1,5068,2,1,3,213
607285,6,1,3950,5,1,2,512
607434,125,1,10689,1,1,4,114
607518,51,1,10116,4,1,4,414
607534,127,1,2660,1,1,2,112
607916,50,1,13995,4,1,5,415
608098,22,1,662,5,1,1,511
608218,9,1,8139,5,1,3,513
608240,47,1,15428,4,1,5,415
608513,35,1,2766,4,1,2,412
608567,56,1,2593,4,1,2,412
608628,109,2,4193,2,1,2,212
608773,125,1,2282,1,1,1,111
608808,9,2,7563,5,1,3,513
608844,100,4,13145,2,2,4,224
608855,30,1,1598,5,1,1,511
609009,8,2,5721,5,1,3,513
609294,44,1,912,4,1,1,411
609642,135,1,3207,1,1,2,112
609895,26,2,9850,5,1,4,514
609963,63,2,17274,3,1,5,315
610105,87,1,186,2,1,1,211
610115,81,1,855,3,1,1,311
610182,85,1,5781,2,1,3,213
610403,105,1,10971,2,1,4,214
610418,130,1,18256,1,1,5,115
610683,62,1,368,3,1,1,311
610819,44,1,601,4,1,1,411
610841,15,4,33964,5,2,5,525
610859,80,1,2811,3,1,2,312
611155,64,1,3352,3,1,2,312
611362,130,1,9848,1,1,4,114
611369,73,1,4000,3,1,2,312
611484,35,1,5295,4,1,3,413
611548,108,1,248,2,1,1,211
611754,138,1,5073,1,1,3,113
611804,88,3,23863,2,2,5,225
611993,16,2,5593,5,1,3,513
612386,111,1,825,2,1,1,211
612711,59,1,3231,3,1,2,312
612918,2,1,9002,5,1,4,514
613066,22,2,15518,5,1,5,515
613384,54,3,5567,4,2,3,423
613507,26,1,3861,5,1,2,512
613539,135,1,178,1,1,1,111
613579,23,1,7460,5,1,3,513
613618,32,1,8343,4,1,4,414
613701,86,1,2308,2,1,2,212
613825,23,2,14025,5,1,5,515
614077,14,2,3597,5,1,2,512
614685,49,1,2271,4,1,1,411
614785,94,1,10125,2,1,4,214
614943,42,1,9750,4,1,4,414
614999,138,1,19460,1,1,5,115
615132,41,11,83096,4,2,5,425
615250,81,1,2816,3,1,2,312
615473,118,1,5962,1,1,3,113
615486,94,2,24615,2,1,5,215
615631,115,1,4976,1,1,3,113
615910,59,1,18220,3,1,5,315
615913,85,1,10167,2,1,4,214
615931,92,1,424,2,1,1,211
616066,42,2,12495,4,1,4,414
616081,52,2,9431,4,1,4,414
616466,125,1,2732,1,1,2,112
616521,36,1,8931,4,1,4,414
616565,72,2,3122,3,1,2,312
616794,58,1,4492,4,1,2,412
616796,100,1,3912,2,1,2,212
617101,113,3,23612,1,2,5,125
617191,113,1,3592,1,1,2,112
617584,22,1,7742,5,1,3,513
617591,60,1,2811,3,1,2,312
617700,11,3,17192,5,2,5,525
617793,92,3,14312,2,2,5,225
617872,21,1,8280,5,1,3,513
617963,8,1,10926,5,1,4,514
618031,4,1,8974,5,1,4,514
618195,10,1,17880,5,1,5,515
618259,116,1,9082,1,1,4,114
618368,91,1,7794,2,1,3,213
618705,128,3,23508,1,2,5,125
618840,134,2,10877,1,1,4,114
619012,136,2,17868,1,1,5,115
619227,116,1,748,1,1,1,111
619488,8,2,16572,5,1,5,515
619657,95,1,3958,2,1,2,212
619835,86,5,27343,2,2,5,225
619893,138,1,14046,1,1,5,115
620240,4,2,18212,5,1,5,515
620292,76,2,5773,3,1,3,313
620297,13,2,18439,5,1,5,515
620451,52,1,2984,4,1,2,412
620989,82,1,1676,3,1,1,311
620993,122,1,1364,1,1,1,111
621030,31,1,13014,4,1,4,414
621195,94,1,12393,2,1,4,214
621254,4,1,11684,5,1,4,514
621312,35,1,5892,4,1,3,413
621384,18,1,6728,5,1,3,513
621474,103,6,26386,2,2,5,225
621588,106,1,3464,2,1,2,212
621720,45,2,4913,4,1,3,413
621942,84,1,8964,3,1,4,314
622025,61,1,1440,3,1,1,311
622097,19,2,9408,5,1,4,514
622240,76,1,11721,3,1,4,314
622280,53,1,384,4,1,1,411
622534,45,1,11046,4,1,4,414
622704,15,1,11106,5,1,4,514
622717,84,1,6200,3,1,3,313
623233,21,1,4389,5,1,2,512
623466,52,1,3410,4,1,2,412
623540,98,1,9306,2,1,4,214
623548,110,1,237,2,1,1,211
623685,23,1,2922,5,1,2,512
623908,83,1,4454,3,1,2,312
624006,43,1,12968,4,1,4,414
624072,98,1,1780,2,1,1,211
624095,27,1,1075,5,1,1,511
624124,25,1,1248,5,1,1,511
624259,50,1,2307,4,1,2,412
624782,53,2,20000,4,1,5,415
624786,53,2,21006,4,1,5,415
624926,13,1,3603,5,1,2,512
625091,43,1,2602,4,1,2,412
625275,15,1,7071,5,1,3,513
625383,137,1,6038,1,1,3,113
625399,22,2,5633,5,1,3,513
625653,127,3,13937,1,2,5,125
625795,106,4,26410,2,2,5,225
625872,123,1,19900,1,1,5,115
626013,112,1,982,1,1,1,111
626212,127,1,7347,1,1,3,113
626237,85,4,25661,2,2,5,225
626261,71,1,9852,3,1,4,314
626320,112,1,979,1,1,1,111
626440,73,1,2175,3,1,1,311
626492,16,1,2322,5,1,2,512
626807,129,2,5712,1,1,3,113
626837,78,1,2179,3,1,1,311
626881,127,1,18652,1,1,5,115
626903,31,1,10215,4,1,4,414
627121,116,1,5452,1,1,3,113
627293,13,1,3732,5,1,2,512
627323,59,1,6014,3,1,3,313
627358,79,1,1508,3,1,1,311
627760,33,1,7714,4,1,3,413
627868,17,2,6308,5,1,3,513
627932,52,2,12078,4,1,4,414
628240,56,2,16227,4,1,5,415
628257,23,1,7488,5,1,3,513
628305,120,1,4576,1,1,2,112
628309,53,1,2826,4,1,2,412
628362,94,1,4090,2,1,2,212
628536,99,1,2910,2,1,2,212
628648,33,1,8456,4,1,4,414
628764,51,1,6744,4,1,3,413
628771,71,1,12195,3,1,4,314
628803,125,1,8760,1,1,4,114
628857,95,1,2467,2,1,2,212
629346,52,3,18968,4,2,5,425
629386,128,2,8459,1,1,4,114
629422,110,1,13587,2,1,4,214
629436,103,1,4552,2,1,2,212
629576,46,1,15428,4,1,5,415
629925,85,1,847,2,1,1,211
629938,9,1,4696,5,1,3,513
630039,76,1,1500,3,1,1,311
630073,113,1,3448,1,1,2,112
630195,56,2,23195,4,1,5,415
630224,30,1,8128,5,1,3,513
630627,46,1,11883,4,1,4,414
630705,130,1,10860,1,1,4,114
630746,5,1,8250,5,1,3,513
630803,102,1,3006,2,1,2,212
630841,18,1,5934,5,1,3,513
630993,122,1,10986,1,1,4,114
631078,35,1,1064,4,1,1,411
631140,52,1,9477,4,1,4,414
631154,22,1,1596,5,1,1,511
631228,10,1,9975,5,1,4,514
631251,6,1,2352,5,1,2,512
631296,126,1,6116,1,1,3,113
631750,4,1,3892,5,1,2,512
631757,48,1,19440,4,1,5,415
631946,51,1,14644,4,1,5,415
632138,40,1,3552,4,1,2,412
632358,85,1,9327,2,1,4,214
632504,135,1,12528,1,1,4,114
632538,38,1,520,4,1,1,411
632574,94,1,4358,2,1,2,212
632714,4,1,1168,5,1,1,511
632773,5,1,965,5,1,1,511
632951,71,1,1604,3,1,1,311
633063,105,2,30568,2,1,5,215
633161,118,3,21678,1,2,5,125
633177,125,1,9070,1,1,4,114
633212,94,1,6810,2,1,3,213
633626,7,1,7704,5,1,3,513
633658,53,1,14793,4,1,5,415
633718,61,1,5952,3,1,3,313
633919,9,1,7524,5,1,3,513
634017,34,1,8852,4,1,4,414
634120,108,1,618,2,1,1,211
634183,44,1,6364,4,1,3,413
634281,54,1,4548,4,1,2,412
634300,100,1,2023,2,1,1,211
634352,76,1,868,3,1,1,311
634506,128,1,734,1,1,1,111
634736,60,1,14404,3,1,5,315
634766,83,2,4584,3,1,2,312
634842,9,1,7604,5,1,3,513
634973,51,1,8724,4,1,4,414
635052,18,1,1074,5,1,1,511
635351,58,2,16975,4,1,5,415
635357,124,2,29022,1,1,5,115
635436,7,1,6624,5,1,3,513
635630,73,1,9784,3,1,4,314
635650,102,1,1428,2,1,1,211
635667,35,1,11156,4,1,4,414
635760,56,1,3431,4,1,2,412
635778,80,1,3520,3,1,2,312
635862,85,2,20632,2,1,5,215
635963,95,1,9476,2,1,4,214
635987,94,2,13093,2,1,4,214
636149,64,1,11512,3,1,4,314
636313,128,2,8987,1,1,4,114
636520,138,1,7512,1,1,3,113
636529,128,1,13224,1,1,4,114
636539,116,1,7368,1,1,3,113
636569,137,1,5364,1,1,3,113
636710,110,2,8198,2,1,3,213
636918,78,1,6882,3,1,3,313
637017,134,6,40303,1,2,5,125
637193,51,1,4896,4,1,3,413
637274,125,1,3079,1,1,2,112
637285,117,2,7834,1,1,3,113
637412,36,1,1004,4,1,1,411
637672,136,1,472,1,1,1,111
638272,19,1,2160,5,1,1,511
638328,22,1,12459,5,1,4,514
638441,68,1,3036,3,1,2,312
638506,88,1,3142,2,1,2,212
638573,35,1,1170,4,1,1,411
638627,19,1,8150,5,1,3,513
638723,127,1,4113,1,1,2,112
638736,79,1,6980,3,1,3,313
639061,92,1,771,2,1,1,211
639216,115,1,5508,1,1,3,113
639300,30,1,510,5,1,1,511
639377,57,1,1863,4,1,1,411
639450,59,2,7376,3,1,3,313
639529,102,1,5406,2,1,3,213
639616,5,1,2874,5,1,2,512
639724,8,1,8858,5,1,4,514
639775,4,1,6740,5,1,3,513
639780,102,1,1722,2,1,1,211
639826,77,1,4694,3,1,3,313
639828,12,1,12765,5,1,4,514
639948,128,1,9656,1,1,4,114
639964,109,1,1188,2,1,1,211
640476,11,1,9795,5,1,4,514
640754,33,1,6576,4,1,3,413
640892,88,2,4430,2,1,2,212
640902,135,1,3576,1,1,2,112
641020,77,1,8464,3,1,4,314
641068,58,1,3642,4,1,2,412
641077,16,1,2688,5,1,2,512
641366,111,1,8487,2,1,4,214
641557,45,1,4896,4,1,3,413
641689,36,1,1570,4,1,1,411
641790,52,1,1776,4,1,1,411
641815,90,1,2176,2,1,1,211
641943,38,1,8184,4,1,3,413
642091,31,2,5446,4,1,3,413
642124,3,1,354,5,1,1,511
642130,9,4,19096,5,2,5,525
642233,9,1,4840,5,1,3,513
642492,70,1,4861,3,1,3,313
642505,39,1,1851,4,1,1,411
642546,49,2,3308,4,1,2,412
642818,73,1,13924,3,1,5,315
643004,76,1,10440,3,1,4,314
643085,110,1,5751,2,1,3,213
643195,49,1,13536,4,1,4,414
643208,123,2,18206,1,1,5,115
643307,23,1,4749,5,1,3,513
643357,78,1,3892,3,1,2,312
643525,130,1,13098,1,1,4,114
643535,48,1,870,4,1,1,411
643691,12,1,8368,5,1,4,514
643768,14,8,67994,5,2,5,525
643771,78,1,2260,3,1,1,311
643881,73,1,5428,3,1,3,313
644031,98,1,11955,2,1,4,214
644227,4,1,14997,5,1,5,515
644346,110,1,822,2,1,1,211
644422,111,4,20935,2,2,5,225
644522,113,1,3538,1,1,2,112
644845,56,2,15674,4,1,5,415
644887,17,1,544,5,1,1,511
645326,109,1,618,2,1,1,211
645352,114,2,5303,1,1,3,113
645414,96,1,1100,2,1,1,211
645507,78,1,8728,3,1,4,314
645511,9,1,907,5,1,1,511
645525,11,107,686653,5,2,5,525
645600,8,1,1270,5,1,1,511
645935,122,2,4207,1,1,2,112
645995,113,2,13831,1,1,5,115
646011,119,2,11425,1,1,4,114
646035,80,1,4723,3,1,3,313
646154,33,1,1670,4,1,1,411
646169,137,1,5232,1,1,3,113
646172,75,1,8604,3,1,4,314
646373,52,1,945,4,1,1,411
646402,42,1,9105,4,1,4,414
646421,106,3,21283,2,2,5,225
646468,70,1,4110,3,1,2,312
646494,31,1,10038,4,1,4,414
646913,10,1,7196,5,1,3,513
647011,82,1,15860,3,1,5,315
647026,137,2,7110,1,1,3,113
647087,18,1,9280,5,1,4,514
647183,85,1,9316,2,1,4,214
647289,85,1,9195,2,1,4,214
647294,50,1,6222,4,1,3,413
647304,95,1,11440,2,1,4,214
647330,133,1,4807,1,1,3,113
647350,112,1,4000,1,1,2,112
647428,113,1,4394,1,1,2,112
647863,119,1,13062,1,1,4,114
647891,27,1,16184,5,1,5,515
647934,23,1,2757,5,1,2,512
647987,42,1,7036,4,1,3,413
648048,64,2,27720,3,1,5,315
648175,60,1,16428,3,1,5,315
648463,136,1,19524,1,1,5,115
648464,55,1,5106,4,1,3,413
648603,78,1,4932,3,1,3,313
649003,31,3,24522,4,2,5,425
649196,122,1,12520,1,1,4,114
649387,137,2,7281,1,1,3,113
649448,62,1,542,3,1,1,311
649460,106,1,2593,2,1,2,212
649499,116,1,800,1,1,1,111
649511,135,1,5128,1,1,3,113
649946,114,1,2972,1,1,2,112
650028,70,1,3626,3,1,2,312
650076,72,1,8808,3,1,4,314
650108,100,5,42679,2,2,5,225
650526,9,1,1492,5,1,1,511
650547,135,1,6882,1,1,3,113
650670,37,1,1498,4,1,1,411
650738,32,1,7404,4,1,3,413
650747,122,1,309,1,1,1,111
650815,50,1,3232,4,1,2,412
650824,17,1,3345,5,1,2,512
651173,106,1,5496,2,1,3,213
651283,123,1,2367,1,1,2,112
651334,114,1,11997,1,1,4,114
651390,9,1,3997,5,1,2,512
651553,36,1,11037,4,1,4,414
651630,126,1,9778,1,1,4,114
651655,50,3,12160,4,2,4,424
651768,17,1,9510,5,1,4,514
651990,126,1,9348,1,1,4,114
652361,50,1,1015,4,1,1,411
652423,116,1,8562,1,1,4,114
652566,108,1,9555,2,1,4,214
652700,38,1,2214,4,1,1,411
652941,73,1,3916,3,1,2,312
652968,94,1,3614,2,1,2,212
653012,97,1,8562,2,1,4,214
653076,39,1,3552,4,1,2,412
653210,133,1,11946,1,1,4,114
653759,96,1,4639,2,1,2,212
653891,85,1,1272,2,1,1,211
653971,50,1,7378,4,1,3,413
654002,27,1,1173,5,1,1,511
654148,107,1,3591,2,1,2,212
654292,101,1,9048,2,1,4,214
654340,7,1,8900,5,1,4,514
654496,38,2,2712,4,1,2,412
654573,130,1,1971,1,1,1,111
654608,15,1,9808,5,1,4,514
654715,71,1,10108,3,1,4,314
654718,20,1,19752,5,1,5,515
654838,122,1,3763,1,1,2,112
654878,7,1,7814,5,1,3,513
655092,120,3,19022,1,2,5,125
655325,123,1,1521,1,1,1,111
655336,53,1,2467,4,1,2,412
655539,54,1,60,4,1,1,411
655713,2,2,3286,5,1,2,512
655854,98,1,10818,2,1,4,214
655937,71,1,1891,3,1,1,311
655964,119,1,4852,1,1,3,113
655995,71,1,2052,3,1,1,311
656029,66,1,9804,3,1,4,314
656253,55,1,1036,4,1,1,411
656350,45,1,6840,4,1,3,413
656602,79,1,5598,3,1,3,313
656771,19,1,13653,5,1,5,515
656837,29,1,3596,5,1,2,512
656967,134,6,21086,1,2,5,125
657096,9,2,9183,5,1,4,514
657293,66,2,14511,3,1,5,315
657378,73,2,7521,3,1,3,313
657394,110,1,9915,2,1,4,214
657414,59,2,23310,3,1,5,315
657508,16,1,6368,5,1,3,513
657556,74,1,17968,3,1,5,315
657617,57,1,14784,4,1,5,415
657631,124,1,504,1,1,1,111
657633,52,1,1244,4,1,1,411
658138,56,1,5354,4,1,3,413
658171,119,1,2304,1,1,2,112
658278,87,2,8034,2,1,3,213
658299,70,1,3528,3,1,2,312
658473,87,1,2151,2,1,1,211
658609,8,1,17780,5,1,5,515
658611,75,4,7897,3,2,3,323
658626,13,1,9354,5,1,4,514
659024,7,1,1756,5,1,1,511
659293,93,1,9204,2,1,4,214
659301,103,1,10800,2,1,4,214
660033,34,1,11204,4,1,4,414
660393,54,7,51163,4,2,5,425
660620,92,2,10051,2,1,4,214
660673,123,1,7840,1,1,3,113
660677,114,1,116,1,1,1,111
660789,52,1,1788,4,1,1,411
660893,79,1,17136,3,1,5,315
660952,17,1,13996,5,1,5,515
661096,14,1,1512,5,1,1,511
661164,88,2,1632,2,1,1,211
661290,28,1,9612,5,1,4,514
661382,134,1,6570,1,1,3,113
661580,73,2,16092,3,1,5,315
661619,98,1,5424,2,1,3,213
661719,32,2,14085,4,1,5,415
661809,59,1,1708,3,1,1,311
661931,19,2,23177,5,1,5,515
662024,127,1,4333,1,1,2,112
662041,14,1,5942,5,1,3,513
662257,68,1,1212,3,1,1,311
662462,125,1,7316,1,1,3,113
662475,60,2,5215,3,1,3,313
662500,92,1,231,2,1,1,211
662735,7,1,4837,5,1,3,513
662900,123,1,6650,1,1,3,113
663166,62,1,14480,3,1,5,315
663210,51,1,772,4,1,1,411
663372,120,1,1336,1,1,1,111
663411,67,1,1805,3,1,1,311
663616,23,1,2476,5,1,2,512
663861,127,1,2906,1,1,2,112
663983,26,1,19520,5,1,5,515
664127,82,1,3788,3,1,2,312
664130,101,1,7356,2,1,3,213
664310,115,1,11368,1,1,4,114
664424,123,1,9868,1,1,4,114
664551,9,4,27124,5,2,5,525
664682,13,2,26000,5,1,5,515
664689,87,1,11763,2,1,4,214
664721,46,6,17798,4,2,5,425
664735,117,1,4236,1,1,2,112
664763,93,6,54620,2,2,5,225
664829,58,1,7503,4,1,3,413
664846,97,1,14216,2,1,5,215
665150,134,1,2672,1,1,2,112
665308,84,3,22496,3,2,5,325
665788,110,1,10977,2,1,4,214
666046,105,1,14352,2,1,5,215
666056,32,1,3732,4,1,2,412
666162,89,1,6948,2,1,3,213
666163,44,1,7004,4,1,3,413
666168,124,1,5298,1,1,3,113
666335,9,1,742,5,1,1,511
666443,76,1,1048,3,1,1,311
666500,29,1,2665,5,1,2,512
666517,64,1,2510,3,1,2,312
666594,45,1,6654,4,1,3,413
666897,16,1,11898,5,1,4,514
666908,107,1,2016,2,1,1,211
666960,109,1,1102,2,1,1,211
667085,91,1,3312,2,1,2,212
667148,45,1,1270,4,1,1,411
667217,102,1,3459,2,1,2,212
667420,101,1,146,2,1,1,211
667559,53,1,4471,4,1,2,412
667565,136,1,8442,1,1,4,114
667569,95,2,8790,2,1,4,214
667707,81,1,4818,3,1,3,313
667873,58,1,7980,4,1,3,413
668226,66,2,19893,3,1,5,315
668227,115,2,14263,1,1,5,115
668251,124,1,3650,1,1,2,112
668288,124,2,11026,1,1,4,114
668489,129,1,276,1,1,1,111
668637,115,1,103,1,1,1,111
668775,106,1,1566,2,1,1,211
668937,22,1,3178,5,1,2,512
669299,30,1,8224,5,1,3,513
669387,112,1,848,1,1,1,111
669744,27,1,16780,5,1,5,515
669949,58,3,2378,4,2,2,422
669974,10,1,9702,5,1,4,514
669989,9,1,8516,5,1,4,514
669994,118,1,14343,1,1,5,115
670011,58,1,14296,4,1,5,415
670220,40,2,9337,4,1,4,414
670282,32,2,20709,4,1,5,415
670307,8,1,2675,5,1,2,512
670551,79,1,6968,3,1,3,313
670832,122,1,4386,1,1,2,112
671272,16,1,2854,5,1,2,512
671304,78,1,1176,3,1,1,311
671481,11,1,12015,5,1,4,514
671597,27,1,1357,5,1,1,511
671723,11,1,5556,5,1,3,513
671765,59,1,1616,3,1,1,311
671906,80,1,6166,3,1,3,313
671926,98,1,4137,2,1,2,212
671934,122,1,1482,1,1,1,111
672066,2,1,164,5,1,1,511
672120,30,2,8086,5,1,3,513
672217,45,1,9908,4,1,4,414
672218,57,4,27337,4,2,5,425
672339,83,1,11013,3,1,4,314
672404,17,1,11112,5,1,4,514
672630,134,1,3580,1,1,2,112
672725,73,1,3554,3,1,2,312
672767,107,1,4100,2,1,2,212
672785,67,3,17748,3,2,5,325
672855,60,2,18420,3,1,5,315
672896,83,1,9868,3,1,4,314
673007,84,1,18288,3,1,5,315
673028,87,1,1622,2,1,1,211
673138,60,4,41573,3,2,5,325
673291,50,1,5882,4,1,3,413
673331,11,1,4131,5,1,2,512
673557,51,1,8760,4,1,4,414
673572,108,7,15292,2,2,5,225
673618,50,1,8064,4,1,3,413
673776,138,1,4130,1,1,2,112
673841,92,1,1140,2,1,1,211
673913,52,1,10836,4,1,4,414
673919,103,1,9759,2,1,4,214
673950,43,1,7401,4,1,3,413
674067,119,2,5992,1,1,3,113
674207,87,1,4029,2,1,2,212
674233,115,1,15444,1,1,5,115
674240,30,1,7401,5,1,3,513
674283,65,1,8568,3,1,4,314
674356,52,1,5726,4,1,3,413
674830,72,1,3171,3,1,2,312
674837,48,1,9663,4,1,4,414
675006,36,1,3381,4,1,2,412
675039,71,1,14252,3,1,5,315
675069,124,1,13084,1,1,4,114
675209,59,1,2416,3,1,2,312
675230,73,1,10140,3,1,4,314
675313,47,1,13064,4,1,4,414
675368,82,1,2862,3,1,2,312
675619,65,1,8662,3,1,4,314
675646,68,2,8789,3,1,4,314
675725,123,1,307,1,1,1,111
675843,7,3,17649,5,2,5,525
676349,29,1,12411,5,1,4,514
676455,46,2,8952,4,1,4,414
676464,87,1,2948,2,1,2,212
676700,99,4,14056,2,2,5,225
676713,89,1,2266,2,1,1,211
676722,63,2,23496,3,1,5,315
676735,98,1,4332,2,1,2,212
676919,4,4,23322,5,2,5,525
676990,11,4,29812,5,2,5,525
676997,127,3,34819,1,2,5,125
677046,87,1,4302,2,1,2,212
677255,128,4,6790,1,2,3,123
677274,64,1,3455,3,1,2,312
677299,74,3,4640,3,2,2,322
677318,87,2,16618,2,1,5,215
677329,64,1,1208,3,1,1,311
677571,18,1,6000,5,1,3,513
677623,24,1,9868,5,1,4,514
677721,109,1,16412,2,1,5,215
677741,106,1,481,2,1,1,211
677771,65,1,612,3,1,1,311
678230,120,1,3846,1,1,2,112
678935,45,1,1172,4,1,1,411
678937,73,3,8219,3,2,3,323
678948,133,1,4707,1,1,3,113
679084,45,1,1359,4,1,1,411
679201,113,3,25080,1,2,5,125
679422,136,1,5096,1,1,3,113
679473,70,1,9256,3,1,4,314
679711,124,1,380,1,1,1,111
679892,87,1,3379,2,1,2,212
680026,37,1,18624,4,1,5,415
680221,26,1,3510,5,1,2,512
680400,58,1,5876,4,1,3,413
680488,52,1,14337,4,1,5,415
680552,135,2,8486,1,1,4,114
680669,78,1,7240,3,1,3,313
680820,29,1,3658,5,1,2,512
680858,59,2,9915,3,1,4,314
680865,65,1,12360,3,1,4,314
681101,76,1,8704,3,1,4,314
681196,137,2,13272,1,1,4,114
681231,43,1,5823,4,1,3,413
681283,63,1,553,3,1,1,311
681486,51,1,13828,4,1,5,415
681489,116,1,1379,1,1,1,111
681609,51,1,17408,4,1,5,415
681733,51,1,6381,4,1,3,413
682031,93,7,45990,2,2,5,225
682067,78,2,19572,3,1,5,315
682448,117,1,4810,1,1,3,113
682501,128,1,570,1,1,1,111
682534,51,1,7558,4,1,3,413
682715,56,1,2292,4,1,2,412
683069,19,1,3534,5,1,2,512
683086,42,1,11604,4,1,4,414
683140,76,1,2238,3,1,1,311
683211,96,1,8244,2,1,3,213
683255,10,1,6438,5,1,3,513
683346,92,1,8022,2,1,3,213
683548,87,1,2709,2,1,2,212
683597,3,1,1954,5,1,1,511
683598,111,1,13890,2,1,5,215
683628,93,1,428,2,1,1,211
683706,24,1,5466,5,1,3,513
683796,80,2,11696,3,1,4,314
683901,8,5,12610,5,2,4,524
683914,11,1,2272,5,1,1,511
684000,79,1,3352,3,1,2,312
684072,98,1,2467,2,1,2,212
684128,72,1,998,3,1,1,311
684153,28,1,2375,5,1,2,512
684190,30,1,7764,5,1,3,513
684213,59,2,5846,3,1,3,313
684514,74,189,1179846,3,2,5,325
684531,21,2,10516,5,1,4,514
684679,116,1,12831,1,1,4,114
684791,71,1,7322,3,1,3,313
684873,81,2,21037,3,1,5,315
684976,127,1,8439,1,1,4,114
685025,70,1,13384,3,1,4,314
685118,14,3,13203,5,2,4,524
685143,102,1,7290,2,1,3,213
685444,101,1,2726,2,1,2,212
685502,18,1,9600,5,1,4,514
685520,71,1,5526,3,1,3,313
685630,122,1,3696,1,1,2,112
685665,44,1,3413,4,1,2,412
686012,33,22,134937,4,2,5,425
686039,86,3,24329,2,2,5,225
686211,49,1,8031,4,1,3,413
686253,135,1,18204,1,1,5,115
686262,44,1,5368,4,1,3,413
686854,17,18,74161,5,2,5,525
686896,136,1,1799,1,1,1,111
686940,4,2,19519,5,1,5,515
687602,58,4,28374,4,2,5,425
687775,100,2,9296,2,1,4,214
687940,88,1,6800,2,1,3,213
688234,113,1,5055,1,1,3,113
688237,102,1,2692,2,1,2,212
688314,117,2,16615,1,1,5,115
688563,73,1,1683,3,1,1,311
688645,45,1,3080,4,1,2,412
688825,45,1,11204,4,1,4,414
688840,29,1,1322,5,1,1,511
688912,64,2,15684,3,1,5,315
689091,79,1,3272,3,1,2,312
689115,80,3,11615,3,2,4,324
689209,85,1,3284,2,1,2,212
689266,43,1,4640,4,1,2,412
689290,70,1,60,3,1,1,311
689522,22,1,1470,5,1,1,511
689605,21,1,7632,5,1,3,513
689611,95,1,2868,2,1,2,212
689640,31,1,7515,4,1,3,413
690114,113,1,3660,1,1,2,112
690130,114,1,1040,1,1,1,111
690336,52,1,1989,4,1,1,411
690443,18,1,1461,5,1,1,511
690787,7,1,7965,5,1,3,513
690929,95,2,5700,2,1,3,213
691013,79,2,19108,3,1,5,315
691215,47,2,11304,4,1,4,414
691268,79,1,2391,3,1,2,312
691766,108,2,4870,2,1,3,213
691958,131,1,3211,1,1,2,112
692199,19,1,8706,5,1,4,514
692368,32,3,28690,4,2,5,425
692447,71,1,1905,3,1,1,311
692653,37,2,11142,4,1,4,414
692676,115,1,7464,1,1,3,113
692959,60,1,2091,3,1,1,311
693104,106,1,5817,2,1,3,213
693398,36,1,14643,4,1,5,415
693400,135,1,2260,1,1,1,111
693528,66,6,24598,3,2,5,325
693591,53,1,1281,4,1,1,411
693648,92,2,24996,2,1,5,215
693672,85,1,945,2,1,1,211
693688,78,1,12255,3,1,4,314
693709,16,8,57726,5,2,5,525
693975,44,1,6790,4,1,3,413
694497,113,1,8844,1,1,4,114
694977,100,1,7554,2,1,3,213
695025,92,3,6200,2,2,3,223
695074,81,1,9525,3,1,4,314
695198,63,1,4612,3,1,2,312
695604,95,1,3721,2,1,2,212
695620,8,1,2428,5,1,2,512
695657,134,1,2192,1,1,1,111
695747,86,1,324,2,1,1,211
696046,69,1,4881,3,1,3,313
696363,99,2,23255,2,1,5,215
696393,137,1,4962,1,1,3,113
696424,135,1,2765,1,1,2,112
696774,137,1,3796,1,1,2,112
697009,93,1,1416,2,1,1,211
697361,32,1,11856,4,1,4,414
697366,71,1,9868,3,1,4,314
697408,93,2,17784,2,1,5,215
697413,85,2,15232,2,1,5,215
697426,116,1,5475,1,1,3,113
697585,100,2,3557,2,1,2,212
697629,134,1,2536,1,1,2,112
697687,8,1,14268,5,1,5,515
697734,26,1,13647,5,1,5,515
697828,37,1,4280,4,1,2,412
697830,58,1,4876,4,1,3,413
698124,31,1,2345,4,1,2,412
698162,19,1,4202,5,1,2,512
698640,52,1,9754,4,1,4,414
698812,79,4,17701,3,2,5,325
698816,18,2,12762,5,1,4,514
698846,64,1,786,3,1,1,311
698958,43,1,12906,4,1,4,414
698973,132,1,1626,1,1,1,111
699183,70,2,5796,3,1,3,313
699341,115,1,2334,1,1,2,112
699342,42,1,6990,4,1,3,413
699505,52,1,4514,4,1,2,412
699764,12,1,5690,5,1,3,513
699789,127,1,3550,1,1,2,112
700066,42,1,3511,4,1,2,412
700110,82,1,6530,3,1,3,313
700128,135,1,6792,1,1,3,113
700240,36,1,10842,4,1,4,414
700303,85,2,2540,2,1,2,212
700327,38,1,4992,4,1,3,413
700595,1,1,750,5,1,1,511
700623,76,1,4314,3,1,2,312
700680,119,1,3544,1,1,2,112
700839,36,1,9776,4,1,4,414
700847,87,1,4155,2,1,2,212
700881,15,1,8798,5,1,4,514
700903,106,1,6312,2,1,3,213
701119,89,1,2448,2,1,2,212
701145,41,1,3685,4,1,2,412
701326,36,1,8436,4,1,4,414
701621,125,2,10588,1,1,4,114
701722,100,2,3504,2,1,2,212
701750,35,1,4812,4,1,3,413
701781,134,1,5728,1,1,3,113
702000,70,2,2820,3,1,2,312
702055,62,1,16788,3,1,5,315
702070,57,1,2733,4,1,2,412
702147,77,1,4063,3,1,2,312
702314,122,1,2964,1,1,2,112
702504,65,1,1593,3,1,1,311
702866,43,2,4612,4,1,2,412
703023,95,1,2154,2,1,1,211
703221,53,1,4265,4,1,2,412
703222,72,2,22908,3,1,5,315
703309,68,3,32379,3,2,5,325
703462,133,1,2850,1,1,2,112
703502,34,1,10791,4,1,4,414
703540,14,2,7768,5,1,3,513
703691,57,1,8954,4,1,4,414
703762,81,2,21473,3,1,5,315
704586,56,2,26692,4,1,5,415
704666,123,1,548,1,1,1,111
704800,74,1,6464,3,1,3,313
704927,120,1,2386,1,1,2,112
705174,137,1,2800,1,1,2,112
705177,108,1,14160,2,1,5,215
705439,55,3,26007,4,2,5,425
705492,109,2,12085,2,1,4,214
705542,41,100,598458,4,2,5,425
705611,39,1,450,4,1,1,411
705834,66,2,16165,3,1,5,315
706050,45,1,1236,4,1,1,411
706387,85,3,28980,2,2,5,225
706640,112,2,1110,1,1,1,111
707002,64,1,864,3,1,1,311
707112,78,1,6500,3,1,3,313
707368,35,1,2042,4,1,1,411
707728,128,1,7828,1,1,3,113
707844,81,1,12244,3,1,4,314
708329,49,1,943,4,1,1,411
708533,37,1,4704,4,1,3,413
708596,77,1,706,3,1,1,311
708918,108,1,2772,2,1,2,212
709126,106,1,13809,2,1,5,215
709263,42,1,9306,4,1,4,414
709484,53,2,9630,4,1,4,414
709578,122,1,5424,1,1,3,113
709797,31,1,8874,4,1,4,414
709834,85,2,19842,2,1,5,215
709888,66,1,16532,3,1,5,315
709940,46,1,4912,4,1,3,413
710143,52,1,14320,4,1,5,415
710152,10,1,3222,5,1,2,512
710159,15,1,978,5,1,1,511
710299,33,1,8535,4,1,4,414
710338,134,10,60902,1,2,5,125
710623,125,1,4103,1,1,2,112
710895,44,1,2232,4,1,1,411
711110,4,2,19663,5,1,5,515
711118,38,1,8583,4,1,4,414
711167,20,1,11553,5,1,4,514
711222,2,1,7272,5,1,3,513
711318,96,1,728,2,1,1,211
711410,115,3,20400,1,2,5,125
711733,45,1,3178,4,1,2,412
711810,64,1,1844,3,1,1,311
711901,77,1,2961,3,1,2,312
711913,29,1,7800,5,1,3,513
712121,124,1,12225,1,1,4,114
712241,50,1,13140,4,1,4,414
712440,45,1,4710,4,1,3,413
712443,109,1,14931,2,1,5,215
712608,89,1,1652,2,1,1,211
712632,25,1,10890,5,1,4,514
712705,66,1,6054,3,1,3,313
712773,94,1,1316,2,1,1,211
712844,108,1,12039,2,1,4,214
712880,21,1,4058,5,1,2,512
713127,94,1,6122,2,1,3,213
713186,129,1,3114,1,1,2,112
713283,16,2,1589,5,1,1,511
713408,53,1,2877,4,1,2,412
713553,58,1,2728,4,1,2,412
713670,125,2,4743,1,1,3,113
713698,6,1,3197,5,1,2,512
713728,30,1,6942,5,1,3,513
713838,102,1,4296,2,1,2,212
713967,82,1,4779,3,1,3,313
714734,70,2,11310,3,1,4,314
714740,133,1,11256,1,1,4,114
715210,82,1,12933,3,1,4,314
715260,122,1,12840,1,1,4,114
715680,121,1,10014,1,1,4,114
715804,93,2,8691,2,1,4,214
715832,87,2,24436,2,1,5,215
715841,14,1,3620,5,1,2,512
716315,60,3,18622,3,2,5,325
716609,21,1,79,5,1,1,511
716683,18,1,2184,5,1,1,511
716938,137,1,12117,1,1,4,114
716947,67,1,2632,3,1,2,312
717072,8,1,3176,5,1,2,512
717226,95,1,5799,2,1,3,213
717294,95,1,15444,2,1,5,215
717336,34,1,8421,4,1,4,414
717370,119,1,1220,1,1,1,111
717396,50,1,12183,4,1,4,414
717701,94,1,279,2,1,1,211
717705,124,1,9824,1,1,4,114
717708,113,1,4693,1,1,3,113
717862,54,2,14031,4,1,5,415
717866,126,1,4184,1,1,2,112
718044,100,1,3597,2,1,2,212
718052,76,1,5211,3,1,3,313
718266,64,2,21740,3,1,5,315
718279,9,1,6574,5,1,3,513
718314,109,1,60,2,1,1,211
718461,86,1,3696,2,1,2,212
718708,24,5,21065,5,2,5,525
718723,12,2,21815,5,1,5,515
718748,111,1,8154,2,1,3,213
718851,121,1,1998,1,1,1,111
718852,128,1,1112,1,1,1,111
719055,60,1,5130,3,1,3,313
719153,73,3,10316,3,2,4,324
719301,116,1,120,1,1,1,111
719538,92,1,7972,2,1,3,213
719605,72,1,7422,3,1,3,313
719670,137,1,1300,1,1,1,111
719915,109,1,217,2,1,1,211
719946,14,1,7107,5,1,3,513
719967,70,1,11104,3,1,4,314
720020,60,1,5554,3,1,3,313
720275,138,1,6729,1,1,3,113
720561,44,1,1829,4,1,1,411
720666,59,1,8751,3,1,4,314
720903,71,1,10983,3,1,4,314
721106,95,1,12102,2,1,4,214
721142,29,1,2052,5,1,1,511
721641,87,1,8598,2,1,4,214
721660,53,1,16272,4,1,5,415
721749,87,1,3532,2,1,2,212
721753,133,1,988,1,1,1,111
721849,3,1,1145,5,1,1,511
721899,6,1,10779,5,1,4,514
722267,93,1,9994,2,1,4,214
722307,128,1,6694,1,1,3,113
722312,64,1,4627,3,1,2,312
722375,129,1,252,1,1,1,111
722406,45,1,3327,4,1,2,412
722470,114,1,9952,1,1,4,114
722512,129,1,1684,1,1,1,111
722641,130,1,9186,1,1,4,114
722657,48,2,5972,4,1,3,413
722862,80,1,8372,3,1,4,314
722875,22,1,14394,5,1,5,515
722953,18,1,5000,5,1,3,513
722990,63,5,14274,3,2,5,325
723092,94,11,91882,2,2,5,225
723312,30,1,3412,5,1,2,512
723403,67,1,6153,3,1,3,313
723619,125,3,13171,1,2,4,124
723670,67,2,20083,3,1,5,315
723877,84,2,824,3,1,1,311
724060,101,1,6624,2,1,3,213
724334,35,1,2714,4,1,2,412
724403,7,1,7064,5,1,3,513
724423,91,1,4279,2,1,2,212
724521,57,1,5310,4,1,3,413
724587,123,1,4122,1,1,2,112
724618,7,3,15776,5,2,5,525
724900,73,1,9868,3,1,4,314
724914,35,1,3344,4,1,2,412
725007,43,1,9696,4,1,4,414
725439,22,1,784,5,1,1,511
725562,2,1,6810,5,1,3,513
725579,121,2,4452,1,1,2,112
725780,10,1,3500,5,1,2,512
726006,36,1,2774,4,1,2,412
726092,53,2,14662,4,1,5,415
726129,78,1,3252,3,1,2,312
726288,32,1,2174,4,1,1,411
726478,15,2,20708,5,1,5,515
726734,36,1,954,4,1,1,411
727209,11,1,1420,5,1,1,511
727357,8,2,12338,5,1,4,514
727370,122,1,6720,1,1,3,113
727466,98,2,2528,2,1,2,212
727576,14,4,15797,5,2,5,525
727717,116,3,12718,1,2,4,124
727739,116,1,5728,1,1,3,113
727821,117,1,12519,1,1,4,114
727930,8,1,120,5,1,1,511
728093,72,1,14644,3,1,5,315
728219,65,1,5034,3,1,3,313
728253,60,1,2884,3,1,2,312
728266,33,1,3696,4,1,2,412
728281,59,1,6240,3,1,3,313
728314,29,1,4892,5,1,3,513
728347,10,1,4028,5,1,2,512
728421,122,1,3456,1,1,2,112
728593,3,1,4486,5,1,2,512
728673,73,1,60,3,1,1,311
728701,20,1,9660,5,1,4,514
728718,5,5,28347,5,2,5,525
728779,134,1,428,1,1,1,111
728944,86,1,3304,2,1,2,212
729148,122,2,8019,1,1,3,113
729150,2,13,93777,5,2,5,525
729152,105,1,1898,2,1,1,211
729155,106,1,4954,2,1,3,213
729498,94,2,4247,2,1,2,212
729517,84,2,5775,3,1,3,313
729572,102,1,2801,2,1,2,212
729641,10,1,4099,5,1,2,512
729708,113,1,1920,1,1,1,111
729726,71,2,12365,3,1,4,314
729806,138,1,5532,1,1,3,113
729960,45,4,10261,4,2,4,424
730188,93,2,7611,2,1,3,213
730192,58,4,17390,4,2,5,425
730510,70,1,556,3,1,1,311
730678,70,1,2640,3,1,2,312
731015,49,1,276,4,1,1,411
731052,29,1,10227,5,1,4,514
731313,34,4,24326,4,2,5,425
731376,43,1,7038,4,1,3,413
731435,125,1,532,1,1,1,111
731580,131,1,5828,1,1,3,113
731625,51,1,5752,4,1,3,413
731857,104,2,14232,2,1,5,215
731881,23,1,7299,5,1,3,513
731943,135,1,186,1,1,1,111
731998,122,2,11472,1,1,4,114
732066,136,1,822,1,1,1,111
732102,57,2,14031,4,1,5,415
732108,25,2,7278,5,1,3,513
732139,138,1,3312,1,1,2,112
732232,91,1,728,2,1,1,211
732352,98,3,14436,2,2,5,225
732504,87,1,4863,2,1,3,213
732625,29,1,2859,5,1,2,512
732725,66,1,438,3,1,1,311
732767,101,2,12690,2,1,4,214
732803,12,1,3910,5,1,2,512
733458,28,1,293,5,1,1,511
733771,60,1,14535,3,1,5,315
734226,44,1,12693,4,1,4,414
734350,62,1,586,3,1,1,311
734374,72,1,4089,3,1,2,312
734432,7,1,653,5,1,1,511
734633,102,2,20679,2,1,5,215
734719,98,1,136,2,1,1,211
734846,71,1,744,3,1,1,311
734989,31,2,9700,4,1,4,414
735088,132,1,189,1,1,1,111
735090,68,1,1074,3,1,1,311
735322,44,1,3310,4,1,2,412
735385,20,1,3415,5,1,2,512
735474,133,1,8146,1,1,3,113
735490,64,1,1652,3,1,1,311
735763,88,1,2559,2,1,2,212
736455,29,1,3036,5,1,2,512
736846,137,1,10362,1,1,4,114
737053,5,10,67310,5,2,5,525
737166,38,1,969,4,1,1,411
737329,1,1,12872,5,1,4,514
737341,22,1,204,5,1,1,511
737454,61,1,10983,3,1,4,314
738182,93,3,17748,2,2,5,225
738195,133,1,16312,1,1,5,115
738198,113,1,606,1,1,1,111
738365,23,1,8823,5,1,4,514
738410,29,2,11787,5,1,4,514
738499,65,1,15832,3,1,5,315
738601,16,1,2860,5,1,2,512
738700,28,1,4314,5,1,2,512
738746,37,3,14687,4,2,5,425
738773,7,1,3662,5,1,2,512
738908,8,2,15722,5,1,5,515
739473,61,2,10235,3,1,4,314
739495,83,1,10635,3,1,4,314
739647,84,1,6650,3,1,3,313
739773,9,1,5313,5,1,3,513
740116,37,1,12904,4,1,4,414
740132,131,2,14877,1,1,5,115
740308,15,1,13556,5,1,4,514
740324,107,1,1408,2,1,1,211
740575,12,3,13263,5,2,4,524
740720,119,2,22811,1,1,5,115
740743,6,1,336,5,1,1,511
740777,134,1,3569,1,1,2,112
740861,37,1,1488,4,1,1,411
741012,67,1,4908,3,1,3,313
741119,113,1,3606,1,1,2,112
741123,54,1,8556,4,1,4,414
741178,137,1,2467,1,1,2,112
741296,106,1,19600,2,1,5,215
741488,47,1,4310,4,1,2,412
741539,32,2,31216,4,1,5,415
741611,128,1,3734,1,1,2,112
741744,12,2,16227,5,1,5,515
741899,130,1,2850,1,1,2,112
741945,100,1,3174,2,1,2,212
741951,87,1,19044,2,1,5,215
742070,74,1,12117,3,1,4,314
742163,57,1,8488,4,1,4,414
742185,127,1,11272,1,1,4,114
742661,94,1,923,2,1,1,211
742698,54,2,12120,4,1,4,414
742824,116,1,9696,1,1,4,114
742889,4,1,312,5,1,1,511
742963,26,2,7237,5,1,3,513
743101,40,1,3624,4,1,2,412
743198,9,1,19388,5,1,5,515
743285,34,1,8142,4,1,3,413
743308,39,1,1851,4,1,1,411
743319,89,2,1508,2,1,1,211
743466,98,1,7390,2,1,3,213
743497,18,1,8208,5,1,3,513
743537,122,1,1236,1,1,1,111
743674,68,1,3313,3,1,2,312
743832,74,1,7244,3,1,3,313
743835,107,1,3672,2,1,2,212
744118,44,2,9774,4,1,4,414
744123,40,1,2488,4,1,2,412
744188,123,1,4668,1,1,3,113
744243,83,2,5703,3,1,3,313
744315,68,1,285,3,1,1,311
744454,47,1,4854,4,1,3,413
744474,57,1,1299,4,1,1,411
744547,123,1,7626,1,1,3,113
744651,123,1,8110,1,1,3,113
744717,71,1,1066,3,1,1,311
744769,6,1,14396,5,1,5,515
745007,43,1,21,4,1,1,411
745037,71,1,8632,3,1,4,314
745358,116,2,3741,1,1,2,112
745504,38,1,212,4,1,1,411
745620,64,1,9868,3,1,4,314
745633,67,2,26616,3,1,5,315
745702,94,1,11589,2,1,4,214
745802,83,1,499,3,1,1,311
745877,127,1,5703,1,1,3,113
746204,126,1,484,1,1,1,111
746296,135,1,1528,1,1,1,111
746343,26,1,5742,5,1,3,513
746554,111,5,41949,2,2,5,225
746666,63,1,4086,3,1,2,312
746698,22,1,1148,5,1,1,511
746706,7,1,11559,5,1,4,514
746841,47,1,3258,4,1,2,412
746939,105,3,22662,2,2,5,225
747091,107,2,17932,2,1,5,215
747097,63,1,3016,3,1,2,312
747123,31,1,2232,4,1,1,411
747165,36,1,2877,4,1,2,412
747251,59,1,1387,3,1,1,311
747310,107,1,5979,2,1,3,213
747537,100,1,6882,2,1,3,213
747630,4,2,11464,5,1,4,514
747695,24,1,6132,5,1,3,513
747952,8,1,9868,5,1,4,514
748001,81,1,2636,3,1,2,312
748035,58,1,445,4,1,1,411
748040,97,26,186687,2,2,5,225
748102,57,1,3799,4,1,2,412
748120,108,1,3060,2,1,2,212
748342,100,3,20231,2,2,5,225
748427,118,1,2927,1,1,2,112
748562,1,11,67073,5,2,5,525
748586,97,1,3250,2,1,2,212
748697,2,3,19396,5,2,5,525
748726,59,1,12960,3,1,4,314
748917,66,1,7592,3,1,3,313
748969,65,1,7802,3,1,3,313
748994,118,1,2064,1,1,1,111
749196,29,1,4758,5,1,3,513
749201,107,4,25030,2,2,5,225
749244,119,1,2417,1,1,2,112
749407,47,1,17400,4,1,5,415
749501,11,1,1839,5,1,1,511
749945,59,1,2314,3,1,2,312
750008,129,1,1109,1,1,1,111
750151,51,1,13972,4,1,5,415
750601,112,39,200599,1,2,5,125
750603,47,1,146,4,1,1,411
750724,134,1,1821,1,1,1,111
750808,44,1,1612,4,1,1,411
750986,49,2,6299,4,1,3,413
751033,87,2,15470,2,1,5,215
751054,88,1,4054,2,1,2,212
751149,23,1,2690,5,1,2,512
751200,134,1,534,1,1,1,111
751256,0,1,7750,5,1,3,513
751291,11,2,2032,5,1,1,511
751321,99,1,4570,2,1,2,212
751418,37,1,224,4,1,1,411
751754,9,1,13173,5,1,4,514
751832,46,1,2656,4,1,2,412
752309,84,1,1416,3,1,1,311
752555,31,1,7324,4,1,3,413
753155,51,1,5610,4,1,3,413
753277,137,1,6488,1,1,3,113
753425,121,1,6928,1,1,3,113
753438,43,1,3861,4,1,2,412
753494,34,1,12916,4,1,4,414
753768,29,1,418,5,1,1,511
753827,134,2,3768,1,1,2,112
753987,74,2,13434,3,1,4,314
754039,19,6,24390,5,2,5,525
754046,84,1,1803,3,1,1,311
754049,4,1,1939,5,1,1,511
754077,32,2,10243,4,1,4,414
754142,108,1,3924,2,1,2,212
754188,130,1,2709,1,1,2,112
754218,126,10,59109,1,2,5,125
754341,69,1,13053,3,1,4,314
754358,131,3,30747,1,2,5,125
754472,8,1,9873,5,1,4,514
754523,73,1,13287,3,1,4,314
754579,92,1,1261,2,1,1,211
754661,134,2,13585,1,1,4,114
754666,43,1,3094,4,1,2,412
754781,28,1,6972,5,1,3,513
754989,85,1,9388,2,1,4,214
755110,11,2,17409,5,1,5,515
755125,27,1,7528,5,1,3,513
755363,2,1,1612,5,1,1,511
755413,85,1,9140,2,1,4,214
755534,133,1,4200,1,1,2,112
755605,2,1,11106,5,1,4,514
755636,38,1,10554,4,1,4,414
755797,67,1,336,3,1,1,311
755815,1,3,18406,5,2,5,525
755979,63,1,3694,3,1,2,312
756442,88,2,13301,2,1,4,214
756459,136,1,898,1,1,1,111
756473,89,1,2048,2,1,1,211
756562,61,2,23004,3,1,5,315
756574,9,1,12168,5,1,4,514
756583,86,1,3541,2,1,2,212
756632,114,2,11391,1,1,4,114
756716,113,2,18494,1,1,5,115
756735,103,1,12039,2,1,4,214
756779,101,1,3061,2,1,2,212
756858,30,2,3864,5,1,2,512
756996,60,1,6562,3,1,3,313
757132,25,1,14106,5,1,5,515
757199,101,1,8180,2,1,3,213
757344,55,1,866,4,1,1,411
757355,56,101,639297,4,2,5,425
757591,54,2,22352,4,1,5,415
757892,22,1,19248,5,1,5,515
757934,21,1,877,5,1,1,511
757989,68,2,11650,3,1,4,314
758150,7,1,4644,5,1,2,512
758223,94,1,13263,2,1,4,214
758315,59,1,3476,3,1,2,312
758346,122,2,15282,1,1,5,115
758359,60,2,1992,3,1,1,311
758719,74,1,3677,3,1,2,312
758725,81,1,7164,3,1,3,313
758797,20,1,11007,5,1,4,514
758827,69,2,22850,3,1,5,315
759183,65,1,9272,3,1,4,314
759288,107,3,11289,2,2,4,224
759353,129,2,9771,1,1,4,114
759356,136,1,7138,1,1,3,113
759678,102,1,11730,2,1,4,214
759893,121,2,21094,1,1,5,115
760024,7,1,4389,5,1,2,512
760119,9,4,7201,5,2,3,523
760187,134,1,1690,1,1,1,111
760257,46,2,31612,4,1,5,415
760266,67,1,3336,3,1,2,312
760430,13,4,12137,5,2,4,524
760537,21,1,566,5,1,1,511
760652,108,1,6192,2,1,3,213
760673,47,2,12206,4,1,4,414
760728,124,1,6192,1,1,3,113
760986,92,1,4616,2,1,2,212
761181,82,3,16184,3,2,5,325
761332,129,1,4811,1,1,3,113
761381,130,2,7696,1,1,3,113
761482,127,59,348556,1,2,5,125
761583,121,1,9801,1,1,4,114
761655,129,1,9102,1,1,4,114
761680,130,1,2577,1,1,2,112
761783,16,6,42240,5,2,5,525
761862,49,2,12739,4,1,4,414
762073,113,1,2740,1,1,2,112
762163,89,1,12837,2,1,4,214
762170,70,1,5520,3,1,3,313
762687,132,1,1691,1,1,1,111
762703,11,1,342,5,1,1,511
763153,85,1,15864,2,1,5,215
763195,107,1,16312,2,1,5,215
763234,71,1,5586,3,1,3,313
763257,113,14,98724,1,2,5,125
763580,106,1,245,2,1,1,211
763582,57,1,1172,4,1,1,411
763594,12,1,8788,5,1,4,514
763653,119,1,5984,1,1,3,113
763741,121,1,12090,1,1,4,114
763880,72,1,3861,3,1,2,312
763954,71,1,13592,3,1,4,314
764068,135,1,3201,1,1,2,112
764150,24,1,1410,5,1,1,511
764490,23,1,2424,5,1,2,512
764672,51,1,3324,4,1,2,412
764755,28,1,7456,5,1,3,513
764790,65,13,75892,3,2,5,325
764802,127,1,4272,1,1,2,112
764821,94,1,6894,2,1,3,213
765630,85,51,330555,2,2,5,225
765671,38,1,872,4,1,1,411
765884,71,1,4331,3,1,2,312
765900,32,6,41054,4,2,5,425
766104,58,1,4797,4,1,3,413
766217,135,1,14262,1,1,5,115
766227,53,2,22212,4,1,5,415
766244,57,1,19732,4,1,5,415
766389,104,1,9484,2,1,4,214
766423,129,1,3524,1,1,2,112
766486,87,2,5351,2,1,3,213
766489,135,1,1351,1,1,1,111
766502,102,1,1044,2,1,1,211
766526,96,1,19040,2,1,5,215
766527,24,1,1870,5,1,1,511
766603,55,3,2005,4,2,1,421
766850,97,1,10148,2,1,4,214
767044,65,2,28392,3,1,5,315
767157,9,1,46,5,1,1,511
767178,44,1,4480,4,1,2,412
767419,100,1,618,2,1,1,211
767448,78,3,10540,3,2,4,324
767480,129,1,1854,1,1,1,111
767636,110,1,7648,2,1,3,213
767702,116,1,816,1,1,1,111
767789,74,1,1611,3,1,1,311
767849,14,1,8628,5,1,4,514
768067,69,1,7296,3,1,3,313
768137,125,1,12663,1,1,4,114
768341,101,1,6366,2,1,3,213
768775,126,1,1104,1,1,1,111
768875,45,1,764,4,1,1,411
768923,58,1,4840,4,1,3,413
768931,115,1,13900,1,1,5,115
768946,15,7,41216,5,2,5,525
769006,91,1,9868,2,1,4,214
769016,87,1,2589,2,1,2,212
769032,82,1,3972,3,1,2,312
769140,110,1,9213,2,1,4,214
769241,111,1,36,2,1,1,211
769337,90,1,579,2,1,1,211
769676,100,3,18818,2,2,5,225
769790,88,1,3092,2,1,2,212
769836,6,1,1630,5,1,1,511
769838,122,2,14896,1,1,5,115
769903,73,1,4845,3,1,3,313
769985,81,1,2710,3,1,2,312
770015,82,1,921,3,1,1,311
770097,52,1,16488,4,1,5,415
770124,123,1,15024,1,1,5,115
770170,5,1,10356,5,1,4,514
770188,87,1,4920,2,1,3,213
770189,77,1,15200,3,1,5,315
770282,106,1,8466,2,1,4,214
770292,118,2,3534,1,1,2,112
770538,127,2,6146,1,1,3,113
770651,37,2,5836,4,1,3,413
770690,108,1,1952,2,1,1,211
770741,31,2,13036,4,1,4,414
770829,24,1,5272,5,1,3,513
770887,25,1,10536,5,1,4,514
770983,77,2,6278,3,1,3,313
771058,54,2,36952,4,1,5,415
771313,9,1,10264,5,1,4,514
771466,126,1,4807,1,1,3,113
771571,83,2,33612,3,1,5,315
771611,72,1,14008,3,1,5,315
771659,74,1,19336,3,1,5,315
771722,43,1,9264,4,1,4,414
771810,104,1,2716,2,1,2,212
771838,60,1,9718,3,1,4,314
771903,16,1,1322,5,1,1,511
771946,108,2,14021,2,1,5,215
772015,21,1,520,5,1,1,511
772037,66,1,2356,3,1,2,312
772213,102,1,19292,2,1,5,215
772262,35,4,11212,4,2,4,424
772273,14,1,1494,5,1,1,511
772285,122,1,17340,1,1,5,115
772453,75,1,2988,3,1,2,312
772687,28,2,6001,5,1,3,513
773110,126,1,2661,1,1,2,112
773156,118,1,8930,1,1,4,114
773217,92,1,4216,2,1,2,212
773901,119,2,6566,1,1,3,113
773947,39,1,9238,4,1,4,414
773985,65,1,5726,3,1,3,313
774018,105,2,14513,2,1,5,215
774274,71,1,568,3,1,1,311
774305,8,1,4132,5,1,2,512
774424,38,1,2289,4,1,1,411
774758,81,1,350,3,1,1,311
774788,79,1,570,3,1,1,311
774920,127,2,5314,1,1,3,113
775150,17,1,2148,5,1,1,511
775282,106,1,16236,2,1,5,215
775289,133,1,1678,1,1,1,111
775616,52,2,903,4,1,1,411
775821,44,1,2531,4,1,2,412
775942,37,1,11340,4,1,4,414
776052,24,1,6728,5,1,3,513
776325,89,1,2868,2,1,2,212
776534,79,1,8002,3,1,3,313
776665,59,1,13887,3,1,5,315
776927,84,1,1056,3,1,1,311
776945,10,1,4665,5,1,3,513
776978,134,1,4118,1,1,2,112
777134,52,1,15900,4,1,5,415
777365,88,1,2869,2,1,2,212
777503,67,2,10498,3,1,4,314
777788,106,2,22139,2,1,5,215
777821,126,1,19016,1,1,5,115
777857,92,1,2790,2,1,2,212
777908,122,2,6621,1,1,3,113
777942,44,1,565,4,1,1,411
778098,88,1,14070,2,1,5,215
778118,45,1,8662,4,1,4,414
778442,58,1,4566,4,1,2,412
778459,35,1,13839,4,1,5,415
778509,71,1,9446,3,1,4,314
778937,8,2,10300,5,1,4,514
779000,15,1,3340,5,1,2,512
779056,83,2,2964,3,1,2,312
779386,4,1,9992,5,1,4,514
779397,79,1,13980,3,1,5,315
779514,66,2,19678,3,1,5,315
779785,123,1,7815,1,1,3,113
779794,9,1,1675,5,1,1,511
780205,95,2,7720,2,1,3,213
780230,56,1,6844,4,1,3,413
780301,38,1,2172,4,1,1,411
780392,44,2,14321,4,1,5,415
780488,33,1,2058,4,1,1,411
780708,65,1,1409,3,1,1,311
780731,69,1,7504,3,1,3,313
780733,80,1,11850,3,1,4,314
780925,136,1,1282,1,1,1,111
781099,122,1,11824,1,1,4,114
781101,78,2,11418,3,1,4,314
781156,22,2,2190,5,1,1,511
781189,38,1,894,4,1,1,411
781477,34,1,12744,4,1,4,414
781583,43,1,11352,4,1,4,414
781592,65,2,26236,3,1,5,315
781616,50,1,3332,4,1,2,412
781666,57,1,1322,4,1,1,411
781731,73,1,4888,3,1,3,313
781759,134,1,937,1,1,1,111
781972,64,1,1140,3,1,1,311
781974,94,1,4875,2,1,3,213
781980,21,1,1972,5,1,1,511
782163,59,1,6885,3,1,3,313
782169,110,1,7518,2,1,3,213
782178,51,1,5614,4,1,3,413
782325,36,1,6756,4,1,3,413
782343,86,1,3732,2,1,2,212
782523,94,1,129,2,1,1,211
782961,96,3,15504,2,2,5,225
783088,84,1,13344,3,1,4,314
783254,80,1,14424,3,1,5,315
783282,99,1,16580,2,1,5,215
783364,46,1,3516,4,1,2,412
783405,35,1,2326,4,1,2,412
783408,62,1,1536,3,1,1,311
783599,135,1,822,1,1,1,111
783700,61,1,9909,3,1,4,314
783756,87,4,11265,2,2,4,224
783857,23,1,4005,5,1,2,512
783905,105,1,13668,2,1,5,215
783998,53,1,740,4,1,1,411
784049,43,2,6054,4,1,3,413
784178,125,1,9432,1,1,4,114
784477,70,1,9564,3,1,4,314
784543,79,1,13188,3,1,4,314
784558,33,1,9063,4,1,4,414
784757,102,1,13086,2,1,4,214
784769,121,1,4299,1,1,2,112
784783,4,1,6516,5,1,3,513
785001,9,1,17792,5,1,5,515
785043,31,1,427,4,1,1,411
785226,22,1,1206,5,1,1,511
785456,124,2,10336,1,1,4,114
785643,79,1,4992,3,1,3,313
785737,3,1,9796,5,1,4,514
785782,16,1,4582,5,1,2,512
785814,47,1,3296,4,1,2,412
786017,53,3,16812,4,2,5,425
786045,126,2,15316,1,1,5,115
786265,128,1,1309,1,1,1,111
786374,95,1,5542,2,1,3,213
786406,85,1,4396,2,1,2,212
786486,116,1,6732,1,1,3,113
786728,75,1,9712,3,1,4,314
786834,121,1,613,1,1,1,111
787217,135,2,18697,1,1,5,115
787290,93,1,7070,2,1,3,213
787425,33,1,2008,4,1,1,411
787440,21,1,3508,5,1,2,512
787802,96,5,19669,2,2,5,225
787878,15,1,457,5,1,1,511
787997,68,1,13014,3,1,4,314
788113,123,3,20188,1,2,5,125
788475,64,1,13740,3,1,5,315
788871,50,2,5616,4,1,3,413
788900,16,5,41913,5,2,5,525
788972,5,1,8530,5,1,4,514
789256,24,1,544,5,1,1,511
789277,7,2,4292,5,1,2,512
789620,118,4,9281,1,2,4,124
789675,123,1,11812,1,1,4,114
789699,64,1,4808,3,1,3,313
789749,41,1,4740,4,1,3,413
789793,111,3,26208,2,2,5,225
789844,107,1,3332,2,1,2,212
789937,133,1,12609,1,1,4,114
789945,79,1,2055,3,1,1,311
790272,31,1,12810,4,1,4,414
790379,121,1,4708,1,1,3,113
790828,124,1,3340,1,1,2,112
791048,87,1,18656,2,1,5,215
791108,51,1,17140,4,1,5,415
791118,84,1,9165,3,1,4,314
791204,129,1,238,1,1,1,111
791361,99,1,1153,2,1,1,211
791547,103,1,6078,2,1,3,213
791551,43,1,545,4,1,1,411
791616,62,1,12260,3,1,4,314
791750,66,2,26444,3,1,5,315
791783,94,1,12189,2,1,4,214
791854,34,1,11478,4,1,4,414
791895,32,1,1737,4,1,1,411
792208,43,1,2155,4,1,1,411
792383,135,1,5118,1,1,3,113
792479,45,1,9879,4,1,4,414
792567,127,1,16624,1,1,5,115
792616,53,1,1989,4,1,1,411
792642,91,1,3728,2,1,2,212
792658,66,2,4677,3,1,3,313
792663,123,1,1446,1,1,1,111
792741,99,3,18843,2,2,5,225
792995,70,1,6348,3,1,3,313
793007,57,2,18429,4,1,5,415
793038,47,3,16107,4,2,5,425
793091,42,3,7596,4,2,3,423
793134,32,1,7814,4,1,3,413
793157,115,2,6544,1,1,3,113
793374,88,2,5378,2,1,3,213
793424,34,1,13144,4,1,4,414
793602,135,1,3510,1,1,2,112
793661,18,2,6188,5,1,3,513
793866,16,1,902,5,1,1,511
794126,89,2,4698,2,1,3,213
794152,10,1,1822,5,1,1,511
794304,93,1,3344,2,1,2,212
794340,72,1,3807,3,1,2,312
794642,119,1,12309,1,1,4,114
794751,24,2,4497,5,1,2,512
794758,125,2,19852,1,1,5,115
794775,8,1,1568,5,1,1,511
795056,8,5,40280,5,2,5,525
795060,107,4,15486,2,2,5,225
795171,40,1,490,4,1,1,411
795257,44,1,1072,4,1,1,411
795274,50,1,14004,4,1,5,415
795423,44,1,3448,4,1,2,412
795448,79,1,18400,3,1,5,315
795731,30,2,10884,5,1,4,514
795975,18,2,7231,5,1,3,513
796000,99,2,5544,2,1,3,213
796062,21,2,9774,5,1,4,514
796083,52,1,2148,4,1,1,411
796090,135,1,7602,1,1,3,113
796253,38,2,8995,4,1,4,414
796367,19,1,2328,5,1,2,512
796470,47,2,18147,4,1,5,415
796611,117,1,4172,1,1,2,112
796670,10,1,5550,5,1,3,513
796940,135,2,15419,1,1,5,115
797023,22,1,2960,5,1,2,512
797108,127,2,12847,1,1,4,114
797295,45,1,232,4,1,1,411
797409,31,40,238885,4,2,5,425
797487,5,1,1236,5,1,1,511
797644,122,1,19780,1,1,5,115
797729,53,2,13746,4,1,5,415
797789,66,1,5126,3,1,3,313
797872,51,1,17012,4,1,5,415
797935,31,1,2277,4,1,1,411
798349,69,1,11120,3,1,4,314
798441,80,1,732,3,1,1,311
798738,85,1,2222,2,1,1,211
798809,69,1,2018,3,1,1,311
799313,69,2,18329,3,1,5,315
799331,74,8,43886,3,2,5,325
799355,115,1,4955,1,1,3,113
799471,90,1,9484,2,1,4,214
799678,95,1,15372,2,1,5,215
799716,40,1,10524,4,1,4,414
799861,4,2,6456,5,1,3,513
799974,121,1,1274,1,1,1,111
800138,43,1,14292,4,1,5,415
800150,52,1,7386,4,1,3,413
800426,45,2,11826,4,1,4,414
800489,50,3,11616,4,2,4,424
800578,87,1,14499,2,1,5,215
800638,108,1,9468,2,1,4,214
800723,113,2,7285,1,1,3,113
800777,116,1,4260,1,1,2,112
800894,119,1,1224,1,1,1,111
800917,89,1,12888,2,1,4,214
801026,81,1,927,3,1,1,311
801091,51,1,586,4,1,1,411
801172,6,1,9832,5,1,4,514
801313,28,1,10593,5,1,4,514
801365,60,1,1526,3,1,1,311
801554,93,1,2222,2,1,1,211
801664,59,1,1306,3,1,1,311
801898,50,1,1720,4,1,1,411
802043,42,1,3696,4,1,2,412
802259,106,1,3630,2,1,2,212
802281,37,2,7051,4,1,3,413
802379,41,2,34958,4,1,5,415
802580,127,1,960,1,1,1,111
802676,93,1,18912,2,1,5,215
802702,44,1,1838,4,1,1,411
802717,109,1,4464,2,1,2,212
803016,44,1,9165,4,1,4,414
803139,92,1,4086,2,1,2,212
803150,113,1,9848,1,1,4,114
803791,115,1,1924,1,1,1,111
803960,31,1,2949,4,1,2,412
803997,73,1,14684,3,1,5,315
804113,81,2,17298,3,1,5,315
804216,22,1,7288,5,1,3,513
804418,72,3,11381,3,2,4,324
804434,130,1,2728,1,1,2,112
804657,25,1,6580,5,1,3,513
804712,48,1,18968,4,1,5,415
804836,100,1,3657,2,1,2,212
804842,91,1,12404,2,1,4,214
804846,58,1,888,4,1,1,411
804876,101,1,7428,2,1,3,213
804983,18,1,11511,5,1,4,514
805200,74,1,9464,3,1,4,314
805204,70,7,28865,3,2,5,325
805249,101,1,538,2,1,1,211
805254,87,1,1140,2,1,1,211
805448,60,1,15648,3,1,5,315
805595,25,1,9328,5,1,4,514
805630,70,1,1552,3,1,1,311
805761,127,1,8940,1,1,4,114
805780,64,4,62875,3,2,5,325
805787,129,1,9696,1,1,4,114
805790,84,2,14975,3,1,5,315
805864,30,1,498,5,1,1,511
806014,60,2,22311,3,1,5,315
806308,77,1,1140,3,1,1,311
806371,101,1,3240,2,1,2,212
806439,32,1,326,4,1,1,411
806787,117,1,3612,1,1,2,112
806817,95,2,6212,2,1,3,213
806954,118,1,1710,1,1,1,111
807288,78,1,3861,3,1,2,312
807462,44,1,320,4,1,1,411
807509,27,2,4913,5,1,3,513
807730,58,1,8872,4,1,4,414
807851,96,2,12728,2,1,4,214
807918,78,1,3223,3,1,2,312
808207,115,3,11344,1,2,4,124
808303,41,1,2763,4,1,2,412
808351,22,1,4887,5,1,3,513
808400,15,1,8302,5,1,4,514
808508,87,1,6348,2,1,3,213
808547,118,1,1305,1,1,1,111
808750,19,1,8956,5,1,4,514
808813,71,3,20105,3,2,5,325
808966,18,1,3415,5,1,2,512
808985,50,1,2336,4,1,2,412
809043,52,1,3108,4,1,2,412
809109,87,2,10155,2,1,4,214
809129,22,1,8896,5,1,4,514
809220,30,1,5010,5,1,3,513
809384,89,2,13219,2,1,4,214
809388,111,1,7288,2,1,3,213
809402,135,1,3332,1,1,2,112
809818,51,1,7476,4,1,3,413
809822,114,60,347418,1,2,5,125
809888,81,1,6548,3,1,3,313
809973,97,1,3051,2,1,2,212
810114,72,1,1497,3,1,1,311
810342,39,1,15996,4,1,5,415
810608,23,1,11586,5,1,4,514
810900,100,1,15444,2,1,5,215
810921,128,2,16000,1,1,5,115
811031,74,1,4936,3,1,3,313
811310,109,1,4029,2,1,2,212
811563,105,1,5588,2,1,3,213
811745,24,1,8606,5,1,4,514
811818,77,1,60,3,1,1,311
811838,53,2,18312,4,1,5,415
811841,112,1,3073,1,1,2,112
811978,137,1,8607,1,1,4,114
812069,78,1,11289,3,1,4,314
812122,85,1,2781,2,1,2,212
812393,50,1,2310,4,1,2,412
812624,129,1,331,1,1,1,111
812693,130,1,3535,1,1,2,112
812707,59,2,3000,3,1,2,312
812764,74,1,4876,3,1,3,313
812909,62,1,1822,3,1,1,311
813035,59,3,29071,3,2,5,325
813069,108,1,4722,2,1,3,213
813137,3,2,10190,5,1,4,514
813175,64,1,11928,3,1,4,314
813307,106,1,705,2,1,1,211
813387,98,6,42442,2,2,5,225
813417,115,1,2964,1,1,2,112
813446,129,1,5718,1,1,3,113
813450,47,1,2373,4,1,2,412
813477,67,2,12253,3,1,4,314
813796,46,1,8946,4,1,4,414
813925,135,2,18138,1,1,5,115
813971,63,1,423,3,1,1,311
814041,123,2,11532,1,1,4,114
814059,56,1,1890,4,1,1,411
814238,86,1,16248,2,1,5,215
814542,14,2,14982,5,1,5,515
814619,96,1,3803,2,1,2,212
814663,60,4,6385,3,2,3,323
814864,76,4,33409,3,2,5,325
814892,8,1,9358,5,1,4,514
815215,102,1,7700,2,1,3,213
815259,110,1,11937,2,1,4,214
815343,70,1,4695,3,1,3,313
815466,7,1,4611,5,1,2,512
815560,53,1,64,4,1,1,411
815663,52,1,6024,4,1,3,413
815678,18,1,249,5,1,1,511
815905,48,2,10612,4,1,4,414
816056,42,1,2163,4,1,1,411
816102,116,1,3196,1,1,2,112
816144,77,1,2742,3,1,2,312
816161,72,1,1592,3,1,1,311
816384,27,1,1172,5,1,1,511
816637,10,1,8880,5,1,4,514
816889,29,1,4511,5,1,2,512
816978,10,1,8798,5,1,4,514
817080,42,1,12942,4,1,4,414
817448,101,1,4296,2,1,2,212
817474,9,5,14418,5,2,5,525
817978,114,1,168,1,1,1,111
818050,134,1,13653,1,1,5,115
818067,64,1,2809,3,1,2,312
818116,110,2,13224,2,1,4,214
818205,101,1,7930,2,1,3,213
818254,111,1,9648,2,1,4,214
818334,35,1,6696,4,1,3,413
818371,75,1,16252,3,1,5,315
818589,88,1,4062,2,1,2,212
818645,86,1,1474,2,1,1,211
818734,45,3,20205,4,2,5,425
818819,3,1,8325,5,1,4,514
819001,134,1,570,1,1,1,111
819108,42,1,6566,4,1,3,413
819210,60,1,1865,3,1,1,311
819520,80,1,12352,3,1,4,314
819547,114,14,84762,1,2,5,125
819587,94,4,30910,2,2,5,225
820002,74,1,2080,3,1,1,311
820155,85,3,24623,2,2,5,225
820159,109,5,24606,2,2,5,225
820191,102,1,7798,2,1,3,213
820229,29,1,10948,5,1,4,514
820254,134,2,17734,1,1,5,115
820349,116,1,3314,1,1,2,112
820440,94,1,6716,2,1,3,213
820530,132,1,3333,1,1,2,112
820759,119,1,732,1,1,1,111
820848,3,1,47,5,1,1,511
820902,88,1,10773,2,1,4,214
821083,58,2,16841,4,1,5,415
821263,24,2,14736,5,1,5,515
821427,26,1,17080,5,1,5,515
821436,44,1,6537,4,1,3,413
821737,41,1,11820,4,1,4,414
821982,45,2,16920,4,1,5,415
822058,31,1,4233,4,1,2,412
822155,30,2,20004,5,1,5,515
822168,59,1,4166,3,1,2,312
822310,99,16,80474,2,2,5,225
822325,40,1,2038,4,1,1,411
822416,17,2,7174,5,1,3,513
822553,80,1,13251,3,1,4,314
822869,29,1,1989,5,1,1,511
823073,105,1,1893,2,1,1,211
823124,7,1,11157,5,1,4,514
823143,105,1,309,2,1,1,211
823349,59,1,3534,3,1,2,312
823481,52,1,19976,4,1,5,415
823664,88,1,8170,2,1,3,213
823705,82,1,3550,3,1,2,312
823721,17,1,1318,5,1,1,511
823746,76,1,3622,3,1,2,312
823931,4,1,2192,5,1,1,511
823982,45,2,30495,4,1,5,415
824061,34,1,2046,4,1,1,411
824071,59,1,2088,3,1,1,311
824082,5,5,30845,5,2,5,525
824119,79,1,4557,3,1,2,312
824335,59,1,574,3,1,1,311
824550,114,1,1497,1,1,1,111
824760,16,1,2308,5,1,2,512
824775,14,1,2346,5,1,2,512
824837,97,1,13593,2,1,4,214
824842,28,22,132754,5,2,5,525
824918,125,1,14601,1,1,5,115
825030,85,1,6537,2,1,3,213
825191,53,1,5960,4,1,3,413
825224,80,2,3305,3,1,2,312
825226,87,1,6404,2,1,3,213
825307,7,1,3946,5,1,2,512
825321,30,4,37891,5,2,5,525
825557,57,2,27858,4,1,5,415
825563,44,1,333,4,1,1,411
825575,90,1,2079,2,1,1,211
825800,68,1,18044,3,1,5,315
826010,109,1,12132,2,1,4,214
826073,136,1,4080,1,1,2,112
826101,136,1,2260,1,1,1,111
826275,30,3,29618,5,2,5,525
826663,28,2,8470,5,1,4,514
826774,122,1,6939,1,1,3,113
826799,4,2,5576,5,1,3,513
826804,26,1,9352,5,1,4,514
826820,74,1,17380,3,1,5,315
826958,43,1,4593,4,1,2,412
827164,123,1,15332,1,1,5,115
827184,43,1,3660,4,1,2,412
827191,66,1,3174,3,1,2,312
827333,123,1,74,1,1,1,111
827376,50,1,1377,4,1,1,411
827595,53,1,9576,4,1,4,414
827689,68,1,677,3,1,1,311
827884,58,1,4724,4,1,3,413
827999,96,1,1640,2,1,1,211
828218,42,1,8004,4,1,3,413
828219,45,1,5614,4,1,3,413
828257,49,1,9087,4,1,4,414
828308,91,3,19020,2,2,5,225
828437,49,1,8488,4,1,4,414
828542,7,2,9976,5,1,4,514
828727,52,1,12296,4,1,4,414
829183,50,1,10437,4,1,4,414
829289,115,24,129936,1,2,5,125
830003,100,1,16360,2,1,5,215
830026,52,1,8798,4,1,4,414
830069,92,1,548,2,1,1,211
830113,120,1,9006,1,1,4,114
830328,53,1,1495,4,1,1,411
830370,5,1,9868,5,1,4,514
830793,85,1,4358,2,1,2,212
830875,114,2,22692,1,1,5,115
831008,134,1,6786,1,1,3,113
831120,53,3,24100,4,2,5,425
831139,114,2,8291,1,1,3,113
831166,113,1,349,1,1,1,111
831213,129,1,2596,1,1,2,112
831387,29,1,12537,5,1,4,514
831413,95,1,978,2,1,1,211
831443,92,1,260,2,1,1,211
831449,124,1,2428,1,1,2,112
831463,30,1,6150,5,1,3,513
831617,122,1,1656,1,1,1,111
831854,45,1,6270,4,1,3,413
831928,19,4,24732,5,2,5,525
832222,101,1,6800,2,1,3,213
832453,128,2,9308,1,1,4,114
832527,43,1,2829,4,1,2,412
832580,35,1,7401,4,1,3,413
832747,22,1,993,5,1,1,511
832751,115,1,7932,1,1,3,113
832773,15,1,4988,5,1,3,513
832864,23,1,1416,5,1,1,511
832904,74,1,9459,3,1,4,314
833217,71,1,2469,3,1,2,312
833404,71,1,17156,3,1,5,315
833429,2,1,566,5,1,1,511
833447,23,1,3537,5,1,2,512
833719,134,1,4636,1,1,2,112
833834,88,1,14716,2,1,5,215
834036,98,1,2995,2,1,2,212
834421,66,1,14644,3,1,5,315
834550,36,1,104,4,1,1,411
834646,66,1,5556,3,1,3,313
834679,66,1,11320,3,1,4,314
834736,87,1,1254,2,1,1,211
834832,127,1,1602,1,1,1,111
834898,30,1,14250,5,1,5,515
834998,74,2,15259,3,1,5,315
835094,62,1,1385,3,1,1,311
835193,100,1,3688,2,1,2,212
835208,93,1,2027,2,1,1,211
835215,90,1,4648,2,1,2,212
835295,122,1,4945,1,1,3,113
835424,114,1,1163,1,1,1,111
835566,19,1,1730,5,1,1,511
835586,14,1,12846,5,1,4,514
835648,113,1,4469,1,1,2,112
835657,23,1,7098,5,1,3,513
835779,72,1,3406,3,1,2,312
836045,80,2,17942,3,1,5,315
836186,42,1,5646,4,1,3,413
836212,58,2,3065,4,1,2,412
836341,115,1,142,1,1,1,111
836347,68,1,4056,3,1,2,312
836485,120,1,5138,1,1,3,113
836542,95,1,14684,2,1,5,215
836635,76,90,563443,3,2,5,325
836799,86,1,3164,2,1,2,212
836852,119,1,72,1,1,1,111
837052,101,4,19419,2,2,5,225
837186,113,1,9604,1,1,4,114
837197,51,1,3438,4,1,2,412
837233,32,1,7164,4,1,3,413
837242,17,1,4080,5,1,2,512
837352,91,1,4574,2,1,2,212
837376,5,1,5250,5,1,3,513
837377,54,5,29949,4,2,5,425
837613,15,1,5010,5,1,3,513
837657,42,2,34120,4,1,5,415
837675,22,1,2547,5,1,2,512
837781,66,1,7401,3,1,3,313
837952,57,1,687,4,1,1,411
838086,77,1,5370,3,1,3,313
838113,57,1,4640,4,1,2,412
838154,65,1,10968,3,1,4,314
838194,35,1,2114,4,1,1,411
838226,53,2,16192,4,1,5,415
838490,48,1,8589,4,1,4,414
839322,30,2,10008,5,1,4,514
839347,135,1,2972,1,1,2,112
839496,78,1,4738,3,1,3,313
839529,19,1,2686,5,1,2,512
839704,122,1,7275,1,1,3,113
839761,38,1,12748,4,1,4,414
839832,40,1,4287,4,1,2,412
839860,114,1,13869,1,1,5,115
840029,36,1,6452,4,1,3,413
840031,60,1,2917,3,1,2,312
840076,62,1,3188,3,1,2,312
840234,24,1,1265,5,1,1,511
840427,50,1,3948,4,1,2,412
840638,19,1,18844,5,1,5,515
840742,50,1,9748,4,1,4,414
840783,51,1,354,4,1,1,411
840793,29,1,14340,5,1,5,515
840868,122,1,8445,1,1,4,114
841511,88,1,10284,2,1,4,214
841560,1,1,4172,5,1,2,512
841657,16,1,2884,5,1,2,512
841767,22,1,2534,5,1,2,512
841939,100,38,229063,2,2,5,225
842249,113,1,7092,1,1,3,113
842264,15,1,5112,5,1,3,513
842297,46,1,2560,4,1,2,412
842357,60,1,7302,3,1,3,313
842413,71,1,3693,3,1,2,312
842547,36,1,7284,4,1,3,413
842640,122,1,7404,1,1,3,113
842713,19,1,2239,5,1,1,511
842906,10,1,7348,5,1,3,513
843246,4,1,7820,5,1,3,513
843284,43,2,15167,4,1,5,415
843382,84,1,927,3,1,1,311
843438,114,2,8394,1,1,4,114
843535,96,1,8746,2,1,4,214
843754,128,1,16504,1,1,5,115
843805,60,1,3885,3,1,2,312
843884,18,1,2008,5,1,1,511
844369,47,1,2292,4,1,2,412
844406,19,1,490,5,1,1,511
844423,74,1,1560,3,1,1,311
844650,65,1,8626,3,1,4,314
844840,98,1,5691,2,1,3,213
845364,23,1,796,5,1,1,511
845399,15,1,9696,5,1,4,514
845681,8,1,283,5,1,1,511
845701,95,2,10211,2,1,4,214
845909,44,1,4434,4,1,2,412
846135,40,1,1244,4,1,1,411
846194,87,1,4111,2,1,2,212
846256,7,1,708,5,1,1,511
846581,123,1,5740,1,1,3,113
846617,88,2,13986,2,1,5,215
846650,85,1,1762,2,1,1,211
846763,37,5,41484,4,2,5,425
846775,66,2,8066,3,1,3,313
846908,2,2,16827,5,1,5,515
847359,42,1,11466,4,1,4,414
848052,66,1,9027,3,1,4,314
848086,24,1,3999,5,1,2,512
848163,99,1,4650,2,1,2,212
848371,74,1,9660,3,1,4,314
848427,91,2,3979,2,1,2,212
848474,23,1,3781,5,1,2,512
848739,70,1,2143,3,1,1,311
848806,133,1,5943,1,1,3,113
849034,107,1,696,2,1,1,211
849201,53,1,3478,4,1,2,412
849322,136,1,3501,1,1,2,112
849756,22,1,9060,5,1,4,514
849838,115,1,6610,1,1,3,113
849872,92,2,10530,2,1,4,214
849908,106,1,1296,2,1,1,211
849941,137,1,11490,1,1,4,114
849992,29,1,14008,5,1,5,515
850173,109,1,4386,2,1,2,212
850317,117,2,17288,1,1,5,115
850320,93,1,5622,2,1,3,213
850462,19,1,4322,5,1,2,512
850520,110,2,18388,2,1,5,215
850561,33,1,8016,4,1,3,413
850564,70,3,11300,3,2,4,324
850942,122,1,2067,1,1,1,111
850983,12,1,2600,5,1,2,512
851049,111,1,7725,2,1,3,213
851095,43,1,11961,4,1,4,414
851228,87,1,17408,2,1,5,215
851296,58,1,13740,4,1,5,415
851416,84,1,3593,3,1,2,312
851563,128,1,2366,1,1,2,112
851653,88,1,13797,2,1,5,215
851858,68,1,2970,3,1,2,312
851970,7,1,13359,5,1,4,514
851973,108,1,13575,2,1,4,214
852055,86,2,16975,2,1,5,215
852118,57,1,1396,4,1,1,411
852251,75,4,58500,3,2,5,325
852252,39,1,7366,4,1,3,413
852288,46,1,8322,4,1,4,414
852548,121,1,1964,1,1,1,111
852757,51,2,15047,4,1,5,415
852875,86,1,5196,2,1,3,213
853218,129,1,1490,1,1,1,111
853312,128,1,1036,1,1,1,111
853545,74,1,403,3,1,1,311
853627,127,1,252,1,1,1,111
853747,81,2,4087,3,1,2,312
853851,105,1,3734,2,1,2,212
853860,111,1,5356,2,1,3,213
853874,79,1,624,3,1,1,311
854134,22,3,15582,5,2,5,525
854227,8,1,19080,5,1,5,515
854310,102,1,1113,2,1,1,211
854415,14,1,4151,5,1,2,512
854516,65,1,5844,3,1,3,313
854517,16,1,4791,5,1,3,513
854570,120,1,3968,1,1,2,112
854740,109,1,4916,2,1,3,213
854797,5,2,9568,5,1,4,514
854854,94,1,2712,2,1,2,212
854858,107,1,2977,2,1,2,212
854863,100,1,7988,2,1,3,213
854879,58,1,861,4,1,1,411
855092,136,1,3648,1,1,2,112
855251,137,1,2766,1,1,2,112
855383,85,2,12919,2,1,4,214
855614,105,2,17302,2,1,5,215
855713,38,3,21380,4,2,5,425
855728,132,5,13902,1,2,5,125
855941,49,1,1284,4,1,1,411
856226,128,3,16025,1,2,5,125
856304,52,4,4440,4,2,2,422
856489,38,1,6288,4,1,3,413
856584,38,3,8026,4,2,3,423
856600,11,1,9244,5,1,4,514
856639,124,1,3358,1,1,2,112
856753,112,1,1610,1,1,1,111
856766,5,1,7584,5,1,3,513
856826,79,1,6240,3,1,3,313
856897,119,1,926,1,1,1,111
856909,117,1,2326,1,1,2,112
856949,86,1,3228,2,1,2,212
857013,53,2,14096,4,1,5,415
857125,58,1,578,4,1,1,411
857188,62,1,2255,3,1,1,311
857417,66,1,6548,3,1,3,313
857465,123,2,5425,1,1,3,113
857716,14,2,16768,5,1,5,515
858052,50,1,384,4,1,1,411
858127,107,1,2073,2,1,1,211
858299,72,1,8404,3,1,4,314
858324,35,2,13221,4,1,4,414
858411,136,2,20858,1,1,5,115
858445,102,2,1876,2,1,1,211
858493,136,1,8382,1,1,4,114
858524,129,1,3773,1,1,2,112
858750,59,1,10764,3,1,4,314
858934,131,1,4571,1,1,2,112
858951,9,1,8364,5,1,4,514
858966,126,1,6939,1,1,3,113
859012,4,1,2318,5,1,2,512
859080,52,1,13140,4,1,4,414
859454,108,3,34088,2,2,5,225
859462,101,1,915,2,1,1,211
859654,46,1,9572,4,1,4,414
859783,107,1,14358,2,1,5,215
859964,44,1,2262,4,1,1,411
860026,36,1,4698,4,1,3,413
860075,76,3,12372,3,2,4,324
860099,55,1,7404,4,1,3,413
860228,87,1,3974,2,1,2,212
860295,8,1,5674,5,1,3,513
860652,30,2,12042,5,1,4,514
860950,45,1,526,4,1,1,411
861157,65,1,3480,3,1,2,312
861158,94,1,2026,2,1,1,211
861173,124,2,22162,1,1,5,115
861299,30,188,1161199,5,2,5,525
861301,31,1,1728,4,1,1,411
861356,62,1,6228,3,1,3,313
861630,60,2,18106,3,1,5,315
861638,81,1,1530,3,1,1,311
861651,98,2,4452,2,1,2,212
861923,95,2,19874,2,1,5,215
861940,135,1,2666,1,1,2,112
862280,87,1,5426,2,1,3,213
862551,23,1,1270,5,1,1,511
862608,43,1,703,4,1,1,411
862751,22,1,2244,5,1,1,511
862797,45,1,972,4,1,1,411
862823,67,1,5354,3,1,3,313
863141,71,1,4961,3,1,3,313
863181,9,1,1244,5,1,1,511
863183,43,1,2106,4,1,1,411
863203,44,1,1703,4,1,1,411
863219,66,28,156828,3,2,5,325
863250,120,1,17756,1,1,5,115
863260,67,1,2902,3,1,2,312
863345,10,1,10536,5,1,4,514
863452,59,1,10257,3,1,4,314
863549,37,2,17697,4,1,5,415
863634,6,2,6228,5,1,3,513
863830,23,2,19307,5,1,5,515
864077,74,1,2164,3,1,1,311
864512,11,1,3876,5,1,2,512
864513,137,2,11358,1,1,4,114
864621,52,1,3786,4,1,2,412
864632,6,1,5828,5,1,3,513
864696,44,1,4069,4,1,2,412
864738,24,2,17820,5,1,5,515
864847,13,1,2572,5,1,2,512
864848,80,1,10713,3,1,4,314
865129,128,1,8954,1,1,4,114
865268,123,1,1176,1,1,1,111
865376,3,2,16272,5,1,5,515
865620,88,1,2197,2,1,1,211
865638,87,1,10860,2,1,4,214
865646,101,1,1620,2,1,1,211
865905,128,1,1780,1,1,1,111
865938,55,1,2724,4,1,2,412
865943,114,1,12104,1,1,4,114
866176,29,1,9040,5,1,4,514
866191,65,6,19612,3,2,5,325
866242,57,3,16070,4,2,5,425
866327,59,1,3120,3,1,2,312
866540,109,1,9222,2,1,4,214
866629,61,1,6500,3,1,3,313
866887,38,1,2380,4,1,2,412
866924,103,1,9878,2,1,4,214
867161,93,1,651,2,1,1,211
867219,8,1,3836,5,1,2,512
867277,114,1,12608,1,1,4,114
867302,100,1,13035,2,1,4,214
867355,92,3,26015,2,2,5,225
867365,112,1,3614,1,1,2,112
867441,6,3,17302,5,2,5,525
867490,118,1,2981,1,1,2,112
867658,3,1,12400,5,1,4,514
867768,83,2,10875,3,1,4,314
867926,11,1,2274,5,1,1,511
868057,102,3,12054,2,2,4,224
868302,29,1,3195,5,1,2,512
868429,121,1,1636,1,1,1,111
868475,48,1,10359,4,1,4,414
868499,79,1,732,3,1,1,311
868505,114,2,18307,1,1,5,115
868541,137,7,33648,1,2,5,125
868795,35,1,14920,4,1,5,415
868964,92,1,9162,2,1,4,214
868985,70,1,9212,3,1,4,314
869008,138,1,7252,1,1,3,113
869081,29,1,2767,5,1,2,512
869101,73,1,4954,3,1,3,313
869123,103,1,1089,2,1,1,211
869170,30,1,7824,5,1,3,513
869183,93,1,3396,2,1,2,212
869275,54,1,5151,4,1,3,413
869432,127,2,23930,1,1,5,115
869542,57,1,14496,4,1,5,415
869544,89,1,114,2,1,1,211
869576,72,1,33,3,1,1,311
869663,114,1,4760,1,1,3,113
869899,66,1,10620,3,1,4,314
870052,96,1,4786,2,1,3,213
870114,18,1,4928,5,1,3,513
870243,46,1,4851,4,1,3,413
870323,129,3,4525,1,2,2,122
870390,11,1,4738,5,1,3,513
870683,91,1,499,2,1,1,211
870834,3,1,4429,5,1,2,512
870843,19,2,5159,5,1,3,513
871147,51,1,3661,4,1,2,412
871178,127,1,2818,1,1,2,112
871243,1,1,4928,5,1,3,513
871303,99,1,17240,2,1,5,215
871359,38,1,19848,4,1,5,415
871413,23,1,2106,5,1,1,511
871414,128,1,6908,1,1,3,113
871424,11,1,3808,5,1,2,512
871476,72,1,1737,3,1,1,311
871854,133,1,5118,1,1,3,113
871971,97,1,9868,2,1,4,214
872005,129,1,726,1,1,1,111
872183,137,1,4852,1,1,3,113
872187,89,1,463,2,1,1,211
872338,94,7,46014,2,2,5,225
872457,30,1,9474,5,1,4,514
872574,9,1,906,5,1,1,511
872690,73,1,6086,3,1,3,313
872963,23,2,7820,5,1,3,513
873157,31,2,11797,4,1,4,414
873285,64,1,2146,3,1,1,311
873287,2,1,3040,5,1,2,512
873353,72,3,11800,3,2,4,324
873361,40,1,12474,4,1,4,414
873401,109,1,9915,2,1,4,214
873435,116,1,1473,1,1,1,111
873597,125,1,9124,1,1,4,114
873605,134,1,1036,1,1,1,111
874288,79,1,1412,3,1,1,311
874524,71,1,8850,3,1,4,314
874668,129,1,1977,1,1,1,111
874723,29,1,6388,5,1,3,513
875146,55,2,14162,4,1,5,415
875263,88,1,8742,2,1,4,214
875441,41,1,1695,4,1,1,411
875496,27,1,12592,5,1,4,514
875538,17,1,10320,5,1,4,514
875557,60,1,4009,3,1,2,312
875801,95,1,3309,2,1,2,212
875891,133,1,9890,1,1,4,114
875921,122,4,17063,1,2,5,125
875980,2,1,8040,5,1,3,513
876029,25,1,1265,5,1,1,511
876241,75,1,3543,3,1,2,312
876254,127,1,6592,1,1,3,113
876319,30,1,623,5,1,1,511
876323,126,1,9807,1,1,4,114
876481,97,1,590,2,1,1,211
876581,108,1,8638,2,1,4,214
876612,60,1,91,3,1,1,311
876719,11,1,12837,5,1,4,514
877058,116,2,24461,1,1,5,115
877108,74,1,4084,3,1,2,312
877212,134,1,14140,1,1,5,115
877289,31,1,5706,4,1,3,413
877309,10,1,9654,5,1,4,514
877421,86,1,11532,2,1,4,214
877486,12,2,16698,5,1,5,515
877963,89,1,1109,2,1,1,211
878229,102,1,9238,2,1,4,214
878466,3,2,12614,5,1,4,514
878690,105,1,1740,2,1,1,211
878699,79,1,16052,3,1,5,315
879019,129,2,20549,1,1,5,115
879063,101,1,13668,2,1,5,215
879169,135,1,9820,1,1,4,114
879173,122,1,1998,1,1,1,111
879320,37,1,9566,4,1,4,414
879518,57,1,4512,4,1,2,412
879685,103,2,4073,2,1,2,212
879818,18,3,15150,5,2,5,525
879907,115,2,22755,1,1,5,115
880099,77,1,7245,3,1,3,313
880333,37,1,2240,4,1,1,411
880377,121,1,8295,1,1,3,113
880465,98,2,9565,2,1,4,214
880513,92,1,6652,2,1,3,213
880629,79,1,4754,3,1,3,313
880840,69,1,4934,3,1,3,313
880959,62,1,2044,3,1,1,311
881061,43,3,21159,4,2,5,425
881365,83,1,7448,3,1,3,313
881599,132,1,3867,1,1,2,112
881608,124,1,7064,1,1,3,113
881734,79,1,19148,3,1,5,315
881932,127,2,18207,1,1,5,115
881948,53,1,645,4,1,1,411
881999,57,2,6640,4,1,3,413
882108,9,2,13386,5,1,4,514
882313,136,1,17072,1,1,5,115
882367,47,1,672,4,1,1,411
882469,29,1,1560,5,1,1,511
883069,81,2,18310,3,1,5,315
883093,44,3,16451,4,2,5,425
883121,58,1,10077,4,1,4,414
883355,79,1,3474,3,1,2,312
883404,9,1,5404,5,1,3,513
883655,42,1,4230,4,1,2,412
883693,28,1,1968,5,1,1,511
883745,13,8,62784,5,2,5,525
883817,116,1,4125,1,1,2,112
883927,18,1,1292,5,1,1,511
884078,57,1,14132,4,1,5,415
884409,136,1,882,1,1,1,111
884495,111,1,144,2,1,1,211
884534,65,1,10284,3,1,4,314
884674,44,1,2778,4,1,2,412
884923,39,1,7071,4,1,3,413
884927,133,1,8294,1,1,3,113
884928,91,2,2666,2,1,2,212
885199,87,1,19708,2,1,5,215
885223,127,3,18568,1,2,5,125
885324,122,1,4873,1,1,3,113
885513,117,1,1383,1,1,1,111
885852,114,1,4167,1,1,2,112
885864,52,1,3386,4,1,2,412
885899,119,1,7977,1,1,3,113
885909,81,1,4651,3,1,2,312
886025,59,1,3881,3,1,2,312
886110,123,2,14780,1,1,5,115
886166,109,3,26959,2,2,5,225
886178,98,1,13413,2,1,4,214
886313,136,2,14324,1,1,5,115
886390,65,1,9540,3,1,4,314
886402,104,1,1182,2,1,1,211
886494,75,3,16934,3,2,5,325
886766,94,1,6636,2,1,3,213
886905,3,2,13550,5,1,4,514
887007,44,1,2848,4,1,2,412
887168,15,1,5776,5,1,3,513
887269,3,1,2660,5,1,2,512
887451,36,1,653,4,1,1,411
887459,46,1,1245,4,1,1,411
887488,32,4,25400,4,2,5,425
887520,59,1,8040,3,1,3,313
887615,77,1,5157,3,1,3,313
888165,50,1,4704,4,1,3,413
888200,50,1,370,4,1,1,411
888465,92,1,1076,2,1,1,211
888469,44,2,16170,4,1,5,415
888537,30,5,43180,5,2,5,525
888593,21,1,2593,5,1,2,512
888717,34,1,7866,4,1,3,413
888739,105,1,14480,2,1,5,215
888741,108,3,10740,2,2,4,224
888829,89,1,168,2,1,1,211
888834,114,2,4834,1,1,3,113
888860,25,1,4526,5,1,2,512
888881,92,3,23139,2,2,5,225
889244,7,1,11781,5,1,4,514
889407,136,1,11612,1,1,4,114
889526,37,1,40,4,1,1,411
889692,35,1,5020,4,1,3,413
889801,129,1,2194,1,1,1,111
889802,105,1,4954,2,1,3,213
889964,46,1,17436,4,1,5,415
889997,122,1,4290,1,1,2,112
890047,4,2,24934,5,1,5,515
890105,29,4,15739,5,2,5,525
890290,92,1,1448,2,1,1,211
890458,56,1,4934,4,1,3,413
890611,94,1,14680,2,1,5,215
890915,131,1,7828,1,1,3,113
890980,52,145,994770,4,2,5,425
891134,17,1,15056,5,1,5,515
891328,20,2,15151,5,1,5,515
891726,116,1,2260,1,1,1,111
891847,1,1,1468,5,1,1,511
891938,46,1,2322,4,1,2,412
891942,60,1,16736,3,1,5,315
892018,55,1,10068,4,1,4,414
892316,23,1,8265,5,1,3,513
892355,95,38,261933,2,2,5,225
892371,128,1,29,1,1,1,111
892394,5,2,2847,5,1,2,512
892424,124,1,5586,1,1,3,113
892464,81,1,4036,3,1,2,312
892515,2,1,8838,5,1,4,514
892646,60,1,15956,3,1,5,315
892697,90,1,9480,2,1,4,214
892706,53,2,15150,4,1,5,415
892771,84,1,12321,3,1,4,314
893009,58,2,16964,4,1,5,415
893043,108,1,11032,2,1,4,214
893113,107,1,12828,2,1,4,214
893155,97,1,1784,2,1,1,211
893232,74,1,8654,3,1,4,314
893345,23,1,12309,5,1,4,514
893541,30,3,18588,5,2,5,525
893630,58,1,4088,4,1,2,412
893695,135,1,6990,1,1,3,113
893784,100,1,14376,2,1,5,215
893962,117,1,11924,1,1,4,114
894034,131,3,19298,1,2,5,125
894065,3,1,2672,5,1,2,512
894114,12,4,15606,5,2,5,525
894153,57,4,34059,4,2,5,425
894476,116,1,5888,1,1,3,113
894696,66,2,14210,3,1,5,315
895189,71,1,150,3,1,1,311
895230,58,2,4265,4,1,2,412
895547,78,2,965,3,1,1,311
895590,121,1,1022,1,1,1,111
895690,111,1,10677,2,1,4,214
895733,74,10,50237,3,2,5,325
895744,59,1,12951,3,1,4,314
895969,58,2,6915,4,1,3,413
895999,1,50,302803,5,2,5,525
896012,21,3,21615,5,2,5,525
896066,7,10,81493,5,2,5,525
896088,49,2,4219,4,1,2,412
896188,30,1,1353,5,1,1,511
896273,123,1,4440,1,1,2,112
896274,92,1,333,2,1,1,211
896347,25,17,136166,5,2,5,525
896538,121,1,2675,1,1,2,112
896640,14,1,3951,5,1,2,512
896750,124,1,467,1,1,1,111
897013,5,1,8192,5,1,3,513
897017,95,1,3945,2,1,2,212
897109,100,1,8424,2,1,4,214
897140,51,1,13278,4,1,4,414
897209,50,1,5614,4,1,3,413
897308,115,1,7464,1,1,3,113
897374,31,1,14550,4,1,5,415
897411,28,1,1038,5,1,1,511
897565,45,1,10011,4,1,4,414
897665,94,1,9126,2,1,4,214
897873,106,1,7773,2,1,3,213
897961,13,1,1094,5,1,1,511
897982,47,1,2438,4,1,2,412
897984,11,1,5336,5,1,3,513
898096,88,1,3844,2,1,2,212
898161,32,1,19948,4,1,5,415
898506,68,1,13500,3,1,4,314
898590,22,1,1435,5,1,1,511
898655,126,1,12561,1,1,4,114
898902,74,1,6594,3,1,3,313
899006,49,1,6326,4,1,3,413
899008,34,1,10732,4,1,4,414
899357,136,2,6258,1,1,3,113
899494,84,1,2948,3,1,2,312
899781,47,2,15175,4,1,5,415
899836,51,1,6771,4,1,3,413
899857,8,72,448131,5,2,5,525
899898,76,1,13224,3,1,4,314
899963,71,1,2220,3,1,1,311
900369,112,1,7064,1,1,3,113
900674,127,1,2905,1,1,2,112
900715,44,1,6435,4,1,3,413
900820,96,1,9856,2,1,4,214
900966,20,1,4896,5,1,3,513
901007,82,1,15212,3,1,5,315
901221,85,1,12124,2,1,4,214
901283,93,1,1422,2,1,1,211
901422,14,1,19636,5,1,5,515
901467,105,1,3750,2,1,2,212
901801,93,1,4156,2,1,2,212
901880,42,1,118,4,1,1,411
901953,67,2,17453,3,1,5,315
901963,43,1,1916,4,1,1,411
902186,59,3,31257,3,2,5,325
902220,138,1,5362,1,1,3,113
902243,124,1,1443,1,1,1,111
902303,45,1,6674,4,1,3,413
902561,76,1,289,3,1,1,311
902662,70,2,11388,3,1,4,314
902701,65,1,11820,3,1,4,314
902711,36,1,17948,4,1,5,415
902756,37,3,16112,4,2,5,425
902881,69,1,18848,3,1,5,315
902934,137,1,2796,1,1,2,112
903316,90,1,1757,2,1,1,211
903507,104,4,39415,2,2,5,225
903515,51,1,8534,4,1,4,414
903580,77,1,9610,3,1,4,314
903829,116,1,2516,1,1,2,112
903847,93,3,18748,2,2,5,225
903935,105,1,4700,2,1,3,213
904015,18,1,3796,5,1,2,512
904135,71,2,17610,3,1,5,315
904167,74,1,3507,3,1,2,312
904185,24,1,5422,5,1,3,513
904265,37,1,4417,4,1,2,412
904294,105,1,9878,2,1,4,214
904351,30,14,96418,5,2,5,525
904418,96,2,4715,2,1,3,213
904485,51,1,3290,4,1,2,412
904488,119,1,3960,1,1,2,112
904709,73,1,4628,3,1,2,312
904736,45,1,10998,4,1,4,414
904879,52,1,2888,4,1,2,412
904880,116,1,1505,1,1,1,111
904885,103,1,1695,2,1,1,211
904909,68,2,13746,3,1,5,315
905132,64,1,15844,3,1,5,315
905237,53,1,14391,4,1,5,415
905280,80,1,3906,3,1,2,312
905308,87,1,1867,2,1,1,211
905375,2,1,12147,5,1,4,514
905476,27,2,28452,5,1,5,515
905500,84,2,17275,3,1,5,315
905698,70,1,10036,3,1,4,314
905751,10,1,809,5,1,1,511
905872,4,1,8529,5,1,4,514
905936,96,2,11249,2,1,4,214
905952,17,1,6420,5,1,3,513
905976,21,1,1261,5,1,1,511
906092,136,1,551,1,1,1,111
906126,9,1,3136,5,1,2,512
906134,50,1,1168,4,1,1,411
906238,104,2,2832,2,1,2,212
906325,59,2,12719,3,1,4,314
906550,64,1,12048,3,1,4,314
906695,10,1,4394,5,1,2,512
906703,78,1,8385,3,1,4,314
906707,9,1,3942,5,1,2,512
906711,29,1,2251,5,1,1,511
906765,99,1,14583,2,1,5,215
906835,121,1,11060,1,1,4,114
906971,38,1,13464,4,1,4,414
907091,107,1,17940,2,1,5,215
907797,61,1,12568,3,1,4,314
907812,5,1,4668,5,1,3,513
907815,10,1,13444,5,1,4,514
908278,80,1,3120,3,1,2,312
908372,61,1,6240,3,1,3,313
908446,81,1,13980,3,1,5,315
908646,26,1,3975,5,1,2,512
908786,48,1,14679,4,1,5,415
908805,52,1,6432,4,1,3,413
908818,59,1,7750,3,1,3,313
908905,78,1,4108,3,1,2,312
908941,101,1,602,2,1,1,211
908971,129,1,3198,1,1,2,112
909277,25,1,3161,5,1,2,512
909282,80,1,2692,3,1,2,312
909547,80,1,7020,3,1,3,313
910083,79,1,2951,3,1,2,312
910106,71,1,6812,3,1,3,313
910312,117,1,1433,1,1,1,111
910472,100,1,3426,2,1,2,212
910960,135,1,6412,1,1,3,113
911093,108,3,35436,2,2,5,225
911377,44,1,5691,4,1,3,413
911378,21,1,3350,5,1,2,512
911446,126,1,15716,1,1,5,115
911447,25,1,7722,5,1,3,513
911457,92,1,1131,2,1,1,211
911674,104,1,1796,2,1,1,211
911693,115,1,7173,1,1,3,113
911744,113,1,3846,1,1,2,112
911759,117,1,5214,1,1,3,113
912102,113,1,5448,1,1,3,113
912117,25,1,19384,5,1,5,515
912214,91,1,9026,2,1,4,214
912550,67,1,8408,3,1,4,314
913045,95,2,14559,2,1,5,215
913185,20,1,3384,5,1,2,512
913201,129,4,29553,1,2,5,125
913285,101,1,12954,2,1,4,214
913454,138,1,9194,1,1,4,114
913490,107,1,5690,2,1,3,213
913725,56,1,2920,4,1,2,412
913869,77,1,7810,3,1,3,313
913976,5,1,8354,5,1,4,514
914152,119,1,17592,1,1,5,115
914409,59,8,87583,3,2,5,325
914613,57,1,2122,4,1,1,411
914617,4,2,12551,5,1,4,514
914636,59,1,8792,3,1,4,314
914651,73,1,8265,3,1,3,313
914734,49,1,5848,4,1,3,413
914895,8,1,363,5,1,1,511
915019,118,1,6178,1,1,3,113
915069,67,1,4573,3,1,2,312
915126,116,4,21485,1,2,5,125
915213,18,2,7552,5,1,3,513
915374,107,1,15796,2,1,5,215
915412,66,1,4467,3,1,2,312
915485,71,1,8838,3,1,4,314
915594,89,1,4754,2,1,3,213
915623,25,1,6786,5,1,3,513
915759,114,1,1375,1,1,1,111
915892,93,1,2793,2,1,2,212
916024,84,1,7353,3,1,3,313
916332,24,1,3142,5,1,2,512
916518,75,1,4452,3,1,2,312
916527,10,1,8482,5,1,4,514
916600,95,1,11308,2,1,4,214
916601,2,1,13881,5,1,5,515
916742,22,1,14032,5,1,5,515
917001,126,1,2427,1,1,2,112
917005,58,1,67,4,1,1,411
917036,103,1,866,2,1,1,211
917038,100,1,540,2,1,1,211
917059,92,1,8440,2,1,4,214
917188,63,1,8133,3,1,3,313
917289,102,1,11805,2,1,4,214
917293,107,1,2052,2,1,1,211
917345,57,2,21666,4,1,5,415
917360,72,1,4053,3,1,2,312
917500,81,4,23434,3,2,5,325
917528,11,1,1575,5,1,1,511
917577,5,2,2767,5,1,2,512
917594,81,1,794,3,1,1,311
917629,11,2,1660,5,1,1,511
917791,24,1,16276,5,1,5,515
917851,64,2,4070,3,1,2,312
917853,35,2,17547,4,1,5,415
918146,99,1,5954,2,1,3,213
918201,29,1,11844,5,1,4,514
918277,15,12,86413,5,2,5,525
918289,115,1,3708,1,1,2,112
918412,75,1,4456,3,1,2,312
918415,126,1,5236,1,1,3,113
918441,5,1,11205,5,1,4,514
918585,44,1,619,4,1,1,411
918651,16,6,20764,5,2,5,525
918664,124,1,9908,1,1,4,114
919028,90,5,39628,2,2,5,225
919275,135,1,6952,1,1,3,113
919302,111,3,18040,2,2,5,225
919347,56,1,2861,4,1,2,412
919420,110,1,16876,2,1,5,215
919682,52,1,2304,4,1,2,412
919820,112,1,3942,1,1,2,112
920004,31,1,1844,4,1,1,411
920018,51,1,4679,4,1,3,413
920156,83,2,1165,3,1,1,311
920453,53,1,2728,4,1,2,412
920899,80,1,5308,3,1,3,313
921444,102,1,4018,2,1,2,212
921489,93,1,2612,2,1,2,212
921499,17,1,3424,5,1,2,512
921518,122,1,3846,1,1,2,112
921696,63,1,3433,3,1,2,312
921915,2,1,2314,5,1,2,512
922581,61,2,19986,3,1,5,315
922607,31,2,30292,4,1,5,415
922817,61,1,5070,3,1,3,313
922843,110,1,8612,2,1,4,214
922967,91,1,5544,2,1,3,213
923017,16,1,4672,5,1,3,513
923179,16,1,1676,5,1,1,511
923338,97,1,15604,2,1,5,215
923418,32,1,3142,4,1,2,412
923475,29,1,12252,5,1,4,514
923908,119,2,5535,1,1,3,113
924020,88,1,8952,2,1,4,214
924176,57,1,14892,4,1,5,415
924468,124,1,6400,1,1,3,113
924484,123,1,8292,1,1,3,113
924526,118,1,4102,1,1,2,112
924551,60,1,3393,3,1,2,312
924707,8,1,3873,5,1,2,512
924711,76,1,1224,3,1,1,311
924724,117,1,18372,1,1,5,115
924839,18,1,2239,5,1,1,511
924939,80,1,6516,3,1,3,313
925004,120,3,30898,1,2,5,125
925062,14,1,2238,5,1,1,511
925189,93,1,4926,2,1,3,213
925350,2,1,17332,5,1,5,515
925703,101,1,7344,2,1,3,213
925755,42,1,4848,4,1,3,413
925775,95,1,1322,2,1,1,211
925888,98,2,6176,2,1,3,213
925995,123,1,12252,1,1,4,114
926014,6,1,4264,5,1,2,512
926018,30,1,84,5,1,1,511
926289,133,1,7680,1,1,3,113
926397,44,1,842,4,1,1,411
926439,7,1,3450,5,1,2,512
926490,64,1,5676,3,1,3,313
926668,3,1,10773,5,1,4,514
926821,84,1,2176,3,1,1,311
927045,69,2,6771,3,1,3,313
927075,30,1,468,5,1,1,511
927157,6,1,2824,5,1,2,512
927183,45,2,9726,4,1,4,414
927384,45,3,7134,4,2,3,423
927429,51,2,6101,4,1,3,413
927447,55,1,2179,4,1,1,411
927736,66,1,4254,3,1,2,312
927756,74,3,20105,3,2,5,325
927784,110,1,2984,2,1,2,212
927838,115,6,49796,1,2,5,125
928046,108,2,25588,2,1,5,215
928367,123,2,11385,1,1,4,114
928951,58,3,11908,4,2,4,424
929045,134,4,18101,1,2,5,125
929159,52,1,2286,4,1,1,411
929230,125,1,14316,1,1,5,115
929356,26,1,6027,5,1,3,513
929382,102,2,19312,2,1,5,215
929480,2,1,12892,5,1,4,514
929638,114,2,7740,1,1,3,113
929721,87,1,183,2,1,1,211
929807,77,1,2353,3,1,2,312
929875,121,1,424,1,1,1,111
930274,72,1,1430,3,1,1,311
930609,72,1,4180,3,1,2,312
930694,9,2,10698,5,1,4,514
930934,63,1,3580,3,1,2,312
931020,58,1,11889,4,1,4,414
931074,9,1,12462,5,1,4,514
931182,128,2,23164,1,1,5,115
931515,115,1,4954,1,1,3,113
931900,38,5,22034,4,2,5,425
931964,98,1,12555,2,1,4,214
932017,56,1,12680,4,1,4,414
932109,93,1,882,2,1,1,211
932151,137,2,6677,1,1,3,113
932193,100,2,12008,2,1,4,214
932203,87,2,7988,2,1,3,213
932290,25,1,14516,5,1,5,515
932444,116,1,93,1,1,1,111
932542,118,2,8106,1,1,3,113
932633,10,1,88,5,1,1,511
932651,127,2,12002,1,1,4,114
933174,89,2,8880,2,1,4,214
933225,36,1,243,4,1,1,411
933310,107,2,14799,2,1,5,215
933327,31,2,12357,4,1,4,414
933696,112,1,1236,1,1,1,111
933700,22,1,2864,5,1,2,512
933821,36,7,45285,4,2,5,425
933885,54,1,2034,4,1,1,411
933910,81,1,1851,3,1,1,311
934208,60,3,14302,3,2,5,325
934244,80,1,2114,3,1,1,311
934396,64,1,9964,3,1,4,314
934487,4,1,4384,5,1,2,512
934588,67,1,4894,3,1,3,313
934648,110,1,7803,2,1,3,213
934663,42,1,3136,4,1,2,412
934704,54,1,502,4,1,1,411
934767,94,3,14287,2,2,5,225
935325,130,23,133477,1,2,5,125
935355,70,1,7504,3,1,3,313
935481,128,1,7971,1,1,3,113
935588,80,1,2151,3,1,1,311
935624,63,1,2076,3,1,1,311
935667,86,1,5830,2,1,3,213
935726,4,1,11252,5,1,4,514
935908,79,1,16008,3,1,5,315
935910,66,1,4266,3,1,2,312
935959,27,1,7300,5,1,3,513
935997,127,2,5762,1,1,3,113
936360,111,1,4028,2,1,2,212
936434,131,1,8406,1,1,4,114
936674,92,2,606,2,1,1,211
936737,108,1,1188,2,1,1,211
936783,93,1,3400,2,1,2,212
937192,10,1,7910,5,1,3,513
937219,76,1,4550,3,1,2,312
937463,122,4,25951,1,2,5,125
937483,122,2,16298,1,1,5,115
937494,95,1,804,2,1,1,211
937584,99,2,9195,2,1,4,214
937709,41,1,490,4,1,1,411
938120,95,1,11112,2,1,4,214
938199,13,1,574,5,1,1,511
938243,50,1,9237,4,1,4,414
938270,125,1,6194,1,1,3,113
938396,4,3,17346,5,2,5,525
938411,42,3,15316,4,2,5,425
938512,71,1,7484,3,1,3,313
938513,115,1,7227,1,1,3,113
938835,122,1,13464,1,1,4,114
938994,117,1,9714,1,1,4,114
939019,70,1,19520,3,1,5,315
939169,112,1,4349,1,1,2,112
939233,53,2,8016,4,1,3,413
939239,24,1,1458,5,1,1,511
939279,44,2,14014,4,1,5,415
939309,104,2,16348,2,1,5,215
939395,60,1,8456,3,1,4,314
939674,35,1,6148,4,1,3,413
939751,105,2,6356,2,1,3,213
939792,8,2,7199,5,1,3,513
939961,30,1,942,5,1,1,511
940070,59,2,13424,3,1,4,314
940301,118,1,5184,1,1,3,113
940445,44,1,19848,4,1,5,415
940498,98,1,12204,2,1,4,214
940608,105,1,9684,2,1,4,214
940689,107,1,4058,2,1,2,212
940760,61,1,10317,3,1,4,314
940955,87,2,34184,2,1,5,215
941104,30,1,2231,5,1,1,511
941284,72,1,6165,3,1,3,313
941359,94,3,6930,2,2,3,223
941576,126,1,3586,1,1,2,112
941761,134,3,13369,1,2,4,124
942023,30,1,10413,5,1,4,514
942096,36,2,9389,4,1,4,414
942176,130,2,11470,1,1,4,114
942616,115,1,16056,1,1,5,115
942814,94,1,2793,2,1,2,212
942926,119,5,17758,1,2,5,125
943123,59,1,19444,3,1,5,315
943357,53,1,922,4,1,1,411
943466,116,1,4098,1,1,2,112
943518,107,2,11171,2,1,4,214
943572,80,1,3157,3,1,2,312
943802,10,1,4934,5,1,3,513
943950,110,2,9407,2,1,4,214
944168,69,3,24651,3,2,5,325
944221,124,1,16436,1,1,5,115
944307,81,2,12904,3,1,4,314
944416,22,1,8736,5,1,4,514
944418,65,1,7544,3,1,3,313
944439,6,1,4920,5,1,3,513
944478,126,1,10314,1,1,4,114
944546,133,1,8064,1,1,3,113
945184,109,1,2596,2,1,2,212
945223,86,1,4778,2,1,3,213
945356,117,1,2344,1,1,2,112
945421,134,2,21345,1,1,5,115
945508,16,2,17205,5,1,5,515
945545,79,1,7506,3,1,3,313
945612,89,3,24770,2,2,5,225
945706,99,1,3339,2,1,2,212
946197,60,1,591,3,1,1,311
946268,134,3,29401,1,2,5,125
946269,88,1,469,2,1,1,211
946363,41,3,23591,4,2,5,425
946607,107,1,974,2,1,1,211
946749,138,1,9256,1,1,4,114
947112,78,1,483,3,1,1,311
947389,79,4,22736,3,2,5,325
947392,16,1,11127,5,1,4,514
947400,14,1,13216,5,1,4,514
947485,122,1,5292,1,1,3,113
947562,19,1,408,5,1,1,511
947585,50,3,15867,4,2,5,425
947609,42,2,20452,4,1,5,415
947666,116,1,3912,1,1,2,112
947829,60,1,13204,3,1,4,314
947843,135,3,21402,1,2,5,125
948047,88,1,9582,2,1,4,214
948335,136,3,11833,1,2,4,124
948336,114,1,3535,1,1,2,112
948540,14,1,13536,5,1,4,514
948926,16,1,1612,5,1,1,511
948961,60,1,4889,3,1,3,313
949077,8,1,2234,5,1,1,511
949126,79,1,1131,3,1,1,311
949263,29,1,6060,5,1,3,513
949323,119,5,19092,1,2,5,125
949435,19,1,4866,5,1,3,513
949454,107,4,18261,2,2,5,225
949562,113,1,9993,1,1,4,114
949626,86,1,2343,2,1,2,212
949648,77,1,9610,3,1,4,314
949780,20,1,762,5,1,1,511
949876,134,1,14529,1,1,5,115
949896,93,1,6864,2,1,3,213
949981,75,1,14264,3,1,5,315
950153,18,6,38265,5,2,5,525
950508,125,1,3700,1,1,2,112
950833,61,1,2952,3,1,2,312
950881,59,1,408,3,1,1,311
951095,65,2,14035,3,1,5,315
951347,102,1,12345,2,1,4,214
951407,72,1,4400,3,1,2,312
951430,36,1,14368,4,1,5,415
951555,28,1,19700,5,1,5,515
951590,127,1,8548,1,1,4,114
951702,137,1,5084,1,1,3,113
951816,55,1,7965,4,1,3,413
952015,38,1,898,4,1,1,411
952246,65,55,294408,3,2,5,325
952266,120,1,2493,1,1,2,112
952319,136,1,11476,1,1,4,114
952388,92,3,10358,2,2,4,224
952390,32,1,580,4,1,1,411
952446,18,2,8294,5,1,3,513
952700,70,5,19829,3,2,5,325
952791,41,1,4915,4,1,3,413
952882,118,2,15288,1,1,5,115
952904,16,3,28963,5,2,5,525
952962,124,1,1201,1,1,1,111
953198,128,1,13136,1,1,4,114
953371,120,5,37973,1,2,5,125
953412,106,1,453,2,1,1,211
953625,77,1,1201,3,1,1,311
953662,134,1,7260,1,1,3,113
953666,126,1,3644,1,1,2,112
953678,53,1,890,4,1,1,411
953734,126,1,8457,1,1,4,114
953833,85,2,15672,2,1,5,215
953853,34,2,13844,4,1,5,415
953963,46,1,3944,4,1,2,412
953982,4,1,4645,5,1,2,512
954026,79,1,10784,3,1,4,314
954086,59,1,422,3,1,1,311
954160,14,1,2332,5,1,2,512
954259,66,1,2227,3,1,1,311
954276,6,1,2562,5,1,2,512
954360,52,1,9812,4,1,4,414
954541,44,1,2908,4,1,2,412
954590,2,1,8124,5,1,3,513
954619,74,1,14721,3,1,5,315
954716,57,1,10983,4,1,4,414
954836,38,1,14776,4,1,5,415
955081,44,2,9685,4,1,4,414
955154,59,1,617,3,1,1,311
955335,80,1,3827,3,1,2,312
955486,120,1,1982,1,1,1,111
955557,29,1,628,5,1,1,511
955719,37,1,4200,4,1,2,412
955924,91,1,5422,2,1,3,213
956011,108,1,17244,2,1,5,215
956214,72,1,1164,3,1,1,311
956258,69,1,8652,3,1,4,314
956280,80,1,4773,3,1,3,313
956284,37,1,10077,4,1,4,414
956343,60,1,9915,3,1,4,314
956435,7,1,405,5,1,1,511
956613,31,1,2728,4,1,2,412
956729,135,1,9950,1,1,4,114
957284,88,1,4442,2,1,2,212
957312,93,3,35175,2,2,5,225
957392,103,1,8823,2,1,4,214
957393,73,1,3030,3,1,2,312
957595,73,2,8479,3,1,4,314
957685,10,1,3208,5,1,2,512
957729,70,1,19396,3,1,5,315
958246,125,1,1995,1,1,1,111
958255,114,3,6312,1,2,3,123
958262,25,1,2769,5,1,2,512
958461,81,6,49989,3,2,5,325
958747,135,1,802,1,1,1,111
959037,106,2,2341,2,1,2,212
959082,136,1,15252,1,1,5,115
959170,3,1,3333,5,1,2,512
959204,29,1,4230,5,1,2,512
959284,71,1,6036,3,1,3,313
959326,80,1,4955,3,1,3,313
959698,67,1,168,3,1,1,311
959808,19,1,4908,5,1,3,513
959855,94,1,4096,2,1,2,212
959967,67,1,2092,3,1,1,311
960004,104,6,48397,2,2,5,225
960056,101,1,11832,2,1,4,214
960093,7,1,14268,5,1,5,515
960105,35,1,14648,4,1,5,415
960145,105,1,4640,2,1,2,212
960340,79,1,3422,3,1,2,312
960661,93,1,7978,2,1,3,213
960778,71,1,3018,3,1,2,312
960783,31,1,1408,4,1,1,411
960916,104,1,3630,2,1,2,212
960928,107,1,16164,2,1,5,215
960973,98,1,3636,2,1,2,212
961001,19,1,14094,5,1,5,515
961085,107,1,2520,2,1,2,212
961272,21,3,15941,5,2,5,525
961324,128,4,10762,1,2,4,124
961349,125,1,4530,1,1,2,112
961411,107,3,33369,2,2,5,225
961421,22,6,29636,5,2,5,525
961427,65,1,1104,3,1,1,311
961717,123,3,7302,1,2,3,123
962056,85,1,3620,2,1,2,212
962091,8,1,3488,5,1,2,512
962131,61,14,63216,3,2,5,325
962181,126,1,3516,1,1,2,112
962368,51,1,3672,4,1,2,412
962631,70,3,32733,3,2,5,325
962819,73,1,9910,3,1,4,314
962863,19,1,524,5,1,1,511
962933,106,2,12783,2,1,4,214
963194,79,1,1282,3,1,1,311
963337,50,2,21807,4,1,5,415
963387,29,1,2108,5,1,1,511
963916,14,1,6696,5,1,3,513
964178,71,2,14016,3,1,5,315
964317,79,1,1944,3,1,1,311
964382,31,1,1347,4,1,1,411
964404,43,1,112,4,1,1,411
964726,102,1,1162,2,1,1,211
964763,135,1,12500,1,1,4,114
964767,43,2,13997,4,1,5,415
964794,40,17,87104,4,2,5,425
964795,109,1,10815,2,1,4,214
964962,65,1,9776,3,1,4,314
965057,135,1,10780,1,1,4,114
965434,46,1,1946,4,1,1,411
965471,91,1,4200,2,1,2,212
965603,46,1,5304,4,1,3,413
966010,105,1,4252,2,1,2,212
966535,50,1,11988,4,1,4,414
966579,102,1,2481,2,1,2,212
966628,134,1,7460,1,1,3,113
966752,34,2,14642,4,1,5,415
966859,79,1,3701,3,1,2,312
966971,128,1,669,1,1,1,111
967034,110,1,11847,2,1,4,214
967093,127,1,632,1,1,1,111
967112,135,4,34125,1,2,5,125
967180,123,4,25951,1,2,5,125
967462,52,1,6206,4,1,3,413
967483,105,4,11106,2,2,4,224
967783,32,2,13796,4,1,5,415
967857,95,1,1909,2,1,1,211
967877,79,1,7578,3,1,3,313
968098,57,2,950,4,1,1,411
968110,24,4,10063,5,2,4,524
968156,45,1,5046,4,1,3,413
968159,61,6,35740,3,2,5,325
968390,10,1,8806,5,1,4,514
968555,25,1,312,5,1,1,511
968585,31,1,4228,4,1,2,412
968647,90,4,38226,2,2,5,225
968652,32,1,486,4,1,1,411
968769,136,1,3426,1,1,2,112
968880,28,3,12914,5,2,4,524
969200,123,1,6380,1,1,3,113
969295,53,1,3660,4,1,2,412
969326,86,2,6797,2,1,3,213
969519,100,1,16252,2,1,5,215
969655,45,1,13876,4,1,5,415
969827,84,4,25577,3,2,5,325
969845,44,2,13056,4,1,4,414
969860,42,1,19896,4,1,5,415
970208,19,1,4470,5,1,2,512
970345,38,1,14572,4,1,5,415
970404,78,1,4868,3,1,3,313
970787,22,1,6026,5,1,3,513
970883,135,1,5115,1,1,3,113
971243,48,1,14886,4,1,5,415
971301,136,1,3042,1,1,2,112
971406,64,1,3900,3,1,2,312
971413,116,1,3051,1,1,2,112
971454,2,5,32951,5,2,5,525
971479,137,1,4560,1,1,2,112
972040,136,4,29715,1,2,5,125
972071,50,5,35712,4,2,5,425
972095,104,4,48302,2,2,5,225
972500,69,1,2728,3,1,2,312
972638,5,1,10029,5,1,4,514
972698,129,1,4935,1,1,3,113
972757,49,1,17772,4,1,5,415
972775,135,1,613,1,1,1,111
972968,67,2,10950,3,1,4,314
973109,48,1,4108,4,1,2,412
973129,121,1,2548,1,1,2,112
973195,60,3,15402,3,2,5,325
973243,45,1,7124,4,1,3,413
973305,28,1,5655,5,1,3,513
973332,37,1,6312,4,1,3,413
973585,123,1,2869,1,1,2,112
973633,19,2,14094,5,1,5,515
973908,107,1,1322,2,1,1,211
973946,94,1,10740,2,1,4,214
973973,53,1,5310,4,1,3,413
974226,63,45,272665,3,2,5,325
974291,112,1,6738,1,1,3,113
974437,7,2,22166,5,1,5,515
974539,136,1,2428,1,1,2,112
974673,53,1,4767,4,1,3,413
974794,106,1,8126,2,1,3,213
975595,96,1,6981,2,1,3,213
975652,60,1,4882,3,1,3,313
975683,92,1,2171,2,1,1,211
975703,91,2,9633,2,1,4,214
975757,104,1,1331,2,1,1,211
975820,7,1,4518,5,1,2,512
976190,136,1,4828,1,1,3,113
976217,86,1,4641,2,1,2,212
976410,93,1,4416,2,1,2,212
976424,125,1,7224,1,1,3,113
976601,84,1,8548,3,1,4,314
976621,65,1,5940,3,1,3,313
976623,16,1,2340,5,1,2,512
976885,71,1,2784,3,1,2,312
976950,34,2,22648,4,1,5,415
977158,49,1,18000,4,1,5,415
977305,19,1,60,5,1,1,511
977325,135,1,12321,1,1,4,114
977450,104,1,2336,2,1,2,212
977486,53,1,7956,4,1,3,413
977536,116,1,15344,1,1,5,115
977567,109,1,4322,2,1,2,212
977593,34,1,17584,4,1,5,415
977651,5,1,5322,5,1,3,513
977751,64,1,19820,3,1,5,315
977791,37,1,14667,4,1,5,415
978112,114,4,27509,1,2,5,125
978294,86,1,8514,2,1,4,214
978578,97,1,1277,2,1,1,211
978636,92,1,3171,2,1,2,212
978717,122,1,968,1,1,1,111
978755,86,1,8706,2,1,4,214
978758,16,1,8724,5,1,4,514
978909,91,3,25651,2,2,5,225
978968,36,1,4970,4,1,3,413
979458,70,1,447,3,1,1,311
979535,80,1,10983,3,1,4,314
979550,22,1,8964,5,1,4,514
979847,92,1,963,2,1,1,211
979940,126,1,4858,1,1,3,113
980166,41,1,4934,4,1,3,413
980414,71,2,20064,3,1,5,315
980817,123,1,1243,1,1,1,111
980851,10,1,1420,5,1,1,511
980867,80,1,13110,3,1,4,314
981111,29,1,6180,5,1,3,513
981144,105,2,12341,2,1,4,214
981216,92,1,1712,2,1,1,211
981240,85,1,12456,2,1,4,214
981245,85,1,4185,2,1,2,212
981266,58,1,5834,4,1,3,413
981323,38,1,1670,4,1,1,411
981327,33,1,3994,4,1,2,412
981430,63,1,8704,3,1,4,314
981516,19,1,8956,5,1,4,514
981541,58,1,2988,4,1,2,412
981607,71,1,4428,3,1,2,312
981838,45,1,18332,4,1,5,415
981868,118,1,10185,1,1,4,114
982027,52,1,4792,4,1,3,413
982049,72,1,120,3,1,1,311
982154,46,4,13469,4,2,4,424
982175,134,1,2466,1,1,2,112
982231,74,1,6574,3,1,3,313
982271,61,1,2517,3,1,2,312
982453,60,2,1916,3,1,1,311
982518,23,1,12966,5,1,4,514
982605,75,1,536,3,1,1,311
982634,115,2,10864,1,1,4,114
982670,77,3,27496,3,2,5,325
982764,57,1,12831,4,1,4,414
982880,55,1,14716,4,1,5,415
982959,121,2,18155,1,1,5,115
983224,10,1,13734,5,1,5,515
983395,106,2,3652,2,1,2,212
983783,9,1,2861,5,1,2,512
983841,8,1,10308,5,1,4,514
983850,107,1,9831,2,1,4,214
983908,135,2,14876,1,1,5,115
983943,3,1,6154,5,1,3,513
984077,126,3,10564,1,2,4,124
984171,9,1,10080,5,1,4,514
984521,8,1,2205,5,1,1,511
984532,8,1,292,5,1,1,511
984544,136,1,4480,1,1,2,112
985513,64,1,4256,3,1,2,312
985691,87,1,4836,2,1,3,213
985771,2,1,1288,5,1,1,511
985837,73,5,28122,3,2,5,325
985863,5,1,1221,5,1,1,511
985901,107,1,1371,2,1,1,211
985974,30,1,4680,5,1,3,513
986064,67,1,2728,3,1,2,312
986085,16,1,387,5,1,1,511
986104,115,1,7464,1,1,3,113
986111,23,1,942,5,1,1,511
986223,58,2,5921,4,1,3,413
986288,89,1,3175,2,1,2,212
986325,136,1,4945,1,1,3,113
986353,22,1,13500,5,1,4,514
986413,6,2,6371,5,1,3,513
986554,93,1,1277,2,1,1,211
986577,67,6,42495,3,2,5,325
986730,60,1,1905,3,1,1,311
986748,52,1,9334,4,1,4,414
986764,92,1,14283,2,1,5,215
986876,35,1,1732,4,1,1,411
987045,60,1,2229,3,1,1,311
987255,114,1,7839,1,1,3,113
987431,53,1,6500,4,1,3,413
987534,42,1,7938,4,1,3,413
987655,59,1,2276,3,1,1,311
987715,138,1,14116,1,1,5,115
987857,62,1,9584,3,1,4,314
987912,106,1,4033,2,1,2,212
987921,59,1,15416,3,1,5,315
988009,62,3,18711,3,2,5,325
988142,93,1,1556,2,1,1,211
988274,123,2,5229,1,1,3,113
988367,126,1,3649,1,1,2,112
988412,124,2,13878,1,1,5,115
988441,42,1,5415,4,1,3,413
988447,124,1,3804,1,1,2,112
988452,126,2,16185,1,1,5,115
988658,20,3,29312,5,2,5,525
988939,72,9,37531,3,2,5,325
989023,82,1,8313,3,1,4,314
989085,104,1,19220,2,1,5,215
989215,93,1,1240,2,1,1,211
989283,58,1,4628,4,1,2,412
989290,36,1,8034,4,1,3,413
989360,120,1,3054,1,1,2,112
989748,137,1,4500,1,1,2,112
989759,91,1,7254,2,1,3,213
989917,3,1,10638,5,1,4,514
989923,136,1,8824,1,1,4,114
990103,18,1,14436,5,1,5,515
990104,53,1,9825,4,1,4,414
990216,80,3,9037,3,2,4,324
990276,33,1,10424,4,1,4,414
990306,112,2,13911,1,1,5,115
990624,18,2,13060,5,1,4,514
990637,65,1,422,3,1,1,311
990746,55,1,7628,4,1,3,413
990819,13,1,1683,5,1,1,511
990984,85,1,3396,2,1,2,212
991189,18,2,10050,5,1,4,514
991198,108,1,3716,2,1,2,212
991246,67,3,15994,3,2,5,325
991350,95,1,4680,2,1,3,213
991381,94,1,2152,2,1,1,211
992385,65,1,2976,3,1,2,312
992397,19,1,1630,5,1,1,511
992447,108,1,1203,2,1,1,211
992844,108,1,6238,2,1,3,213
993032,73,1,5106,3,1,3,313
993078,125,2,2973,1,1,2,112
993137,135,1,1512,1,1,1,111
993282,44,3,31052,4,2,5,425
993355,52,1,18440,4,1,5,415
993475,125,1,5866,1,1,3,113
993674,62,1,14992,3,1,5,315
993759,73,1,6788,3,1,3,313
993905,62,1,2772,3,1,2,312
994099,22,1,13572,5,1,4,514
994633,58,1,15444,4,1,5,415
994815,121,1,13791,1,1,5,115
994820,3,71,382361,5,2,5,525
994931,30,1,1172,5,1,1,511
994937,116,1,5962,1,1,3,113
994979,114,1,2046,1,1,1,111
995024,46,1,18396,4,1,5,415
995103,28,1,3350,5,1,2,512
995122,24,1,3987,5,1,2,512
995225,46,4,25342,4,2,5,425
995227,137,1,4875,1,1,3,113
995267,72,1,1996,3,1,1,311
995314,137,1,13028,1,1,4,114
995343,93,1,6876,2,1,3,213
995397,17,1,7866,5,1,3,513
995406,4,1,10824,5,1,4,514
995714,20,1,3668,5,1,2,512
995727,8,1,8426,5,1,4,514
995838,65,3,30700,3,2,5,325
995908,124,1,16660,1,1,5,115
995925,94,1,7754,2,1,3,213
996134,108,1,12456,2,1,4,214
996157,111,1,3868,2,1,2,212
996699,113,1,5434,1,1,3,113
996714,127,1,1326,1,1,1,111
996879,78,25,160096,3,2,5,325
996891,87,1,72,2,1,1,211
996991,138,1,10048,1,1,4,114
997125,12,2,20471,5,1,5,515
997219,71,1,221,3,1,1,311
997256,114,1,412,1,1,1,111
997282,129,2,14840,1,1,5,115
997690,19,1,1679,5,1,1,511
997699,127,1,7136,1,1,3,113
997925,112,1,6288,1,1,3,113
998017,67,6,15284,3,2,5,325
998175,117,1,3098,1,1,2,112
998383,102,1,4471,2,1,2,212
998502,19,1,7474,5,1,3,513
998545,106,2,6544,2,1,3,213
998577,50,1,9135,4,1,4,414
998681,76,1,12732,3,1,4,314
998729,66,2,9059,3,1,4,314
998808,91,1,2129,2,1,1,211
998938,46,1,6678,4,1,3,413
998962,96,1,10228,2,1,4,214
999047,24,1,6780,5,1,3,513
999212,64,1,16532,3,1,5,315
999295,109,1,1008,2,1,1,211
999378,51,1,17340,4,1,5,415
999399,55,2,548,4,1,1,411
999814,82,1,5106,3,1,3,313
999869,74,3,15007,3,2,5,325
999926,94,1,12381,2,1,4,214
1000030,11,1,1605,5,1,1,511
1000057,71,1,4308,3,1,2,312
1000093,12,2,3210,5,1,2,512
1000248,32,1,1096,4,1,1,411
1000306,21,2,9864,5,1,4,514
1000454,86,1,7646,2,1,3,213
1000561,40,1,3843,4,1,2,412
1000583,55,1,17700,4,1,5,415
1000593,136,2,3223,1,1,2,112
1000656,116,3,12240,1,2,4,124
1000678,22,1,17060,5,1,5,515
1000767,108,1,7026,2,1,3,213
1001248,76,1,3210,3,1,2,312
1001263,20,1,3836,5,1,2,512
1001270,70,1,10017,3,1,4,314
1001317,18,1,472,5,1,1,511
1001344,122,1,2793,1,1,2,112
1001365,82,3,21627,3,2,5,325
1001427,57,1,6926,4,1,3,413
1001567,105,1,9280,2,1,4,214
1001673,109,2,16385,2,1,5,215
1001771,74,1,9188,3,1,4,314
1001901,59,1,617,3,1,1,311
1002060,107,1,4604,2,1,2,212
1002107,38,1,11500,4,1,4,414
1002162,27,1,9256,5,1,4,514
1002419,55,2,9326,4,1,4,414
1002471,95,1,1819,2,1,1,211
1002478,30,1,13652,5,1,5,515
1002583,17,1,6879,5,1,3,513
1002973,113,1,144,1,1,1,111
1003058,3,13,77118,5,2,5,525
1003087,3,2,9880,5,1,4,514
1003152,123,1,12495,1,1,4,114
1003580,33,1,9186,4,1,4,414
1003787,9,1,3386,5,1,2,512
1003939,25,1,5838,5,1,3,513
1004088,102,2,12138,2,1,4,214
1004110,84,1,4476,3,1,2,312
1004134,20,1,12375,5,1,4,514
1004213,30,1,1249,5,1,1,511
1004238,55,1,7002,4,1,3,413
1004543,85,1,12732,2,1,4,214
1004573,119,1,9406,1,1,4,114
1004711,99,1,1998,2,1,1,211
1004871,123,1,2856,1,1,2,112
1005001,31,1,12723,4,1,4,414
1005010,78,1,7059,3,1,3,313
1005052,82,1,14696,3,1,5,315
1005141,67,2,12634,3,1,4,314
1005153,43,1,12189,4,1,4,414
1005223,135,2,4669,1,1,3,113
1005234,47,1,3402,4,1,2,412
1005305,92,1,1396,2,1,1,211
1005330,59,2,11384,3,1,4,314
1005397,85,1,17628,2,1,5,215
1005558,126,9,79899,1,2,5,125
1005583,23,1,6976,5,1,3,513
1005613,128,2,18900,1,1,5,115
1005723,66,1,5584,3,1,3,313
1005779,84,1,504,3,1,1,311
1005822,66,1,8535,3,1,4,314
1005863,2,2,3940,5,1,2,512
1005867,99,4,16072,2,2,5,225
1005876,120,1,10560,1,1,4,114
1006067,52,1,8252,4,1,3,413
1006114,32,1,4076,4,1,2,412
1006359,24,2,9359,5,1,4,514
1006407,81,2,10043,3,1,4,314
1006522,63,3,20678,3,2,5,325
1006557,1,1,7254,5,1,3,513
1007078,130,1,2601,1,1,2,112
1007184,80,1,524,3,1,1,311
1007248,94,2,6260,2,1,3,213
1007362,90,1,224,2,1,1,211
1007372,59,1,5064,3,1,3,313
1007671,49,1,1686,4,1,1,411
1007692,30,2,22921,5,1,5,515
1007724,47,3,9126,4,2,4,424
1008289,67,1,4800,3,1,3,313
1008434,5,1,3853,5,1,2,512
1008461,76,1,12186,3,1,4,314
1008517,23,1,18452,5,1,5,515
1008540,88,1,11139,2,1,4,214
1008739,51,5,3764,4,2,2,422
1008753,49,1,16512,4,1,5,415
1008793,82,1,6140,3,1,3,313
1008851,115,4,27282,1,2,5,125
1009185,115,2,7582,1,1,3,113
1009186,13,1,18248,5,1,5,515
1009304,93,1,1621,2,1,1,211
1009438,52,1,4934,4,1,3,413
1009613,81,3,24138,3,2,5,325
1009644,37,1,4893,4,1,3,413
1009686,43,1,324,4,1,1,411
1009766,20,2,5509,5,1,3,513
1009811,94,1,1026,2,1,1,211
1009812,93,1,8496,2,1,4,214
1010111,22,3,15080,5,2,5,525
1010592,84,1,7464,3,1,3,313
1010711,89,3,23538,2,2,5,225
1010812,92,1,10148,2,1,4,214
1010834,112,4,13778,1,2,5,125
1010916,135,2,4709,1,1,3,113
1011116,10,1,2776,5,1,2,512
1011421,51,1,3729,4,1,2,412
1011481,41,1,11452,4,1,4,414
1011731,53,1,66,4,1,1,411
1011757,136,1,11007,1,1,4,114
1011796,19,2,15606,5,1,5,515
1011817,26,1,18124,5,1,5,515
1011956,9,1,6920,5,1,3,513
1011964,31,4,27560,4,2,5,425
1012089,109,1,12186,2,1,4,214
1012108,24,2,15448,5,1,5,515
1012118,130,1,11456,1,1,4,114
1012516,100,1,6348,2,1,3,213
1012647,103,1,899,2,1,1,211
1012717,30,1,260,5,1,1,511
1012836,82,1,7227,3,1,3,313
1012983,123,1,4311,1,1,2,112
1013035,135,1,9486,1,1,4,114
1013317,48,1,13240,4,1,4,414
1013418,18,2,13961,5,1,5,515
1013440,86,2,14266,2,1,5,215
1013524,46,1,11826,4,1,4,414
1013587,45,1,374,4,1,1,411
1013626,4,1,744,5,1,1,511
1013810,46,3,35222,4,2,5,425
1013847,110,1,2584,2,1,2,212
1013883,46,7,32626,4,2,5,425
1014071,60,4,18726,3,2,5,325
1014131,72,1,6372,3,1,3,313
1014161,126,1,9846,1,1,4,114
1014189,94,3,10924,2,2,4,224
1014288,114,1,10515,1,1,4,114
1014314,66,2,22235,3,1,5,315
1014434,134,4,59878,1,2,5,125
1014574,94,1,7752,2,1,3,213
1014701,60,4,45240,3,2,5,325
1015123,104,1,6048,2,1,3,213
1015139,71,10,55000,3,2,5,325
1015243,11,1,520,5,1,1,511
1015807,13,1,6018,5,1,3,513
1016212,48,1,8466,4,1,4,414
1016234,112,1,17796,1,1,5,115
1016281,71,1,16252,3,1,5,315
1016356,131,2,2254,1,1,1,111
1016496,77,1,1928,3,1,1,311
1016574,90,1,4619,2,1,2,212
1016592,126,1,1124,1,1,1,111
1016855,114,1,4000,1,1,2,112
1017137,38,2,12452,4,1,4,414
1017211,11,1,694,5,1,1,511
1017263,18,2,15943,5,1,5,515
1017375,86,1,3673,2,1,2,212
1017413,136,1,2055,1,1,1,111
1017619,131,1,14716,1,1,5,115
1017798,36,1,3634,4,1,2,412
1017859,87,1,1946,2,1,1,211
1017973,67,1,555,3,1,1,311
1017997,133,4,35294,1,2,5,125
1018074,19,2,4565,5,1,2,512
1018140,123,1,186,1,1,1,111
1018203,25,1,10920,5,1,4,514
1018216,89,1,12648,2,1,4,214
1018325,109,1,6564,2,1,3,213
1018339,32,2,19976,4,1,5,415
1018423,65,2,6470,3,1,3,313
1018513,115,1,2370,1,1,2,112
1018526,26,1,2013,5,1,1,511
1018616,43,1,5415,4,1,3,413
1018880,14,2,15227,5,1,5,515
1018974,134,1,906,1,1,1,111
1018985,100,1,3616,2,1,2,212
1019032,81,1,87,3,1,1,311
1019052,72,1,2135,3,1,1,311
1019094,87,1,2088,2,1,1,211
1019196,59,1,912,3,1,1,311
1019407,124,2,17838,1,1,5,115
1019495,23,1,14883,5,1,5,515
1019510,66,1,4858,3,1,3,313
1019573,68,1,7276,3,1,3,313
1019603,29,1,3804,5,1,2,512
1019696,26,1,7452,5,1,3,513
1019930,57,1,531,4,1,1,411
1020024,14,5,803,5,2,1,521
1020169,108,2,18966,2,1,5,215
1020281,27,1,7824,5,1,3,513
1020462,114,1,16852,1,1,5,115
1020495,134,1,17232,1,1,5,115
1020511,30,2,5562,5,1,3,513
1020574,11,1,2504,5,1,2,512
1020737,91,5,33286,2,2,5,225
1020763,18,1,14768,5,1,5,515
1020965,129,1,246,1,1,1,111
1021170,112,1,13539,1,1,4,114
1021202,104,1,16532,2,1,5,215
1021527,70,2,23775,3,1,5,315
1021744,91,1,13164,2,1,4,214
1021811,96,4,12176,2,2,4,224
1021936,5,1,7725,5,1,3,513
1022003,77,3,31503,3,2,5,325
1022147,9,1,1724,5,1,1,511
1022199,102,1,13119,2,1,4,214
1022415,78,1,985,3,1,1,311
1022432,63,1,2253,3,1,1,311
1022503,57,1,4628,4,1,2,412
1022968,122,2,6860,1,1,3,113
1023087,52,1,16488,4,1,5,415
1023090,129,1,1708,1,1,1,111
1023179,93,1,14961,2,1,5,215
1023195,3,3,13252,5,2,4,524
1023198,128,1,13896,1,1,5,115
1023537,27,1,8472,5,1,4,514
1023761,58,2,11476,4,1,4,414
1024035,94,1,1606,2,1,1,211
1024199,84,2,18413,3,1,5,315
1024325,82,1,9696,3,1,4,314
1024334,36,1,9750,4,1,4,414
1024873,34,1,4476,4,1,2,412
1024919,58,1,3324,4,1,2,412
1025012,12,1,7854,5,1,3,513
1025263,22,1,2356,5,1,2,512
1025490,84,1,8325,3,1,4,314
1025715,54,1,13140,4,1,4,414
1025723,1,1,16280,5,1,5,515
1025839,88,1,511,2,1,1,211
1026145,125,1,8998,1,1,4,114
1026160,113,1,1085,1,1,1,111
1026208,108,1,1400,2,1,1,211
1026425,138,1,2116,1,1,1,111
1026467,54,2,19188,4,1,5,415
1026720,109,1,2992,2,1,2,212
1026772,36,1,12032,4,1,4,414
1027308,130,1,9890,1,1,4,114
1027310,85,1,6045,2,1,3,213
1027328,67,1,223,3,1,1,311
1027357,88,1,8372,2,1,4,214
1027706,22,1,7288,5,1,3,513
1027708,107,1,252,2,1,1,211
1027767,127,1,8936,1,1,4,114
1027949,93,1,3290,2,1,2,212
1028073,107,1,8290,2,1,3,213
1028180,113,1,9094,1,1,4,114
1028187,57,1,2808,4,1,2,412
1028379,56,1,9860,4,1,4,414
1028639,106,1,8680,2,1,4,214
1028669,129,1,3680,1,1,2,112
1028889,125,1,612,1,1,1,111
1028897,2,2,26179,5,1,5,515
1029094,78,1,9212,3,1,4,314
1029355,65,1,2008,3,1,1,311
1029499,107,2,18052,2,1,5,215
1029750,83,1,8224,3,1,3,313
1029755,88,2,5389,2,1,3,213
1029785,98,1,4388,2,1,2,212
1030351,75,1,3874,3,1,2,312
1030439,19,1,7868,5,1,3,513
1030794,12,2,14892,5,1,5,515
1030813,136,1,16448,1,1,5,115
1030861,28,1,8924,5,1,4,514
1030896,58,1,4858,4,1,3,413
1030990,62,1,5562,3,1,3,313
1031046,66,3,31432,3,2,5,325
1031191,19,1,1428,5,1,1,511
1031226,116,1,8943,1,1,4,114
1031546,67,1,3944,3,1,2,312
1031618,33,1,3686,4,1,2,412
1031663,32,8,44780,4,2,5,425
1031691,135,1,6297,1,1,3,113
1032156,135,1,7070,1,1,3,113
1032211,67,1,618,3,1,1,311
1032217,3,1,3022,5,1,2,512
1032349,48,3,13005,4,2,4,424
1032380,30,1,1881,5,1,1,511
1032394,90,1,3534,2,1,2,212
1032403,10,2,6124,5,1,3,513
1032432,50,4,41598,4,2,5,425
1032561,5,1,4342,5,1,2,512
1032718,56,1,7322,4,1,3,413
1032778,129,1,996,1,1,1,111
1033046,72,1,1070,3,1,1,311
1033073,93,1,7814,2,1,3,213
1033279,23,1,1074,5,1,1,511
1033428,89,1,3972,2,1,2,212
1033504,39,1,18768,4,1,5,415
1033586,13,2,8368,5,1,4,514
1033678,19,1,6958,5,1,3,513
1033716,9,1,2673,5,1,2,512
1033920,128,2,12826,1,1,4,114
1033942,124,1,14649,1,1,5,115
1033958,127,1,4758,1,1,3,113
1034255,21,1,7404,5,1,3,513
1034371,84,1,3205,3,1,2,312
1034675,50,1,1044,4,1,1,411
1034756,54,2,593,4,1,1,411
1034827,8,1,5898,5,1,3,513
1034893,95,1,2456,2,1,2,212
1035007,54,1,231,4,1,1,411
1035009,129,2,22026,1,1,5,115
1035266,124,1,2444,1,1,2,112
1035426,81,2,19148,3,1,5,315
1035459,27,1,6410,5,1,3,513
1035678,74,1,860,3,1,1,311
1035684,92,1,9978,2,1,4,214
1035708,117,1,4932,1,1,3,113
1035744,11,2,20180,5,1,5,515
1035750,64,2,11550,3,1,4,314
1035814,128,31,238892,1,2,5,125
1035890,127,1,13248,1,1,4,114
1035968,61,1,3464,3,1,2,312
1036016,59,3,24774,3,2,5,325
1036059,61,2,12444,3,1,4,314
1036246,25,1,4890,5,1,3,513
1036286,81,1,1569,3,1,1,311
1036360,4,1,1284,5,1,1,511
1036452,60,1,8734,3,1,4,314
1036487,70,1,1410,3,1,1,311
1036738,123,1,15476,1,1,5,115
1036936,58,1,14973,4,1,5,415
1037270,136,1,14082,1,1,5,115
1037330,32,1,4962,4,1,3,413
1037384,14,1,18600,5,1,5,515
1037441,92,1,4768,2,1,3,213
1037514,56,1,6744,4,1,3,413
1037560,106,1,9656,2,1,4,214
1038221,101,1,942,2,1,1,211
1038322,134,1,6846,1,1,3,113
1038363,7,1,2738,5,1,2,512
1038542,70,1,13935,3,1,5,315
1038646,44,1,4290,4,1,2,412
1038651,135,1,3049,1,1,2,112
1038782,95,2,2528,2,1,2,212
1038789,94,1,11088,2,1,4,214
1038848,9,1,5836,5,1,3,513
1038991,55,1,10323,4,1,4,414
1039032,102,1,7480,2,1,3,213
1039060,133,1,457,1,1,1,111
1039214,122,1,1792,1,1,1,111
1039506,18,1,13437,5,1,4,514
1039509,28,1,4104,5,1,2,512
1039753,96,1,5156,2,1,3,213
1039831,67,1,2246,3,1,1,311
1039973,72,1,17684,3,1,5,315
1039976,84,2,9106,3,1,4,314
1040041,8,1,276,5,1,1,511
1040075,112,1,16628,1,1,5,115
1040119,72,1,1140,3,1,1,311
1040266,44,1,11204,4,1,4,414
1040321,63,2,4897,3,1,3,313
1040574,86,2,10138,2,1,4,214
1040857,125,3,22480,1,2,5,125
1040946,132,1,9990,1,1,4,114
1040979,106,1,3861,2,1,2,212
1040993,52,1,372,4,1,1,411
1041001,89,1,12668,2,1,4,214
1041043,58,1,5961,4,1,3,413
1041111,7,1,12624,5,1,4,514
1041255,108,1,17496,2,1,5,215
1041299,105,1,8934,2,1,4,214
1041389,43,1,7401,4,1,3,413
1041558,25,1,6464,5,1,3,513
1041562,129,1,12248,1,1,4,114
1041707,24,1,7240,5,1,3,513
1041986,81,1,3810,3,1,2,312
1042059,50,1,1331,4,1,1,411
1042112,29,19,94970,5,2,5,525
1042192,31,1,2672,4,1,2,412
1042356,123,1,7064,1,1,3,113
1042434,60,5,33355,3,2,5,325
1042656,95,1,10761,2,1,4,214
1042727,39,1,2003,4,1,1,411
1042749,108,2,19036,2,1,5,215
1042885,122,1,3956,1,1,2,112
1043181,45,2,14366,4,1,5,415
1043386,71,1,10220,3,1,4,314
1043417,15,1,3660,5,1,2,512
1043433,108,1,2315,2,1,2,212
1043498,65,1,4492,3,1,2,312
1043535,28,1,1636,5,1,1,511
1043550,70,1,1942,3,1,1,311
1043555,137,3,13070,1,2,4,124
1043576,135,1,12894,1,1,4,114
1043630,10,2,9152,5,1,4,514
1043678,92,1,7304,2,1,3,213
1043832,117,1,14619,1,1,5,115
1044028,28,1,8276,5,1,3,513
1044121,60,1,11454,3,1,4,314
1044586,93,1,2870,2,1,2,212
1044618,37,1,17928,4,1,5,415
1044703,105,1,1890,2,1,1,211
1044770,126,1,4884,1,1,3,113
1044793,19,1,2128,5,1,1,511
1044842,44,1,1497,4,1,1,411
1044862,136,1,6945,1,1,3,113
1044986,44,1,3552,4,1,2,412
1045077,63,1,14132,3,1,5,315
1045152,138,3,14748,1,2,5,125
1045205,133,2,24944,1,1,5,115
1045212,54,1,4529,4,1,2,412
1045290,79,1,3680,3,1,2,312
1045409,116,2,3013,1,1,2,112
1045440,9,1,850,5,1,1,511
1045445,62,1,17536,3,1,5,315
1045572,33,1,8908,4,1,4,414
1045580,92,1,2250,2,1,1,211
1045905,66,1,1187,3,1,1,311
1045937,1,1,4445,5,1,2,512
1046101,86,1,4305,2,1,2,212
1046172,109,1,1798,2,1,1,211
1046288,23,1,4578,5,1,2,512
1046310,3,1,9952,5,1,4,514
1046490,7,1,5782,5,1,3,513
1046579,124,1,8499,1,1,4,114
1046769,122,1,6148,1,1,3,113
1046787,10,1,13848,5,1,5,515
1046837,44,1,2490,4,1,2,412
1046904,78,1,12462,3,1,4,314
1046933,133,1,4348,1,1,2,112
1046944,79,1,1134,3,1,1,311
1047253,37,1,3252,4,1,2,412
1047269,120,2,23300,1,1,5,115
1047384,129,2,14049,1,1,5,115
1047431,67,1,822,3,1,1,311
1047637,20,1,4170,5,1,2,512
1047813,93,1,10227,2,1,4,214
1048033,14,2,29624,5,1,5,515
1048327,4,1,3181,5,1,2,512
1048533,120,3,13068,1,2,4,124
1048650,32,1,6574,4,1,3,413
1048836,86,1,2813,2,1,2,212
1048883,61,1,314,3,1,1,311
1049594,74,1,7860,3,1,3,313
1049595,136,2,10595,1,1,4,114
1049610,41,1,2671,4,1,2,412
1050037,28,1,2314,5,1,2,512
1050385,103,1,4960,2,1,3,213
1050485,115,1,7818,1,1,3,113
1050575,49,1,4107,4,1,2,412
1050618,118,1,6902,1,1,3,113
1050805,109,2,8225,2,1,3,213
1051054,49,2,8602,4,1,4,414
1051319,49,2,13153,4,1,4,414
1051368,60,1,4632,3,1,2,312
1051470,66,1,3952,3,1,2,312
1051529,8,1,17288,5,1,5,515
1051557,92,3,14784,2,2,5,225
1051607,105,1,4994,2,1,3,213
1051642,123,1,887,1,1,1,111
1051698,86,1,8128,2,1,3,213
1052281,37,1,19976,4,1,5,415
1052311,99,2,7232,2,1,3,213
1052403,129,8,53261,1,2,5,125
1052428,103,1,2524,2,1,2,212
1052508,32,1,4934,4,1,3,413
1052690,46,1,888,4,1,1,411
1052785,86,2,6210,2,1,3,213
1052861,51,1,6978,4,1,3,413
1053089,84,2,10452,3,1,4,314
1053100,76,1,4298,3,1,2,312
1053258,59,1,11031,3,1,4,314
1053351,111,2,20994,2,1,5,215
1053437,123,3,21382,1,2,5,125
1053559,31,1,2896,4,1,2,412
1053581,37,1,4700,4,1,3,413
1053591,25,1,923,5,1,1,511
1053783,60,4,17397,3,2,5,325
1053908,52,1,11920,4,1,4,414
1053942,28,1,5193,5,1,3,513
1054391,47,1,5530,4,1,3,413
1054587,35,1,8580,4,1,4,414
1054607,31,3,21916,4,2,5,425
1054695,11,1,618,5,1,1,511
1054808,60,2,10065,3,1,4,314
1054824,58,1,3932,4,1,2,412
1055074,30,1,15648,5,1,5,515
1055133,80,1,1978,3,1,1,311
1055329,122,2,4361,1,1,2,112
1055347,26,1,1731,5,1,1,511
1055401,27,6,34831,5,2,5,525
1055770,104,1,2425,2,1,2,212
1056030,78,1,1644,3,1,1,311
1056162,45,1,15204,4,1,5,415
1056168,14,1,6574,5,1,3,513
1056247,112,1,4469,1,1,2,112
1056311,31,1,1282,4,1,1,411
1056551,29,2,15234,5,1,5,515
1056651,24,1,2991,5,1,2,512
1056881,88,1,285,2,1,1,211
1056901,27,1,3265,5,1,2,512
1056921,65,1,8724,3,1,4,314
1056961,32,2,27566,4,1,5,415
1057266,67,1,1851,3,1,1,311
1057330,120,1,1958,1,1,1,111
1057465,94,1,7322,2,1,3,213
1057581,123,1,6404,1,1,3,113
1057608,65,1,654,3,1,1,311
1058123,17,2,8393,5,1,4,514
1058185,52,1,2472,4,1,2,412
1058190,46,1,8214,4,1,3,413
1058213,130,3,18418,1,2,5,125
1058268,85,2,8066,2,1,3,213
1058388,101,1,2493,2,1,2,212
1058404,93,1,4609,2,1,2,212
1058409,57,2,285,4,1,1,411
1058490,88,1,11056,2,1,4,214
1058657,133,1,5858,1,1,3,113
1058705,88,1,13578,2,1,4,214
1058708,1,2,22134,5,1,5,515
1058710,60,1,8052,3,1,3,313
1058908,71,1,329,3,1,1,311
1058941,3,2,8368,5,1,4,514
1059065,9,1,6876,5,1,3,513
1059363,7,2,10930,5,1,4,514
1059475,107,1,8088,2,1,3,213
1059647,66,1,822,3,1,1,311
1059939,21,1,7122,5,1,3,513
1060139,34,1,1782,4,1,1,411
1060241,78,1,12248,3,1,4,314
1060420,88,1,969,2,1,1,211
1060458,77,1,8160,3,1,3,313
1060630,113,2,28826,1,1,5,115
1060743,85,1,15092,2,1,5,215
1061238,14,6,32144,5,2,5,525
1061273,50,1,4584,4,1,2,412
1061336,20,1,12942,5,1,4,514
1061666,4,1,9194,5,1,4,514
1061966,119,2,17121,1,1,5,115
1062192,64,3,28778,3,2,5,325
1062424,62,1,2163,3,1,1,311
1062583,98,1,339,2,1,1,211
1062602,29,1,16224,5,1,5,515
1062712,128,1,2758,1,1,2,112
1062766,30,1,6352,5,1,3,513
1062953,129,1,10995,1,1,4,114
1062982,48,1,19088,4,1,5,415
1062987,137,2,22071,1,1,5,115
1063648,79,1,11415,3,1,4,314
1063775,90,1,5868,2,1,3,213
1063848,21,1,3454,5,1,2,512
1063946,35,1,3948,4,1,2,412
1064350,53,1,2763,4,1,2,412
1064358,40,2,12013,4,1,4,414
1064422,19,3,10665,5,2,4,524
1064435,78,1,13316,3,1,4,314
1064436,11,1,9036,5,1,4,514
1064483,119,1,6009,1,1,3,113
1064813,43,1,8980,4,1,4,414
1064901,74,1,6092,3,1,3,313
1065189,23,2,11070,5,1,4,514
1065255,93,36,206760,2,2,5,225
1065320,33,1,9920,4,1,4,414
1065650,66,1,9808,3,1,4,314
1065793,128,1,2124,1,1,1,111
1065827,129,1,9036,1,1,4,114
1065940,94,2,2716,2,1,2,212
1066033,70,1,7064,3,1,3,313
1066199,72,1,9855,3,1,4,314
1066293,107,1,1305,2,1,1,211
1066337,37,1,219,4,1,1,411
1066430,132,1,5067,1,1,3,113
1066440,127,1,19668,1,1,5,115
1066883,94,1,243,2,1,1,211
1066959,1,1,8024,5,1,3,513
1067290,31,1,1910,4,1,1,411
1067500,46,1,9462,4,1,4,414
1067646,92,1,7100,2,1,3,213
1067805,57,1,4276,4,1,2,412
1067810,63,1,7352,3,1,3,313
1068179,20,1,17788,5,1,5,515
1068387,18,1,1210,5,1,1,511
1068640,124,1,14812,1,1,5,115
1068737,31,1,2564,4,1,2,412
1068780,88,1,18364,2,1,5,215
1068812,66,1,8064,3,1,3,313
1069077,10,1,848,5,1,1,511
1069091,73,1,4954,3,1,3,313
1069361,43,1,17192,4,1,5,415
1069511,113,1,14540,1,1,5,115
1069526,41,1,10038,4,1,4,414
1069711,93,1,960,2,1,1,211
1069746,6,1,414,5,1,1,511
1069754,29,1,13998,5,1,5,515
1069856,66,1,6372,3,1,3,313
1069931,75,1,10860,3,1,4,314
1069987,13,1,7292,5,1,3,513
1070029,80,3,19016,3,2,5,325
1070060,42,1,2058,4,1,1,411
1070249,57,4,22837,4,2,5,425
1070384,25,1,12183,5,1,4,514
1070440,10,1,2247,5,1,1,511
1070506,85,1,8680,2,1,4,214
1070509,87,1,13746,2,1,5,215
1070560,72,1,7364,3,1,3,313
1070882,112,1,7272,1,1,3,113
1070938,78,1,2402,3,1,2,312
1071121,41,2,12135,4,1,4,414
1071124,37,1,2264,4,1,1,411
1071234,129,1,4950,1,1,3,113
1071262,88,1,13328,2,1,4,214
1071308,84,2,3708,3,1,2,312
1071322,116,1,159,1,1,1,111
1071410,66,1,2688,3,1,2,312
1071499,36,1,12867,4,1,4,414
1071608,123,1,14835,1,1,5,115
1071627,51,1,4644,4,1,2,412
1071835,71,1,3917,3,1,2,312
1071917,126,1,816,1,1,1,111
1071919,9,1,2395,5,1,2,512
1072212,106,1,1656,2,1,1,211
1072220,12,1,8592,5,1,4,514
1072230,105,1,3192,2,1,2,212
1072332,90,1,2240,2,1,1,211
1072496,19,1,4314,5,1,2,512
1072753,51,1,1470,4,1,1,411
1072776,25,2,4120,5,1,2,512
1073168,123,1,2467,1,1,2,112
1073266,120,1,2780,1,1,2,112
1073377,71,8,66195,3,2,5,325
1073653,114,3,23000,1,2,5,125
1073658,3,2,4706,5,1,3,513
1073844,80,1,1398,3,1,1,311
1073944,8,1,1845,5,1,1,511
1074034,102,1,2698,2,1,2,212
1074117,15,1,3777,5,1,2,512
1074157,51,2,20568,4,1,5,415
1074170,10,1,7954,5,1,3,513
1074223,123,1,14340,1,1,5,115
1074236,45,1,12508,4,1,4,414
1074248,13,1,584,5,1,1,511
1074315,87,1,9381,2,1,4,214
1074354,21,1,13440,5,1,4,514
1074449,80,1,7820,3,1,3,313
1074470,78,1,8216,3,1,3,313
1074644,18,1,11088,5,1,4,514
1074861,49,4,12516,4,2,4,424
1075090,93,1,14480,2,1,5,215
1075203,16,1,15624,5,1,5,515
1075423,83,47,243406,3,2,5,325
1075444,63,1,690,3,1,1,311
1075504,128,1,4596,1,1,2,112
1075782,74,1,7392,3,1,3,313
1075785,30,1,10887,5,1,4,514
1075788,35,1,10696,4,1,4,414
1075890,28,1,12084,5,1,4,514
1075898,4,1,4962,5,1,3,513
1076102,67,2,12025,3,1,4,314
1076167,37,1,4624,4,1,2,412
1076270,108,2,13249,2,1,4,214
1076359,122,1,4573,1,1,2,112
1076366,27,20,134088,5,2,5,525
1076451,135,1,4636,1,1,2,112
1076479,15,2,9911,5,1,4,514
1076493,53,1,7628,4,1,3,413
1076559,3,1,3658,5,1,2,512
1076611,92,1,4778,2,1,3,213
1076857,46,2,17640,4,1,5,415
1077145,105,1,5433,2,1,3,213
1077320,91,3,8932,2,2,4,224
1077471,120,1,1097,1,1,1,111
1077585,72,1,5199,3,1,3,313
1077937,8,1,15992,5,1,5,515
1077968,74,5,45816,3,2,5,325
1077984,2,8,25414,5,2,5,525
1078180,52,2,10797,4,1,4,414
1078208,75,1,3118,3,1,2,312
1078266,48,1,10124,4,1,4,414
1078486,137,2,16302,1,1,5,115
1078513,105,1,9610,2,1,4,214
1078946,62,2,20092,3,1,5,315
1079139,19,2,13724,5,1,5,515
1079533,137,1,7592,1,1,3,113
1079760,129,1,1503,1,1,1,111
1079932,43,2,2805,4,1,2,412
1079996,85,1,8914,2,1,4,214
1080273,14,1,4832,5,1,3,513
1080647,72,1,5262,3,1,3,313
1080678,76,1,9194,3,1,4,314
1080729,12,1,4933,5,1,3,513
1080955,17,1,12213,5,1,4,514
1081220,80,2,5396,3,1,3,313
1081405,9,1,10962,5,1,4,514
1081431,8,1,8560,5,1,4,514
1081566,112,1,3129,1,1,2,112
1081624,115,1,226,1,1,1,111
1081726,70,2,12074,3,1,4,314
1081741,114,2,14896,1,1,5,115
1081894,77,1,9490,3,1,4,314
1081901,116,1,2104,1,1,1,111
1082043,51,1,2468,4,1,2,412
1082305,23,3,15708,5,2,5,525
1082371,75,1,2771,3,1,2,312
1082536,14,1,1624,5,1,1,511
1082641,37,2,17605,4,1,5,415
1082822,91,1,10779,2,1,4,214
1082887,32,1,8376,4,1,4,414
1083036,78,1,8062,3,1,3,313
1083118,13,1,9714,5,1,4,514
1083127,79,1,169,3,1,1,311
1083188,108,1,228,2,1,1,211
1083253,7,1,1843,5,1,1,511
1083369,94,1,4904,2,1,3,213
1083373,39,9,69854,4,2,5,425
1083495,110,1,33,2,1,1,211
1083658,56,1,18560,4,1,5,415
1083786,127,5,20961,1,2,5,125
1083837,119,1,12792,1,1,4,114
1083923,30,1,11224,5,1,4,514
1084018,44,2,6349,4,1,3,413
1084182,136,1,3635,1,1,2,112
1084265,81,1,10788,3,1,4,314
1084305,42,1,5678,4,1,3,413
1084338,32,1,2702,4,1,2,412
1084528,35,1,4215,4,1,2,412
1084561,17,1,3508,5,1,2,512
1084569,132,2,5127,1,1,3,113
1084617,104,1,5610,2,1,3,213
1084677,79,2,14302,3,1,5,315
1084741,63,2,1856,3,1,1,311
1084952,16,3,14507,5,2,5,525
1085279,64,1,7362,3,1,3,313
1085571,137,1,1284,1,1,1,111
1085620,129,1,10683,1,1,4,114
1085624,65,1,3565,3,1,2,312
1085761,137,1,4576,1,1,2,112
1085818,24,3,14985,5,2,5,525
1085829,115,1,1822,1,1,1,111
1085971,88,1,3242,2,1,2,212
1086003,12,1,4176,5,1,2,512
1086034,77,1,8622,3,1,4,314
1086075,90,1,1558,2,1,1,211
1086108,129,1,5182,1,1,3,113
1086334,48,2,9576,4,1,4,414
1086897,94,1,4654,2,1,3,213
1086903,63,1,3861,3,1,2,312
1086913,64,1,8715,3,1,4,314
1086982,30,2,7292,5,1,3,513
1087295,88,1,3939,2,1,2,212
1087601,120,1,3305,1,1,2,112
1088027,23,1,4158,5,1,2,512
1088068,32,1,7156,4,1,3,413
1088103,61,1,5070,3,1,3,313
1088116,125,1,4256,1,1,2,112
1088151,122,1,7392,1,1,3,113
1088210,31,1,4711,4,1,3,413
1088211,44,1,3075,4,1,2,412
1088275,109,1,10884,2,1,4,214
1088393,116,1,17372,1,1,5,115
1088465,103,1,648,2,1,1,211
1088880,21,3,13535,5,2,4,524
1088976,107,1,446,2,1,1,211
1089538,53,1,6070,4,1,3,413
1089853,135,1,15180,1,1,5,115
1089934,92,1,1327,2,1,1,211
1089992,27,1,346,5,1,1,511
1090044,80,1,1718,3,1,1,311
1090063,37,1,11253,4,1,4,414
1090124,38,1,1122,4,1,1,411
1090144,134,1,9890,1,1,4,114
1090325,7,1,435,5,1,1,511
1090413,127,1,1691,1,1,1,111
1090473,25,1,6999,5,1,3,513
1090548,137,1,6120,1,1,3,113
1090665,79,2,1404,3,1,1,311
1090824,14,1,177,5,1,1,511
1090856,64,1,3600,3,1,2,312
1090857,107,1,344,2,1,1,211
1090887,62,1,8130,3,1,3,313
1091087,35,2,11764,4,1,4,414
1091107,104,1,3174,2,1,2,212
1091556,136,1,8372,1,1,4,114
1091732,79,1,6702,3,1,3,313
1091855,124,2,12536,1,1,4,114
1092175,36,1,1560,4,1,1,411
1092199,32,1,12894,4,1,4,414
1092370,135,2,13617,1,1,4,114
1092403,43,1,4755,4,1,3,413
1092409,19,1,4584,5,1,2,512
1092478,94,2,12499,2,1,4,214
1092723,72,2,19830,3,1,5,315
1092797,59,1,3244,3,1,2,312
1093035,100,68,405614,2,2,5,225
1093062,26,1,5492,5,1,3,513
1093151,103,1,14564,2,1,5,215
1093456,74,1,7752,3,1,3,313
1093461,25,1,1278,5,1,1,511
1093736,138,1,4778,1,1,3,113
1093771,50,1,15908,4,1,5,415
1093946,112,2,24770,1,1,5,115
1094021,63,2,6628,3,1,3,313
1094034,42,1,1046,4,1,1,411
1094089,137,1,12099,1,1,4,114
1094128,69,2,13136,3,1,4,314
1094188,51,1,3296,4,1,2,412
1094310,72,1,1826,3,1,1,311
1094389,87,1,3516,2,1,2,212
1094490,109,1,4560,2,1,2,212
1094597,52,1,2393,4,1,2,412
1094829,31,1,7382,4,1,3,413
1095103,127,1,9890,1,1,4,114
1095124,44,1,9784,4,1,4,414
1095458,29,5,34173,5,2,5,525
1095470,70,2,23645,3,1,5,315
1095484,59,1,3219,3,1,2,312
1095555,33,1,11730,4,1,4,414
1095676,74,1,13328,3,1,4,314
1096075,72,1,9274,3,1,4,314
1096142,93,1,3996,2,1,2,212
1096330,78,1,136,3,1,1,311
1096495,54,1,4568,4,1,2,412
1096542,126,1,11772,1,1,4,114
1096676,121,1,5764,1,1,3,113
1096840,72,1,4200,3,1,2,312
1097026,51,2,8892,4,1,4,414
1097216,49,3,35792,4,2,5,425
1097386,66,1,2660,3,1,2,312
1097400,72,5,31179,3,2,5,325
1097512,57,1,1570,4,1,1,411
1097646,87,2,22778,2,1,5,215
1097897,80,1,5720,3,1,3,313
1098035,45,1,1622,4,1,1,411
1098310,85,1,2620,2,1,2,212
1098391,63,1,3696,3,1,2,312
1098607,59,1,8130,3,1,3,313
1098616,15,1,9678,5,1,4,514
1098767,77,1,2888,3,1,2,312
1098769,8,2,15355,5,1,5,515
1098883,11,1,3267,5,1,2,512
1098888,77,1,11292,3,1,4,314
1098959,21,1,354,5,1,1,511
1099198,64,1,108,3,1,1,311
1099348,62,1,13020,3,1,4,314
1099519,9,1,10832,5,1,4,514
1099612,59,1,6240,3,1,3,313
1099749,49,3,17260,4,2,5,425
1099801,46,1,2686,4,1,2,412
1099842,50,2,10544,4,1,4,414
1099905,53,1,8166,4,1,3,413
1099916,57,2,7211,4,1,3,413
1100002,58,1,19636,4,1,5,415
1100036,24,1,5836,5,1,3,513
1100390,107,1,2644,2,1,2,212
1100641,67,2,3931,3,1,2,312
1100851,55,1,6692,4,1,3,413
1100884,123,1,14732,1,1,5,115
1100892,7,2,6734,5,1,3,513
1100984,13,1,15196,5,1,5,515
1101023,4,1,13340,5,1,4,514
1101111,8,1,2229,5,1,1,511
1101242,129,1,9891,1,1,4,114
1101303,98,1,3932,2,1,2,212
1101373,28,2,6104,5,1,3,513
1101539,3,2,8382,5,1,4,514
1101747,50,7,47424,4,2,5,425
1101754,112,1,2786,1,1,2,112
1101917,87,1,2488,2,1,2,212
1102019,118,2,11565,1,1,4,114
1102053,72,1,6828,3,1,3,313
1102257,67,2,16568,3,1,5,315
1102275,92,1,1484,2,1,1,211
1102279,6,1,12714,5,1,4,514
1102311,44,1,164,4,1,1,411
1102467,44,1,3976,4,1,2,412
1102508,125,1,2768,1,1,2,112
1102694,67,1,17024,3,1,5,315
1102743,59,3,10475,3,2,4,324
1102940,85,1,828,2,1,1,211
1103132,52,1,9388,4,1,4,414
1103176,76,1,9952,3,1,4,314
1103202,25,1,1160,5,1,1,511
1103292,135,1,19008,1,1,5,115
1103541,11,14,94093,5,2,5,525
1103783,43,1,1724,4,1,1,411
1103835,73,1,4013,3,1,2,312
1103840,100,1,4282,2,1,2,212
1103880,98,1,3794,2,1,2,212
1103897,79,2,15500,3,1,5,315
1103912,11,1,5560,5,1,3,513
1103914,62,8,71467,3,2,5,325
1104027,56,2,10456,4,1,4,414
1104056,53,1,9704,4,1,4,414
1104076,16,2,24545,5,1,5,515
1104300,100,2,4179,2,1,2,212
1104374,3,1,5206,5,1,3,513
1104446,2,1,3460,5,1,2,512
1104456,43,2,13214,4,1,4,414
1104495,136,1,4076,1,1,2,112
1104649,69,2,12876,3,1,4,314
1104771,18,5,26749,5,2,5,525
1104878,129,2,5431,1,1,3,113
1104957,47,4,18999,4,2,5,425
1105004,92,1,2494,2,1,2,212
1105174,11,2,16756,5,1,5,515
1105313,127,1,8698,1,1,4,114
1105909,13,1,13164,5,1,4,514
1105978,90,1,7300,2,1,3,213
1106054,101,2,17676,2,1,5,215
1106141,52,1,7752,4,1,3,413
1106143,135,1,481,1,1,1,111
1106190,105,2,22566,2,1,5,215
1106244,44,1,1990,4,1,1,411
1106288,59,1,5834,3,1,3,313
1106356,136,1,18204,1,1,5,115
1106563,19,1,2239,5,1,1,511
1106611,39,1,2631,4,1,2,412
1106764,78,1,16068,3,1,5,315
1106803,78,1,1608,3,1,1,311
1106846,74,1,9180,3,1,4,314
1107033,30,1,797,5,1,1,511
1107097,40,1,8302,4,1,4,414
1107485,50,1,1251,4,1,1,411
1107505,26,2,5609,5,1,3,513
1107953,136,1,14860,1,1,5,115
1107997,31,1,6904,4,1,3,413
1108172,67,1,9392,3,1,4,314
1108396,108,1,6548,2,1,3,213
1108631,36,26,110544,4,2,5,425
1108664,20,1,7830,5,1,3,513
1108790,69,1,7308,3,1,3,313
1108795,129,1,146,1,1,1,111
1108873,124,1,14892,1,1,5,115
1108906,125,1,8436,1,1,4,114
1108919,16,1,1456,5,1,1,511
1109044,105,1,3339,2,1,2,212
1109295,30,1,868,5,1,1,511
1109799,121,1,1282,1,1,1,111
1109812,35,1,11910,4,1,4,414
1109848,2,1,1830,5,1,1,511
1109927,74,1,2810,3,1,2,312
1109989,36,1,1560,4,1,1,411
1110180,13,1,7884,5,1,3,513
1110237,87,1,17844,2,1,5,215
1110239,36,1,3523,4,1,2,412
1110278,39,1,7803,4,1,3,413
1110280,110,1,17280,2,1,5,215
1110455,85,2,5257,2,1,3,213
1110471,32,1,16904,4,1,5,415
1110523,60,2,12954,3,1,4,314
1110744,116,1,559,1,1,1,111
1110822,34,4,12601,4,2,4,424
1110929,56,3,31312,4,2,5,425
1110986,25,1,16996,5,1,5,515
1110994,133,1,3466,1,1,2,112
1111177,116,2,2559,1,1,2,112
1111195,83,1,19468,3,1,5,315
1111213,54,1,617,4,1,1,411
1111469,11,1,9564,5,1,4,514
1111661,64,1,1780,3,1,1,311
1111735,77,1,14568,3,1,5,315
1111928,101,1,9684,2,1,4,214
1112013,44,5,50900,4,2,5,425
1112020,39,1,11640,4,1,4,414
1112178,62,1,10860,3,1,4,314
1112198,129,1,18716,1,1,5,115
1112510,86,1,1220,2,1,1,211
1112704,65,1,1924,3,1,1,311
1112769,48,1,7644,4,1,3,413
1113059,51,1,3144,4,1,2,412
1113064,58,1,9028,4,1,4,414
1113110,124,1,6348,1,1,3,113
1113250,46,1,3738,4,1,2,412
1113351,29,5,22685,5,2,5,525
1113362,136,1,9459,1,1,4,114
1113417,80,2,5361,3,1,3,313
1113427,94,1,13312,2,1,4,214
1113443,21,3,23395,5,2,5,525
1113547,82,2,2468,3,1,2,312
1113650,129,2,23724,1,1,5,115
1113675,23,1,10386,5,1,4,514
1113715,24,1,12453,5,1,4,514
1114039,23,1,4584,5,1,2,512
1114192,65,1,14028,3,1,5,315
1114201,2,1,1605,5,1,1,511
1114308,135,1,14085,1,1,5,115
1114514,108,1,15248,2,1,5,215
1114772,113,1,1614,1,1,1,111
1114887,22,1,3380,5,1,2,512
1115272,91,1,4998,2,1,3,213
1115446,49,4,25739,4,2,5,425
1115616,43,1,4360,4,1,2,412
1115637,111,1,3783,2,1,2,212
1115891,57,1,1611,4,1,1,411
1115938,96,1,2417,2,1,2,212
1115990,21,1,13608,5,1,4,514
1116078,126,2,14534,1,1,5,115
1116087,121,2,9556,1,1,4,114
1116368,116,1,4671,1,1,3,113
1116426,103,1,7118,2,1,3,213
1116522,65,1,548,3,1,1,311
1116575,9,1,5625,5,1,3,513
1116687,71,1,72,3,1,1,311
1116716,106,1,9490,2,1,4,214
1116948,128,27,159429,1,2,5,125
1117079,88,1,14583,2,1,5,215
1117144,114,1,8175,1,1,3,113
1117293,122,4,17673,1,2,5,125
1117312,38,1,1011,4,1,1,411
1117333,117,2,16919,1,1,5,115
1117547,30,1,4320,5,1,2,512
1117667,60,1,7484,3,1,3,313
1117845,98,1,7146,2,1,3,213
1118004,81,1,1722,3,1,1,311
1118015,49,1,11583,4,1,4,414
1118074,70,1,2230,3,1,1,311
1118106,101,1,514,2,1,1,211
1118109,10,2,26516,5,1,5,515
1118325,23,3,21134,5,2,5,525
1118397,82,1,10836,3,1,4,314
1118449,86,1,4082,2,1,2,212
1118705,46,1,7146,4,1,3,413
1119174,67,1,19304,3,1,5,315
1119195,96,1,7668,2,1,3,213
1119553,104,1,4087,2,1,2,212
1119669,55,1,18796,4,1,5,415
1119697,87,1,4292,2,1,2,212
1119719,99,1,2178,2,1,1,211
1119767,69,1,12390,3,1,4,314
1119870,94,1,4053,2,1,2,212
1119872,50,1,4092,4,1,2,412
1119941,51,2,19281,4,1,5,415
1120092,23,1,7515,5,1,3,513
1120124,53,1,3636,4,1,2,412
1120144,51,3,16681,4,2,5,425
1120343,121,1,1117,1,1,1,111
1120402,100,1,1008,2,1,1,211
1120642,84,1,1146,3,1,1,311
1120870,66,7,27925,3,2,5,325
1121064,87,1,6021,2,1,3,213
1121100,128,1,7586,1,1,3,113
1121386,20,1,19700,5,1,5,515
1121454,78,1,2796,3,1,2,312
1121652,19,3,16046,5,2,5,525
1121665,17,1,4791,5,1,3,513
1121776,37,1,495,4,1,1,411
1121909,87,1,4476,2,1,2,212
1122208,107,1,600,2,1,1,211
1122429,89,1,16628,2,1,5,215
1122464,30,1,3332,5,1,2,512
1122486,53,1,17584,4,1,5,415
1122620,5,1,16312,5,1,5,515
1122754,97,1,11622,2,1,4,214
1122758,90,2,10822,2,1,4,214
1122870,7,6,36803,5,2,5,525
1122980,131,1,4131,1,1,2,112
1123042,95,2,13560,2,1,4,214
1123059,25,1,4662,5,1,3,513
1123085,107,1,1565,2,1,1,211
1123106,104,1,4229,2,1,2,212
1123149,121,1,4308,1,1,2,112
1123245,45,1,4076,4,1,2,412
1123295,56,5,24151,4,2,5,425
1123306,72,1,11643,3,1,4,314
1123419,11,2,11360,5,1,4,514
1123490,32,1,7156,4,1,3,413
1123575,59,2,11059,3,1,4,314
1123577,60,1,12558,3,1,4,314
1123703,94,1,2776,2,1,2,212
1123995,64,2,12438,3,1,4,314
1124031,35,1,7611,4,1,3,413
1124488,74,1,14988,3,1,5,315
1124499,73,1,3888,3,1,2,312
1124557,123,1,3316,1,1,2,112
1124617,113,1,4893,1,1,3,113
1124622,8,1,4204,5,1,2,512
1124699,2,1,18632,5,1,5,515
1124964,71,10,57780,3,2,5,325
1125180,33,1,6692,4,1,3,413
1125220,46,2,18590,4,1,5,415
1125459,52,1,12524,4,1,4,414
1125465,88,1,13172,2,1,4,214
1125532,128,3,25086,1,2,5,125
1125577,77,1,14100,3,1,5,315
1125765,5,1,405,5,1,1,511
1125791,12,1,5628,5,1,3,513
1125860,32,1,3042,4,1,2,412
1125958,89,1,3614,2,1,2,212
1126069,72,1,9960,3,1,4,314
1126439,42,1,7512,4,1,3,413
1126569,4,35,244400,5,2,5,525
1126660,68,1,7860,3,1,3,313
1126674,136,1,2248,1,1,1,111
1126685,61,1,13164,3,1,4,314
1126793,31,3,10950,4,2,4,424
1126836,88,1,4708,2,1,3,213
1126939,59,1,5936,3,1,3,313
1126945,35,2,11984,4,1,4,414
1127021,103,1,13119,2,1,4,214
1127110,40,1,14511,4,1,5,415
1127166,135,2,3330,1,1,2,112
1127234,70,1,12498,3,1,4,314
1127406,93,2,6959,2,1,3,213
1127429,52,2,16703,4,1,5,415
1127697,87,1,11104,2,1,4,214
1127962,2,3,21650,5,2,5,525
1128088,46,1,3930,4,1,2,412
1128102,115,1,3088,1,1,2,112
1128161,84,1,8754,3,1,4,314
1128190,7,1,1136,5,1,1,511
1128416,35,1,17704,4,1,5,415
1128479,77,1,2116,3,1,1,311
1128592,101,1,4644,2,1,2,212
1128809,126,4,30858,1,2,5,125
1128828,77,1,6537,3,1,3,313
1128992,67,1,4488,3,1,2,312
1129209,55,1,1473,4,1,1,411
1129347,85,2,6991,2,1,3,213
1129356,135,1,1759,1,1,1,111
1129379,36,1,1172,4,1,1,411
1129408,123,1,8092,1,1,3,113
1129553,122,2,18288,1,1,5,115
1129560,105,2,2335,2,1,2,212
1129594,130,2,6384,1,1,3,113
1129614,7,8,80420,5,2,5,525
1129898,28,1,15428,5,1,5,515
1130032,21,2,20343,5,1,5,515
1130129,93,1,3408,2,1,2,212
1130179,98,1,11565,2,1,4,214
1130204,116,2,13503,1,1,4,114
1130351,45,1,14632,4,1,5,415
1130635,137,1,4658,1,1,3,113
1130689,54,1,2593,4,1,2,412
1130809,87,1,9404,2,1,4,214
1130813,76,1,9866,3,1,4,314
1130868,113,1,13461,1,1,4,114
1131152,52,1,3808,4,1,2,412
1131362,12,2,5682,5,1,3,513
1131431,125,3,18659,1,2,5,125
1131565,59,1,3304,3,1,2,312
1131582,57,1,1008,4,1,1,411
1131632,100,1,7088,2,1,3,213
1131743,95,1,8898,2,1,4,214
1131970,121,1,1889,1,1,1,111
1132150,111,2,8798,2,1,4,214
1132349,81,1,12924,3,1,4,314
1132359,24,1,9832,5,1,4,514
1132402,124,1,11688,1,1,4,114
1132549,37,1,2467,4,1,2,412
1132655,80,1,15968,3,1,5,315
1132858,1,1,1414,5,1,1,511
1132933,113,2,16168,1,1,5,115
1132989,79,1,33,3,1,1,311
1133097,24,2,17028,5,1,5,515
1133108,78,1,7548,3,1,3,313
1133645,127,1,3754,1,1,2,112
1133713,58,1,4098,4,1,2,412
1134182,26,1,2588,5,1,2,512
1134369,24,1,8256,5,1,3,513
1134479,23,1,4653,5,1,3,513
1134627,25,1,354,5,1,1,511
1134659,100,1,4834,2,1,3,213
1134753,40,1,15032,4,1,5,415
1134806,73,1,16176,3,1,5,315
1134854,76,2,8581,3,1,4,314
1134909,49,1,942,4,1,1,411
1134963,16,1,6072,5,1,3,513
1134975,25,26,149089,5,2,5,525
1134979,11,2,8101,5,1,3,513
1135150,123,1,14982,1,1,5,115
1135249,129,2,16758,1,1,5,115
1135254,36,1,8112,4,1,3,413
1135274,51,1,4875,4,1,3,413
1135374,133,1,1870,1,1,1,111
1135500,136,1,3206,1,1,2,112
1135803,127,1,4281,1,1,2,112
1135842,73,1,9300,3,1,4,314
1135907,88,1,1260,2,1,1,211
1136498,74,1,3564,3,1,2,312
1136594,4,3,26411,5,2,5,525
1136617,95,1,7034,2,1,3,213
1136622,122,1,764,1,1,1,111
1136644,86,1,1827,2,1,1,211
1136709,44,1,10964,4,1,4,414
1136741,9,1,4852,5,1,3,513
1136787,29,1,8084,5,1,3,513
1136931,113,2,3276,1,1,2,112
1137032,49,1,5186,4,1,3,413
1137033,70,1,5624,3,1,3,313
1137093,70,1,2660,3,1,2,312
1137581,124,2,29763,1,1,5,115
1137634,112,4,17338,1,2,5,125
1137704,107,3,30507,2,2,5,225
1137846,97,1,3146,2,1,2,212
1137950,27,2,5157,5,1,3,513
1137997,105,1,1302,2,1,1,211
1138103,80,1,10359,3,1,4,314
1138300,72,1,3358,3,1,2,312
1138326,64,4,16657,3,2,5,325
1138443,134,1,18252,1,1,5,115
1138492,10,1,8464,5,1,4,514
1138722,89,1,14772,2,1,5,215
1139013,73,1,5211,3,1,3,313
1139092,109,1,1223,2,1,1,211
1139336,113,1,569,1,1,1,111
1139426,40,1,14292,4,1,5,415
1139502,32,1,5002,4,1,3,413
1139617,22,1,8172,5,1,3,513
1139658,54,1,2406,4,1,2,412
1139670,70,1,10684,3,1,4,314
1139909,126,1,171,1,1,1,111
1140031,98,1,1284,2,1,1,211
1140064,32,1,10188,4,1,4,414
1140205,89,2,18930,2,1,5,215
1140215,137,1,9826,1,1,4,114
1140225,117,2,1405,1,1,1,111
1140386,3,1,15740,5,1,5,515
1140406,49,2,17214,4,1,5,415
1140665,136,1,2816,1,1,2,112
1140795,94,1,285,2,1,1,211
1140878,137,1,8049,1,1,3,113
1140886,67,6,45044,3,2,5,325
1141126,56,1,8760,4,1,4,414
1141285,77,1,9636,3,1,4,314
1141334,53,1,4758,4,1,3,413
1141663,59,2,23744,3,1,5,315
1141925,117,2,5692,1,1,3,113
1142076,55,1,12820,4,1,4,414
1142081,72,1,13108,3,1,4,314
1142299,77,1,2383,3,1,2,312
1142434,53,1,778,4,1,1,411
1142436,93,1,4296,2,1,2,212
1142592,70,1,3819,3,1,2,312
1143014,49,1,641,4,1,1,411
1143105,75,1,1304,3,1,1,311
1143173,77,1,232,3,1,1,311
1143222,87,1,18340,2,1,5,215
1143288,126,1,5420,1,1,3,113
1143344,108,4,24194,2,2,5,225
1143379,85,1,877,2,1,1,211
1143383,96,56,352498,2,2,5,225
1143600,133,1,2620,1,1,2,112
1143755,67,1,720,3,1,1,311
1143795,33,2,13930,4,1,5,415
1143882,51,1,4976,4,1,3,413
1143932,68,1,11264,3,1,4,314
1144107,4,1,4468,5,1,2,512
1144300,125,1,1766,1,1,1,111
1144306,36,1,3906,4,1,2,412
1144503,53,3,34135,4,2,5,425
1144517,39,1,190,4,1,1,411
1144604,58,1,1603,4,1,1,411
1144735,78,1,4933,3,1,3,313
1144846,67,2,9756,3,1,4,314
1144857,76,14,95870,3,2,5,325
1144858,7,1,3572,5,1,2,512
1144904,57,1,4346,4,1,2,412
1145025,116,1,766,1,1,1,111
1145088,64,1,969,3,1,1,311
1145187,34,1,8436,4,1,4,414
1145243,93,1,1140,2,1,1,211
1145382,115,7,64125,1,2,5,125
1145611,46,1,18796,4,1,5,415
1145844,14,2,8151,5,1,3,513
1145919,18,1,5718,5,1,3,513
1146070,47,1,11472,4,1,4,414
1146169,44,2,6896,4,1,3,413
1146172,93,1,926,2,1,1,211
1146291,55,2,7404,4,1,3,413
1146423,134,1,6580,1,1,3,113
1146431,63,2,12930,3,1,4,314
1146510,134,1,3740,1,1,2,112
1146520,43,1,6160,4,1,3,413
1146647,87,1,6610,2,1,3,213
1146790,46,2,17261,4,1,5,415
1146952,62,1,17148,3,1,5,315
1147655,8,10,34515,5,2,5,525
1148075,45,1,480,4,1,1,411
1148151,31,2,27144,4,1,5,415
1148273,46,1,16508,4,1,5,415
1148285,24,1,11586,5,1,4,514
1148299,49,1,3476,4,1,2,412
1148301,73,1,12244,3,1,4,314
1148408,63,1,7640,3,1,3,313
1148976,73,1,4554,3,1,2,312
1149102,29,2,19500,5,1,5,515
1149209,46,1,3580,4,1,2,412
1149213,115,1,2488,1,1,2,112
1149234,108,1,1976,2,1,1,211
1149372,101,1,10884,2,1,4,214
1149471,61,1,6942,3,1,3,313
1149521,44,1,9860,4,1,4,414
1149586,120,1,9188,1,1,4,114
1149667,9,1,561,5,1,1,511
1149756,135,2,20914,1,1,5,115
1149804,90,1,7002,2,1,3,213
1149894,132,1,1236,1,1,1,111
1150086,1,559,3587061,5,2,5,525
1150088,96,1,1322,2,1,1,211
1150405,47,3,11521,4,2,4,424
1150455,25,1,3050,5,1,2,512
1150460,12,1,2541,5,1,2,512
1150478,24,1,378,5,1,1,511
1150514,86,1,457,2,1,1,211
1150613,102,1,14610,2,1,5,215
1151093,64,1,4962,3,1,3,313
1151581,57,1,7551,4,1,3,413
1151604,16,2,5372,5,1,3,513
1151703,72,1,3813,3,1,2,312
1151781,113,1,14728,1,1,5,115
1151782,19,1,8794,5,1,4,514
1151882,48,1,647,4,1,1,411
1151933,25,1,7976,5,1,3,513
1152128,62,1,7056,3,1,3,313
1152259,80,1,6780,3,1,3,313
1152318,95,1,504,2,1,1,211
1152346,106,1,4172,2,1,2,212
1152367,25,1,89,5,1,1,511
1152432,69,1,4422,3,1,2,312
1152644,105,1,988,2,1,1,211
1152738,40,3,14260,4,2,5,425
1153013,126,1,6240,1,1,3,113
1153047,33,1,2468,4,1,2,412
1153138,93,1,3592,2,1,2,212
1153145,18,1,1954,5,1,1,511
1153460,85,1,8700,2,1,4,214
1153564,44,6,21359,4,2,5,425
1153702,94,1,3304,2,1,2,212
1153783,128,1,5688,1,1,3,113
1153970,114,1,3504,1,1,2,112
1154301,94,1,4384,2,1,2,212
1154309,94,1,14880,2,1,5,215
1154310,25,1,3629,5,1,2,512
1154334,121,1,12126,1,1,4,114
1154431,10,1,3936,5,1,2,512
1154710,76,1,675,3,1,1,311
1154784,118,1,6702,1,1,3,113
1154800,124,1,14740,1,1,5,115
1154951,120,1,5086,1,1,3,113
1154973,135,1,3667,1,1,2,112
1155030,74,2,15442,3,1,5,315
1155466,92,1,10983,2,1,4,214
1155475,55,2,9960,4,1,4,414
1155647,86,3,17712,2,2,5,225
1155663,112,1,7041,1,1,3,113
1155978,48,1,14898,4,1,5,415
1156452,26,2,9743,5,1,4,514
1156525,16,4,32197,5,2,5,525
1156674,24,2,5230,5,1,3,513
1156860,0,2,6729,5,1,3,513
1156870,13,2,18060,5,1,5,515
1156938,65,1,2781,3,1,2,312
1156969,99,1,18204,2,1,5,215
1157108,56,1,2532,4,1,2,412
1157167,102,2,13760,2,1,5,215
1157291,122,1,491,1,1,1,111
1157313,40,1,1583,4,1,1,411
1157385,31,1,12894,4,1,4,414
1157587,70,1,752,3,1,1,311
1157842,123,1,2552,1,1,2,112
1157950,54,1,1859,4,1,1,411
1158076,123,1,9890,1,1,4,114
1158127,114,3,32022,1,2,5,125
1158402,60,1,786,3,1,1,311
1158677,100,1,1302,2,1,1,211
1158831,14,1,8092,5,1,3,513
1159125,93,1,2610,2,1,2,212
1159485,128,1,1293,1,1,1,111
1159592,71,2,6313,3,1,3,313
1159609,53,1,1866,4,1,1,411
1159681,107,1,1486,2,1,1,211
1159713,46,1,144,4,1,1,411
1159752,26,1,5400,5,1,3,513
1159765,104,1,242,2,1,1,211
1159847,88,1,4132,2,1,2,212
1160112,94,2,22478,2,1,5,215
1160258,18,2,13255,5,1,4,514
1160338,52,1,710,4,1,1,411
1160346,33,1,14020,4,1,5,415
1160402,3,1,416,5,1,1,511
1160440,93,1,3931,2,1,2,212
1160836,94,1,4814,2,1,3,213
1160882,28,1,1351,5,1,1,511
1160955,10,1,12872,5,1,4,514
1160976,11,1,4080,5,1,2,512
1161147,118,1,1312,1,1,1,111
1161163,92,115,828085,2,2,5,225
1161252,81,2,10846,3,1,4,314
1161263,52,1,12126,4,1,4,414
1161707,2,1,19852,5,1,5,515
1161712,94,1,19500,2,1,5,215
1161968,132,10,67936,1,2,5,125
1161980,9,1,17964,5,1,5,515
1162129,115,1,10368,1,1,4,114
1162136,5,3,16954,5,2,5,525
1162188,30,1,13350,5,1,4,514
1162239,93,1,2588,2,1,2,212
1162252,53,1,10620,4,1,4,414
1162584,65,1,10380,3,1,4,314
1162772,31,3,10700,4,2,4,424
1162858,108,2,3330,2,1,2,212
1162982,111,1,528,2,1,1,211
1163126,122,1,5096,1,1,3,113
1163388,22,1,3634,5,1,2,512
1163417,49,1,2226,4,1,1,411
1163432,19,1,5884,5,1,3,513
1163475,102,1,4628,2,1,2,212
1163709,6,1,2428,5,1,2,512
1163984,23,1,8816,5,1,4,514
1163985,25,1,386,5,1,1,511
1164136,52,1,18736,4,1,5,415
1164313,117,1,9340,1,1,4,114
1164547,102,1,653,2,1,1,211
1164596,88,3,11295,2,2,4,224
1164713,30,5,33392,5,2,5,525
1164733,31,1,2218,4,1,1,411
1164964,102,1,15772,2,1,5,215
1165061,22,2,5693,5,1,3,513
1165148,1,27,167793,5,2,5,525
1165239,73,1,7401,3,1,3,313
1165267,116,1,3305,1,1,2,112
1165346,84,2,22440,3,1,5,315
1165458,93,1,3088,2,1,2,212
1165524,81,1,3868,3,1,2,312
1165533,53,1,12189,4,1,4,414
1165669,46,2,11335,4,1,4,414
1165723,53,1,2488,4,1,2,412
1165753,59,1,12684,3,1,4,314
1165792,22,1,9336,5,1,4,514
1165904,13,2,15756,5,1,5,515
1165927,106,2,10661,2,1,4,214
1165947,117,1,6700,1,1,3,113
1165952,92,1,6240,2,1,3,213
1166108,53,1,13728,4,1,5,415
1166248,113,1,58,1,1,1,111
1166352,65,1,13088,3,1,4,314
1166385,19,1,2104,5,1,1,511
1166469,63,1,5130,3,1,3,313
1166523,25,1,11120,5,1,4,514
1166551,118,1,1625,1,1,1,111
1166562,109,1,8606,2,1,4,214
1166580,85,1,6122,2,1,3,213
1166599,31,1,12276,4,1,4,414
1166651,21,2,20535,5,1,5,515
1166692,38,2,17555,4,1,5,415
1166783,129,1,8266,1,1,3,113
1166817,108,1,309,2,1,1,211
1166904,75,1,3848,3,1,2,312
1166965,124,1,3728,1,1,2,112
1167125,61,1,1100,3,1,1,311
1167457,90,34,239850,2,2,5,225
1167802,107,2,3491,2,1,2,212
1167927,90,2,4153,2,1,2,212
1168109,51,1,3027,4,1,2,412
1168133,106,1,6746,2,1,3,213
1168222,101,1,2384,2,1,2,212
1168370,132,1,5313,1,1,3,113
1168431,100,6,15426,2,2,5,225
1168467,64,1,14908,3,1,5,315
1168496,71,1,5778,3,1,3,313
1168629,30,1,586,5,1,1,511
1168709,3,1,2714,5,1,2,512
1168726,30,1,3240,5,1,2,512
1168756,128,1,7902,1,1,3,113
1168808,108,1,2439,2,1,2,212
1168816,57,1,2040,4,1,1,411
1169061,27,1,2449,5,1,2,512
1169129,11,1,16928,5,1,5,515
1169547,99,1,77,2,1,1,211
1169620,56,3,10998,4,2,4,424
1169625,59,1,7395,3,1,3,313
1169689,42,9,46393,4,2,5,425
1169725,135,2,162,1,1,1,111
1169792,63,1,3255,3,1,2,312
1169823,118,1,496,1,1,1,111
1169857,50,1,5632,4,1,3,413
1169882,90,1,14133,2,1,5,215
1169933,5,1,15828,5,1,5,515
1169956,75,5,21823,3,2,5,325
1170127,72,2,25500,3,1,5,315
1170165,50,2,13576,4,1,4,414
1170264,110,1,9868,2,1,4,214
1170314,17,1,4503,5,1,2,512
1170342,92,1,7252,2,1,3,213
1170409,24,1,8232,5,1,3,513
1170438,12,1,3723,5,1,2,512
1170441,81,1,2746,3,1,2,312
1170453,113,2,3501,1,1,2,112
1170710,3,1,8760,5,1,4,514
1170737,53,1,4652,4,1,3,413
1170743,106,1,8622,2,1,4,214
1170936,108,1,746,2,1,1,211
1170959,29,2,10404,5,1,4,514
1171088,70,1,11646,3,1,4,314
1171341,64,1,1666,3,1,1,311
1171393,116,1,825,1,1,1,111
1171448,134,8,49667,1,2,5,125
1171630,71,6,23485,3,2,5,325
1171776,65,1,15864,3,1,5,315
1171799,101,1,114,2,1,1,211
1171831,81,2,7093,3,1,3,313
1171920,81,2,14040,3,1,5,315
1171932,134,1,861,1,1,1,111
1171969,107,1,5354,2,1,3,213
1172037,20,1,236,5,1,1,511
1172075,124,1,3046,1,1,2,112
1172087,14,6,51876,5,2,5,525
1172151,136,1,5694,1,1,3,113
1172272,127,2,1800,1,1,1,111
1172288,124,1,4197,1,1,2,112
1172291,117,1,461,1,1,1,111
1172311,135,1,8174,1,1,3,113
1172388,113,1,14685,1,1,5,115
1172583,126,1,2916,1,1,2,112
1172695,39,1,9948,4,1,4,414
1172723,57,1,4852,4,1,3,413
1172832,18,2,1260,5,1,1,511
1172935,83,1,13623,3,1,4,314
1172980,87,4,20200,2,2,5,225
1173184,52,1,2726,4,1,2,412
1173192,74,1,618,3,1,1,311
1173255,91,2,9015,2,1,4,214
1173322,50,1,4345,4,1,2,412
1173362,118,1,3308,1,1,2,112
1173466,11,1,3681,5,1,2,512
1173572,96,1,6120,2,1,3,213
1174264,120,1,4723,1,1,3,113
1174308,86,1,1484,2,1,1,211
1174383,56,1,9800,4,1,4,414
1174600,113,2,19925,1,1,5,115
1174786,29,1,780,5,1,1,511
1174875,123,1,4336,1,1,2,112
1174876,116,1,6294,1,1,3,113
1174955,104,2,15469,2,1,5,215
1175111,7,2,7056,5,1,3,513
1175295,136,1,12210,1,1,4,114
1175322,45,1,4151,4,1,2,412
1175330,59,1,786,3,1,1,311
1175373,23,1,2148,5,1,1,511
1175423,93,1,5325,2,1,3,213
1175440,127,3,20640,1,2,5,125
1175636,80,1,2826,3,1,2,312
1175703,51,1,4528,4,1,2,412
1175740,122,1,11367,1,1,4,114
1175782,43,1,14835,4,1,5,415
1175856,60,1,1860,3,1,1,311
1175941,136,1,3006,1,1,2,112
1176032,57,1,3381,4,1,2,412
1176079,115,1,3580,1,1,2,112
1176366,50,1,14644,4,1,5,415
1176392,13,3,19062,5,2,5,525
1176490,127,1,12148,1,1,4,114
1176501,83,1,12177,3,1,4,314
1176550,135,2,5195,1,1,3,113
1176826,70,2,22790,3,1,5,315
1176865,93,1,8322,2,1,4,214
1176899,137,1,19780,1,1,5,115
1176924,44,1,10185,4,1,4,414
1177041,92,1,13020,2,1,4,214
1177212,78,1,10986,3,1,4,314
1177288,58,2,27463,4,1,5,415
1177519,99,1,536,2,1,1,211
1177596,59,1,3068,3,1,2,312
1177689,68,1,1086,3,1,1,311
1177847,60,1,12192,3,1,4,314
1178073,41,16,119149,4,2,5,425
1178082,117,1,13803,1,1,5,115
1178186,129,1,1432,1,1,1,111
1178290,28,2,10106,5,1,4,514
1178494,81,2,8069,3,1,3,313
1178506,64,1,7736,3,1,3,313
1179005,53,14,88012,4,2,5,425
1179018,128,1,19244,1,1,5,115
1179141,135,2,3360,1,1,2,112
1179152,19,1,8956,5,1,4,514
1179262,129,1,6700,1,1,3,113
1179331,15,2,11913,5,1,4,514
1179416,19,2,5408,5,1,3,513
1179500,134,1,987,1,1,1,111
1179650,7,1,630,5,1,1,511
1179782,50,1,10648,4,1,4,414
1180041,136,3,15656,1,2,5,125
1180110,90,1,8136,2,1,3,213
1180229,2,1,1670,5,1,1,511
1180266,135,1,4768,1,1,3,113
1180332,17,1,299,5,1,1,511
1180439,51,1,11583,4,1,4,414
1180731,24,1,12056,5,1,4,514
1180838,89,1,2484,2,1,2,212
1180950,73,1,17500,3,1,5,315
1181007,110,1,11196,2,1,4,214
1181200,111,1,220,2,1,1,211
1181206,137,2,17442,1,1,5,115
1181395,111,1,1784,2,1,1,211
1181406,32,3,6754,4,2,3,423
1181719,79,1,2906,3,1,2,312
1181848,29,2,17345,5,1,5,515
1182324,32,1,3330,4,1,2,412
1182649,92,1,7356,2,1,3,213
1182823,7,1,1959,5,1,1,511
1183087,4,2,4203,5,1,2,512
1183092,102,1,10863,2,1,4,214
1183199,66,1,3552,3,1,2,312
1183236,54,1,1347,4,1,1,411
1183250,31,1,7940,4,1,3,413
1183412,18,1,7401,5,1,3,513
1183536,44,1,839,4,1,1,411
1183717,59,1,2740,3,1,2,312
1183769,87,1,2210,2,1,1,211
1183770,42,2,7459,4,1,3,413
1183793,37,1,8865,4,1,4,414
1183796,71,1,11444,3,1,4,314
1183811,10,1,4658,5,1,3,513
1183850,71,1,2719,3,1,2,312
1183876,13,1,478,5,1,1,511
1183970,31,1,10413,4,1,4,414
1184189,126,1,641,1,1,1,111
1184275,86,1,15148,2,1,5,215
1184315,78,2,15698,3,1,5,315
1184363,84,1,8084,3,1,3,313
1184392,133,1,1679,1,1,1,111
1184428,116,2,9095,1,1,4,114
1184443,8,1,11991,5,1,4,514
1184602,64,1,12375,3,1,4,314
1184848,84,1,6045,3,1,3,313
1185078,88,1,855,2,1,1,211
1185234,102,6,22049,2,2,5,225
1185548,121,1,2668,1,1,2,112
1185744,130,1,11888,1,1,4,114
1185940,10,1,5844,5,1,3,513
1186185,31,1,4374,4,1,2,412
1186376,49,1,4054,4,1,2,412
1186389,101,1,16260,2,1,5,215
1186423,135,1,14052,1,1,5,115
1187034,32,1,9636,4,1,4,414
1187102,87,2,17935,2,1,5,215
1187124,85,1,8444,2,1,4,214
1187633,95,1,8700,2,1,4,214
1187718,45,1,5784,4,1,3,413
1187748,93,1,8630,2,1,4,214
1187853,51,1,6694,4,1,3,413
1187858,61,1,2232,3,1,1,311
1187986,27,4,31636,5,2,5,525
1187988,105,1,1983,2,1,1,211
1187998,30,1,10996,5,1,4,514
1188257,111,2,21594,2,1,5,215
1188331,45,1,13384,4,1,4,414
1188424,21,1,8740,5,1,4,514
1188496,129,1,28,1,1,1,111
1188952,23,4,34829,5,2,5,525
1188968,121,2,11864,1,1,4,114
1189000,115,1,3752,1,1,2,112
1189129,125,2,18016,1,1,5,115
1189297,22,1,12582,5,1,4,514
1189339,38,4,11538,4,2,4,424
1189458,23,1,1104,5,1,1,511
1189567,9,2,13460,5,1,4,514
1189599,67,1,5432,3,1,3,313
1189650,12,1,6548,5,1,3,513
1189783,77,1,12260,3,1,4,314
1189991,135,1,519,1,1,1,111
1190064,124,1,576,1,1,1,111
1190446,89,2,6547,2,1,3,213
1190478,59,1,4845,3,1,3,313
1190624,95,1,6098,2,1,3,213
1190733,93,1,1054,2,1,1,211
1190799,18,1,1664,5,1,1,511
1190835,136,1,10884,1,1,4,114
1190855,95,14,79878,2,2,5,225
1190861,84,1,6034,3,1,3,313
1191192,73,1,7284,3,1,3,313
1191301,123,1,8829,1,1,4,114
1191434,19,2,17940,5,1,5,515
1191809,124,2,882,1,1,1,111
1191828,99,1,3024,2,1,2,212
1191985,58,1,13905,4,1,5,415
1192181,123,1,4692,1,1,3,113
1192199,109,1,2364,2,1,2,212
1192236,62,1,8306,3,1,4,314
1192245,65,1,1430,3,1,1,311
1192524,25,1,3629,5,1,2,512
1192567,11,1,3833,5,1,2,512
1192580,44,1,9244,4,1,4,414
1193129,123,1,7144,1,1,3,113
1193534,26,1,5268,5,1,3,513
1193568,26,1,12672,5,1,4,514
1193588,111,3,28010,2,2,5,225
1193750,23,1,8182,5,1,3,513
1193771,138,2,8180,1,1,3,113
1193786,85,1,1274,2,1,1,211
1193899,136,1,1455,1,1,1,111
1193956,117,1,4514,1,1,2,112
1194230,49,1,4224,4,1,2,412
1194261,5,2,13044,5,1,4,514
1194295,51,1,4924,4,1,3,413
1194303,128,1,5682,1,1,3,113
1194376,14,1,9740,5,1,4,514
1194505,47,1,3512,4,1,2,412
1194554,14,1,1351,5,1,1,511
1194567,86,1,12932,2,1,4,214
1194654,11,2,12090,5,1,4,514
1195211,92,1,4264,2,1,2,212
1195388,125,1,1732,1,1,1,111
1195558,25,1,1867,5,1,1,511
1195643,16,1,1698,5,1,1,511
1195833,14,1,5268,5,1,3,513
1195928,24,1,3345,5,1,2,512
1195980,101,1,7806,2,1,3,213
1196160,13,1,208,5,1,1,511
1196189,86,1,18152,2,1,5,215
1196322,37,1,224,4,1,1,411
1196552,100,1,1082,2,1,1,211
1196616,98,1,12177,2,1,4,214
1196715,9,1,12568,5,1,4,514
1196748,53,1,17012,4,1,5,415
1196832,107,1,10404,2,1,4,214
1196942,88,1,5374,2,1,3,213
1197194,42,1,9256,4,1,4,414
1197341,81,1,17468,3,1,5,315
1197343,36,22,158418,4,2,5,425
1197479,13,1,2891,5,1,2,512
1197550,108,2,11126,2,1,4,214
1197629,25,1,2958,5,1,2,512
1197647,93,2,10806,2,1,4,214
1197809,66,3,22969,3,2,5,325
1197857,79,1,7804,3,1,3,313
1197875,87,1,5554,2,1,3,213
1198094,25,1,2004,5,1,1,511
1198289,47,1,5882,4,1,3,413
1198949,32,2,14986,4,1,5,415
1199061,123,1,5348,1,1,3,113
1199079,27,1,8823,5,1,4,514
1199094,31,1,2814,4,1,2,412
1199130,74,2,6348,3,1,3,313
1199182,1,1,618,5,1,1,511
1199268,50,1,460,4,1,1,411
1199413,64,1,4063,3,1,2,312
1199640,11,4,9423,5,2,4,524
1199945,79,1,16848,3,1,5,315
1200007,108,1,1724,2,1,1,211
1200257,10,2,9602,5,1,4,514
1200339,13,2,7598,5,1,3,513
1200508,18,1,3416,5,1,2,512
1200651,31,1,11298,4,1,4,414
1200726,63,2,6799,3,1,3,313
1201435,60,1,5212,3,1,3,313
1201458,29,1,8726,5,1,4,514
1201579,108,1,15152,2,1,5,215
1201694,6,1,6410,5,1,3,513
1202066,76,2,26093,3,1,5,315
1202094,95,1,8224,2,1,3,213
1202248,106,1,13304,2,1,4,214
1202318,128,1,6000,1,1,3,113
1202351,103,3,32666,2,2,5,225
1202511,91,2,1415,2,1,1,211
1202903,50,1,4218,4,1,2,412
1202977,53,1,4493,4,1,2,412
1203091,29,1,6692,5,1,3,513
1203145,80,1,4861,3,1,3,313
1203176,72,1,5002,3,1,3,313
1203225,55,1,2308,4,1,2,412
1203367,32,2,12120,4,1,4,414
1203461,16,1,3644,5,1,2,512
1203467,46,1,132,4,1,1,411
1203677,55,1,5380,4,1,3,413
1203683,95,1,2558,2,1,2,212
1203751,17,1,240,5,1,1,511
1203891,73,1,3214,3,1,2,312
1204011,30,2,23498,5,1,5,515
1204153,92,1,2982,2,1,2,212
1204265,14,1,1458,5,1,1,511
1204351,88,1,1088,2,1,1,211
1204368,42,1,8625,4,1,4,414
1204372,19,3,12355,5,2,4,524
1204493,129,1,1788,1,1,1,111
1204946,100,1,11013,2,1,4,214
1204969,103,1,4000,2,1,2,212
1205120,48,1,2139,4,1,1,411
1205233,74,3,25765,3,2,5,325
1205291,9,1,4522,5,1,2,512
1205376,32,1,8874,4,1,4,414
1205631,31,1,9666,4,1,4,414
1206028,94,1,2168,2,1,1,211
1206138,98,2,12445,2,1,4,214
1206306,19,1,7868,5,1,3,513
1206408,136,1,3393,1,1,2,112
1206421,49,1,12512,4,1,4,414
1206508,100,1,11456,2,1,4,214
1206600,59,1,5140,3,1,3,313
1206613,24,1,2593,5,1,2,512
1206788,138,1,4929,1,1,3,113
1206805,18,2,24678,5,1,5,515
1206877,29,2,20706,5,1,5,515
1206962,46,1,2094,4,1,1,411
1206963,7,4,22784,5,2,5,525
1207006,93,1,822,2,1,1,211
1207222,54,3,23100,4,2,5,425
1207232,21,1,11169,5,1,4,514
1207286,76,1,466,3,1,1,311
1207332,100,1,9924,2,1,4,214
1207439,9,1,3495,5,1,2,512
1207614,96,1,177,2,1,1,211
1207662,125,1,3815,1,1,2,112
1207835,80,2,13036,3,1,4,314
1207863,94,1,3837,2,1,2,212
1207981,106,1,6542,2,1,3,213
1208048,114,1,748,1,1,1,111
1208148,53,3,7652,4,2,3,423
1208219,74,1,2204,3,1,1,311
1208229,134,1,3806,1,1,2,112
1208486,20,1,1088,5,1,1,511
1208531,112,1,8052,1,1,3,113
1208747,138,1,3578,1,1,2,112
1208868,73,1,2122,3,1,1,311
1208957,100,1,5840,2,1,3,213
1209226,59,1,236,3,1,1,311
1209311,52,1,9951,4,1,4,414
1209444,103,1,2442,2,1,2,212
1209676,135,1,14916,1,1,5,115
1209685,25,1,1396,5,1,1,511
1209965,108,3,8181,2,2,3,223
1209995,73,2,10709,3,1,4,314
1210029,60,1,4626,3,1,2,312
1210136,18,13,53857,5,2,5,525
1210476,85,1,5325,2,1,3,213
1210592,127,1,756,1,1,1,111
1211071,102,1,12404,2,1,4,214
1211110,100,1,3372,2,1,2,212
1211344,41,1,887,4,1,1,411
1211623,77,1,6710,3,1,3,313
1211914,99,2,10412,2,1,4,214
1211924,40,1,9669,4,1,4,414
1212037,109,1,15828,2,1,5,215
1212041,112,1,5298,1,1,3,113
1212071,38,1,3074,4,1,2,412
1212080,67,1,10180,3,1,4,314
1212426,24,1,4088,5,1,2,512
1212549,35,1,2789,4,1,2,412
1212631,37,1,436,4,1,1,411
1212730,16,1,14367,5,1,5,515
1212999,102,24,173654,2,2,5,225
1213112,29,1,6900,5,1,3,513
1213114,106,2,8082,2,1,3,213
1213184,100,1,7251,2,1,3,213
1213250,33,1,4794,4,1,3,413
1213423,5,6,46178,5,2,5,525
1213456,124,1,534,1,1,1,111
1213458,35,2,2428,4,1,2,412
1213852,120,1,9952,1,1,4,114
1213853,93,1,4471,2,1,2,212
1213873,93,2,4571,2,1,2,212
1214074,42,1,3680,4,1,2,412
1214191,85,2,20340,2,1,5,215
1214320,62,1,2710,3,1,2,312
1214388,52,1,1084,4,1,1,411
1214394,22,1,17412,5,1,5,515
1214531,69,1,12048,3,1,4,314
1214715,32,1,9424,4,1,4,414
1214933,16,2,12449,5,1,4,514
1214988,49,3,21946,4,2,5,425
1215034,17,2,12696,5,1,4,514
1215171,37,1,692,4,1,1,411
1215257,63,1,2727,3,1,2,312
1215287,59,1,10532,3,1,4,314
1215406,58,1,4887,4,1,3,413
1215432,119,1,3631,1,1,2,112
1215681,24,1,4934,5,1,3,513
1216079,104,3,20056,2,2,5,225
1216153,17,1,1084,5,1,1,511
1216259,62,2,1290,3,1,1,311
1216705,51,4,29303,4,2,5,425
1216792,83,1,9630,3,1,4,314
1216971,97,1,9392,2,1,4,214
1217016,109,1,6744,2,1,3,213
1217291,36,1,8547,4,1,4,414
1217315,3,1,4934,5,1,3,513
1217330,38,1,468,4,1,1,411
1217536,129,1,13264,1,1,4,114
1217782,67,4,16875,3,2,5,325
1218140,24,1,9398,5,1,4,514
1218239,118,1,3266,1,1,2,112
1218480,38,2,21940,4,1,5,415
1218507,23,1,6216,5,1,3,513
1218508,18,1,957,5,1,1,511
1218647,58,1,350,4,1,1,411
1218905,108,1,1537,2,1,1,211
1218962,25,1,4029,5,1,2,512
1219089,137,1,822,1,1,1,111
1219147,72,1,15516,3,1,5,315
1219187,114,1,3966,1,1,2,112
1219216,65,1,16996,3,1,5,315
1219251,122,1,12390,1,1,4,114
1219276,43,1,4932,4,1,3,413
1219305,23,1,14082,5,1,5,515
1219361,124,1,3798,1,1,2,112
1219375,57,8,55857,4,2,5,425
1219448,2,1,2937,5,1,2,512
1219487,117,2,645,1,1,1,111
1219594,11,1,5394,5,1,3,513
1219635,102,1,2058,2,1,1,211
1219705,32,1,3340,4,1,2,412
1219882,49,2,13524,4,1,4,414
1220101,93,1,8493,2,1,4,214
1220196,24,1,1944,5,1,1,511
1220230,59,1,12220,3,1,4,314
1220368,128,1,2388,1,1,2,112
1220372,54,6,33932,4,2,5,425
1220381,118,2,4610,1,1,2,112
1220455,88,1,9172,2,1,4,214
1220556,97,2,7443,2,1,3,213
1220633,23,3,28840,5,2,5,525
1220741,51,1,4913,4,1,3,413
1220875,136,1,3819,1,1,2,112
1220942,124,1,6712,1,1,3,113
1221036,94,1,4419,2,1,2,212
1221063,50,1,8952,4,1,4,414
1221125,91,1,675,2,1,1,211
1221228,126,1,11337,1,1,4,114
1221273,74,1,1182,3,1,1,311
1221736,88,1,4974,2,1,3,213
1221828,66,2,8157,3,1,3,313
1221887,50,1,4144,4,1,2,412
1222464,86,1,15096,2,1,5,215
1222708,63,1,11790,3,1,4,314
1222828,122,1,2452,1,1,2,112
1222875,7,1,3531,5,1,2,512
1223007,36,2,3654,4,1,2,412
1223331,69,1,13972,3,1,5,315
1223450,53,1,3569,4,1,2,412
1223654,27,2,14294,5,1,5,515
1223705,45,1,8346,4,1,4,414
1223878,88,3,11438,2,2,4,224
1223981,97,1,1005,2,1,1,211
1224025,109,1,3701,2,1,2,212
1224104,67,1,15864,3,1,5,315
1224144,74,1,3564,3,1,2,312
1224155,8,1,1064,5,1,1,511
1224201,2,7,32896,5,2,5,525
1224226,71,1,698,3,1,1,311
1224323,70,1,3760,3,1,2,312
1224381,92,1,11668,2,1,4,214
1224500,94,1,9183,2,1,4,214
1224659,106,1,10401,2,1,4,214
1224670,115,1,10983,1,1,4,114
1224814,136,1,2964,1,1,2,112
1224966,136,1,18156,1,1,5,115
1225085,136,1,1152,1,1,1,111
1225435,71,4,24148,3,2,5,325
1225468,94,1,38,2,1,1,211
1225721,2,1,1355,5,1,1,511
1226063,131,1,6186,1,1,3,113
1226374,7,1,1964,5,1,1,511
1226691,93,1,8030,2,1,3,213
1226740,134,2,10684,1,1,4,114
1226883,80,1,11442,3,1,4,314
1227060,72,2,17313,3,1,5,315
1227097,91,1,3786,2,1,2,212
1227164,38,1,6954,4,1,3,413
1227440,123,1,8226,1,1,3,113
1227472,30,1,17476,5,1,5,515
1227583,138,1,1005,1,1,1,111
1227634,134,3,8576,1,2,4,124
1227712,56,3,6578,4,2,3,423
1227721,24,1,2737,5,1,2,512
1227768,130,1,1236,1,1,1,111
1227941,24,1,1604,5,1,1,511
1228166,31,1,5120,4,1,3,413
1228172,63,2,16992,3,1,5,315
1228310,63,1,10806,3,1,4,314
1228324,102,1,2022,2,1,1,211
1228413,126,1,491,1,1,1,111
1228414,109,1,2080,2,1,1,211
1228795,112,1,2640,1,1,2,112
1228883,86,1,3219,2,1,2,212
1229029,30,3,14190,5,2,5,525
1229254,38,1,3544,4,1,2,412
1229369,7,1,11992,5,1,4,514
1229430,73,1,2476,3,1,2,312
1229494,93,1,7856,2,1,3,213
1229650,42,1,5172,4,1,3,413
1229729,94,3,13412,2,2,4,224
1229806,94,1,4733,2,1,3,213
1229936,48,1,10400,4,1,4,414
1230022,71,1,9070,3,1,4,314
1230122,113,1,9206,1,1,4,114
1230189,15,1,1720,5,1,1,511
1230424,9,1,1416,5,1,1,511
1230504,58,1,4597,4,1,2,412
1230558,19,1,9610,5,1,4,514
1230652,13,1,11124,5,1,4,514
1230767,4,1,4213,5,1,2,512
1230976,74,1,2860,3,1,2,312
1230978,106,1,9218,2,1,4,214
1231186,45,1,7952,4,1,3,413
1231193,52,4,5252,4,2,3,423
1231446,65,1,2481,3,1,2,312
1231533,115,1,7892,1,1,3,113
1231909,70,1,6426,3,1,3,313
1232031,71,1,5142,3,1,3,313
1232231,110,1,14835,2,1,5,215
1232385,85,1,5586,2,1,3,213
1232441,46,2,11973,4,1,4,414
1232652,130,1,6522,1,1,3,113
1232720,121,1,6842,1,1,3,113
1232791,18,1,2239,5,1,1,511
1232884,38,1,3570,4,1,2,412
1232925,72,1,8576,3,1,4,314
1233001,88,1,6300,2,1,3,213
1233041,50,2,2779,4,1,2,412
1233088,70,1,6614,3,1,3,313
1233140,108,3,11044,2,2,4,224
1233201,73,1,18204,3,1,5,315
1233406,49,1,2122,4,1,1,411
1233483,127,2,8778,1,1,4,114
1233722,15,1,5478,5,1,3,513
1233931,109,1,14931,2,1,5,215
1233976,79,1,1266,3,1,1,311
1233979,93,4,35037,2,2,5,225
1234033,27,1,8460,5,1,4,514
1234052,112,1,9471,1,1,4,114
1234063,15,1,6327,5,1,3,513
1234095,100,1,4298,2,1,2,212
1234428,84,1,11457,3,1,4,314
1234499,102,1,3107,2,1,2,212
1234667,99,1,1122,2,1,1,211
1234997,134,2,8992,1,1,4,114
1235136,61,2,7122,3,1,3,313
1235152,113,2,15124,1,1,5,115
1235292,109,9,58562,2,2,5,225
1235294,23,1,2570,5,1,2,512
1235469,109,2,11529,2,1,4,214
1235609,57,1,19920,4,1,5,415
1236134,74,1,750,3,1,1,311
1236241,22,1,1156,5,1,1,511
1236376,100,1,3250,2,1,2,212
1236406,34,1,6216,4,1,3,413
1236547,72,1,1640,3,1,1,311
1236594,19,1,1864,5,1,1,511
1236721,90,1,2369,2,1,2,212
1236742,56,2,23701,4,1,5,415
1236753,109,6,81513,2,2,5,225
1237022,18,1,3730,5,1,2,512
1237111,40,2,10750,4,1,4,414
1237167,93,1,116,2,1,1,211
1237530,50,1,772,4,1,1,411
1237565,71,1,3102,3,1,2,312
1237629,46,1,2593,4,1,2,412
1237668,84,1,5394,3,1,3,313
1237694,72,1,3751,3,1,2,312
1237699,60,1,9459,3,1,4,314
1237790,4,1,4084,5,1,2,512
1238367,33,1,10428,4,1,4,414
1238550,125,1,2688,1,1,2,112
1238789,24,1,5097,5,1,3,513
1238791,58,4,12401,4,2,4,424
1238886,92,1,2750,2,1,2,212
1238931,46,1,11348,4,1,4,414
1238935,115,1,12180,1,1,4,114
1239003,118,1,13152,1,1,4,114
1239048,73,1,2075,3,1,1,311
1239490,82,1,221,3,1,1,311
1239575,100,1,5068,2,1,3,213
1239679,46,1,1488,4,1,1,411
1239747,92,1,13257,2,1,4,214
1239805,94,1,14928,2,1,5,215
1239823,135,1,202,1,1,1,111
1240133,130,1,3361,1,1,2,112
1240591,129,1,3678,1,1,2,112
1240704,21,1,8952,5,1,4,514
1240832,57,1,18796,4,1,5,415
1240849,95,1,8772,2,1,4,214
1240995,1,1,1107,5,1,1,511
1241183,3,1,11716,5,1,4,514
1241360,32,1,2792,4,1,2,412
1241378,128,1,7504,1,1,3,113
1241454,60,1,6448,3,1,3,313
1241565,18,1,7911,5,1,3,513
1241621,102,1,17096,2,1,5,215
1241716,41,1,606,4,1,1,411
1241829,53,1,7780,4,1,3,413
1241954,122,1,3729,1,1,2,112
1241973,13,1,16020,5,1,5,515
1242255,79,1,12474,3,1,4,314
1242328,46,1,12216,4,1,4,414
1242383,124,1,5700,1,1,3,113
1242777,109,1,2814,2,1,2,212
1242822,72,1,7796,3,1,3,313
1242825,111,1,12915,2,1,4,214
1242900,38,1,2980,4,1,2,412
1243048,34,2,12097,4,1,4,414
1243262,42,4,34075,4,2,5,425
1243437,42,1,14420,4,1,5,415
1243545,19,1,5118,5,1,3,513
1243613,85,1,19220,2,1,5,215
1243636,125,1,19636,1,1,5,115
1243764,125,2,18380,1,1,5,115
1243940,67,1,816,3,1,1,311
1243953,92,1,5942,2,1,3,213
1244048,107,1,2542,2,1,2,212
1244056,9,1,13533,5,1,4,514
1244177,79,1,7764,3,1,3,313
1244337,60,1,481,3,1,1,311
1244340,40,1,5350,4,1,3,413
1244487,96,1,708,2,1,1,211
1244501,97,1,2446,2,1,2,212
1244569,122,1,1782,1,1,1,111
1244638,80,2,4689,3,1,3,313
1244651,75,1,8958,3,1,4,314
1244696,25,1,2884,5,1,2,512
1244964,53,1,6782,4,1,3,413
1244998,17,1,3620,5,1,2,512
1245217,119,2,21240,1,1,5,115
1245257,104,1,2214,2,1,1,211
1245381,7,2,15750,5,1,5,515
1245659,102,1,14283,2,1,5,215
1245726,44,1,1888,4,1,1,411
1245733,42,1,4116,4,1,2,412
1245790,123,1,528,1,1,1,111
1245838,93,1,3990,2,1,2,212
1245863,31,1,6608,4,1,3,413
1246009,47,1,1674,4,1,1,411
1246259,51,1,1672,4,1,1,411
1246346,103,1,1917,2,1,1,211
1246369,26,1,8632,5,1,4,514
1246436,99,2,25221,2,1,5,215
1246441,101,1,4266,2,1,2,212
1246703,33,1,8259,4,1,3,413
1246731,110,1,14274,2,1,5,215
1246769,25,1,7236,5,1,3,513
1246823,32,5,18590,4,2,5,425
1247053,122,1,12480,1,1,4,114
1247378,10,1,519,5,1,1,511
1247427,125,1,5200,1,1,3,113
1247679,105,1,207,2,1,1,211
1247686,128,1,5020,1,1,3,113
1247721,137,1,866,1,1,1,111
1247882,113,1,11020,1,1,4,114
1247894,123,3,15664,1,2,5,125
1247958,74,1,3040,3,1,2,312
1248438,19,2,11556,5,1,4,514
1248614,32,1,8754,4,1,4,414
1248740,86,1,2157,2,1,1,211
1248762,67,1,1243,3,1,1,311
1248805,73,5,9624,3,2,4,324
1248817,70,1,1651,3,1,1,311
1248943,60,2,21360,3,1,5,315
1248989,25,3,41773,5,2,5,525
1249058,109,2,2730,2,1,2,212
1249088,54,1,11433,4,1,4,414
1249201,102,1,1368,2,1,1,211
1249220,7,1,588,5,1,1,511
1249272,30,1,2347,5,1,2,512
1249422,92,2,2519,2,1,2,212
1249442,128,1,2102,1,1,1,111
1249456,48,1,4164,4,1,2,412
1250217,4,1,5010,5,1,3,513
1250237,75,1,13500,3,1,4,314
1250316,86,2,13848,2,1,5,215
1250332,79,1,4828,3,1,3,313
1250550,125,1,728,1,1,1,111
1250902,81,2,12086,3,1,4,314
1251116,137,1,7828,1,1,3,113
1251265,126,1,1668,1,1,1,111
1251411,96,1,10176,2,1,4,214
1251426,127,1,8132,1,1,3,113
1251642,57,1,12724,4,1,4,414
1251749,87,1,10410,2,1,4,214
1251841,65,1,7401,3,1,3,313
1251848,86,1,1858,2,1,1,211
1251920,18,1,836,5,1,1,511
1251955,131,1,360,1,1,1,111
1252037,65,1,2320,3,1,2,312
1252079,29,1,2814,5,1,2,512
1252195,107,1,11880,2,1,4,214
1252293,56,1,10992,4,1,4,414
1252394,133,1,1433,1,1,1,111
1252549,10,1,1561,5,1,1,511
1252556,67,1,6810,3,1,3,313
1252634,125,1,3628,1,1,2,112
1252646,29,1,6932,5,1,3,513
1252850,109,1,3070,2,1,2,212
1252924,128,1,618,1,1,1,111
1253728,94,3,17023,2,2,5,225
1253754,84,1,4456,3,1,2,312
1253966,49,1,13524,4,1,4,414
1254278,44,2,8152,4,1,3,413
1254379,44,6,40093,4,2,5,425
1254385,114,1,7923,1,1,3,113
1254634,4,1,8638,5,1,4,514
1254716,106,8,40827,2,2,5,225
1254717,19,1,3622,5,1,2,512
1254731,93,1,13464,2,1,4,214
1254756,51,1,3264,4,1,2,412
1254762,59,1,1620,3,1,1,311
1254842,40,1,772,4,1,1,411
1254846,52,4,31238,4,2,5,425
1254921,128,1,1560,1,1,1,111
1255071,100,1,4878,2,1,3,213
1255141,69,1,5754,3,1,3,313
1255260,5,1,442,5,1,1,511
1255316,30,1,408,5,1,1,511
1255322,74,1,11792,3,1,4,314
1255456,73,15,65100,3,2,5,325
1255495,25,1,3992,5,1,2,512
1255510,109,1,4417,2,1,2,212
1255688,43,2,21614,4,1,5,415
1255725,128,1,1152,1,1,1,111
1255801,5,3,30597,5,2,5,525
1255826,82,2,13880,3,1,5,315
1255923,121,1,1467,1,1,1,111
1255925,28,1,2590,5,1,2,512
1255966,42,1,8184,4,1,3,413
1256020,110,2,9395,2,1,4,214
1256029,136,1,12561,1,1,4,114
1256074,80,1,2042,3,1,1,311
1256293,37,4,26608,4,2,5,425
1256475,88,1,6448,2,1,3,213
1256617,78,1,9252,3,1,4,314
1256683,50,2,12507,4,1,4,414
1256880,9,1,6284,5,1,3,513
1256916,3,1,11079,5,1,4,514
1256988,129,1,14022,1,1,5,115
1257331,88,1,2418,2,1,2,212
1257461,10,1,3878,5,1,2,512
1257598,118,2,485,1,1,1,111
1257751,107,1,1242,2,1,1,211
1257991,16,1,5550,5,1,3,513
1258035,32,2,7902,4,1,3,413
1258125,98,1,3629,2,1,2,212
1258453,122,2,25464,1,1,5,115
1258617,49,1,12513,4,1,4,414
1258744,87,1,7872,2,1,3,213
1258857,19,1,3644,5,1,2,512
1258888,56,1,4241,4,1,2,412
1258911,73,1,13533,3,1,4,314
1258928,100,6,47198,2,2,5,225
1259051,119,1,14696,1,1,5,115
1259062,51,5,18410,4,2,5,425
1259098,106,1,4934,2,1,3,213
1259331,30,1,1008,5,1,1,511
1259402,7,2,6758,5,1,3,513
1259476,110,1,3896,2,1,2,212
1259588,114,1,4827,1,1,3,113
1259989,62,1,10053,3,1,4,314
1260012,41,1,10456,4,1,4,414
1260071,74,1,2241,3,1,1,311
1260190,129,1,1364,1,1,1,111
1260275,37,1,4574,4,1,2,412
1260396,87,1,14739,2,1,5,215
1260447,88,1,11268,2,1,4,214
1260481,64,4,38604,3,2,5,325
1260804,61,1,2655,3,1,2,312
1261090,81,1,5884,3,1,3,313
1261200,86,1,450,2,1,1,211
1261449,123,1,3816,1,1,2,112
1261536,125,1,4945,1,1,3,113
1261557,135,5,19711,1,2,5,125
1261991,113,2,17520,1,1,5,115
1262053,116,1,3460,1,1,2,112
1262190,67,3,5671,3,2,3,323
1262257,67,2,9209,3,1,4,314
1262299,66,1,6840,3,1,3,313
1262351,137,1,309,1,1,1,111
1262804,9,2,15752,5,1,5,515
1263060,13,1,2892,5,1,2,512
1263146,2,1,9668,5,1,4,514
1263358,2,1,7920,5,1,3,513
1263427,53,1,325,4,1,1,411
1263541,24,1,10380,5,1,4,514
1263731,3,3,21607,5,2,5,525
1263757,18,1,2239,5,1,1,511
1263797,136,1,200,1,1,1,111
1263954,105,1,2488,2,1,2,212
1263992,94,1,4995,2,1,3,213
1264026,124,1,8104,1,1,3,113
1264132,58,1,896,4,1,1,411
1264213,93,1,9092,2,1,4,214
1264264,116,1,11145,1,1,4,114
1264334,31,1,26,4,1,1,411
1264440,17,1,13503,5,1,4,514
1264468,110,2,19950,2,1,5,215
1264709,85,1,6228,2,1,3,213
1264860,136,2,24776,1,1,5,115
1265054,31,1,5010,4,1,3,413
1265107,133,1,14247,1,1,5,115
1265288,6,3,7946,5,2,3,523
1265323,2,1,3224,5,1,2,512
1265333,11,2,14719,5,1,5,515
1265536,46,1,7732,4,1,3,413
1265599,29,3,5986,5,2,3,523
1265602,90,1,8108,2,1,3,213
1265615,67,1,3804,3,1,2,312
1265730,51,4,12710,4,2,4,424
1265850,102,1,342,2,1,1,211
1266017,93,1,8062,2,1,3,213
1266096,84,1,8764,3,1,4,314
1266370,99,1,200,2,1,1,211
1266427,18,3,26998,5,2,5,525
1266599,56,2,4762,4,1,3,413
1266679,114,1,1495,1,1,1,111
1266838,3,1,14972,5,1,5,515
1267084,43,1,3008,4,1,2,412
1267546,80,2,20328,3,1,5,315
1267748,53,1,6692,4,1,3,413
1267759,119,1,8902,1,1,4,114
1267997,107,1,5367,2,1,3,213
1268175,95,1,11548,2,1,4,214
1268562,28,1,10572,5,1,4,514
1268600,58,1,5168,4,1,3,413
1268742,77,1,5871,3,1,3,313
1268760,92,1,903,2,1,1,211
1269056,92,1,7914,2,1,3,213
1269087,64,1,9590,3,1,4,314
1269166,51,1,471,4,1,1,411
1269591,137,1,4660,1,1,3,113
1269642,137,1,10968,1,1,4,114
1269683,93,1,17464,2,1,5,215
1269725,44,1,9578,4,1,4,414
1269788,30,1,3158,5,1,2,512
1269810,44,1,4779,4,1,3,413
1270093,79,1,4787,3,1,3,313
1270116,15,1,3868,5,1,2,512
1270129,9,1,8532,5,1,4,514
1270193,98,2,7020,2,1,3,213
1270266,19,1,434,5,1,1,511
1270480,86,1,1268,2,1,1,211
1270574,105,1,4033,2,1,2,212
1270624,107,1,6440,2,1,3,213
1270729,75,1,1892,3,1,1,311
1270912,53,1,414,4,1,1,411
1271021,63,1,6876,3,1,3,313
1271092,44,1,16396,4,1,5,415
1271132,134,1,14325,1,1,5,115
1271174,30,4,13968,5,2,5,525
1271212,22,1,19548,5,1,5,515
1271388,137,1,855,1,1,1,111
1271652,123,2,1890,1,1,1,111
1271671,58,1,6466,4,1,3,413
1271695,110,1,4326,2,1,2,212
1271835,4,1,2518,5,1,2,512
1271844,4,1,2545,5,1,2,512
1271881,72,1,9854,3,1,4,314
1272002,56,2,2951,4,1,2,412
1272407,132,6,21729,1,2,5,125
1272503,28,1,2971,5,1,2,512
1272533,14,1,4495,5,1,2,512
1272551,87,1,8384,2,1,4,214
1272795,118,2,27273,1,1,5,115
1272843,21,1,2964,5,1,2,512
1273126,86,1,6764,2,1,3,213
1273193,121,1,14964,1,1,5,115
1273262,60,1,10964,3,1,4,314
1273306,51,5,20201,4,2,5,425
1273329,88,1,2256,2,1,1,211
1273397,97,1,19936,2,1,5,215
1273401,112,2,1625,1,1,1,111
1273697,50,1,6124,4,1,3,413
1273771,3,1,4356,5,1,2,512
1273910,127,1,16936,1,1,5,115
1274040,95,1,10612,2,1,4,214
1274063,108,1,1767,2,1,1,211
1274085,68,1,14892,3,1,5,315
1274251,57,1,7299,4,1,3,413
1274293,67,1,927,3,1,1,311
1274320,25,1,4824,5,1,3,513
1274321,57,1,13653,4,1,5,415
1274505,51,2,13300,4,1,4,414
1274507,102,1,2104,2,1,1,211
1274778,62,1,504,3,1,1,311
1274947,136,2,20736,1,1,5,115
1275371,90,1,10509,2,1,4,214
1275484,73,1,15668,3,1,5,315
1275487,4,1,4711,5,1,3,513
1275590,7,1,615,5,1,1,511
1275725,51,1,633,4,1,1,411
1276055,84,1,1712,3,1,1,311
1276175,113,1,540,1,1,1,111
1276260,28,1,2387,5,1,2,512
1276300,82,1,19808,3,1,5,315
1276315,94,1,4772,2,1,3,213
1276445,57,1,4532,4,1,2,412
1276539,21,1,7944,5,1,3,513
1276579,130,1,436,1,1,1,111
1276617,38,1,8126,4,1,3,413
1276648,24,1,3250,5,1,2,512
1276807,99,1,1215,2,1,1,211
1276854,84,2,9202,3,1,4,314
1277072,126,1,4502,1,1,2,112
1277142,15,2,21963,5,1,5,515
1277580,67,1,11272,3,1,4,314
1277643,93,1,13312,2,1,4,214
1277748,59,1,2205,3,1,1,311
1277783,105,1,4209,2,1,2,212
1277956,72,1,5475,3,1,3,313
1277987,113,3,9250,1,2,4,124
1277990,42,1,2264,4,1,1,411
1278009,23,1,12004,5,1,4,514
1278185,119,1,1877,1,1,1,111
1278398,114,1,6624,1,1,3,113
1278459,31,1,319,4,1,1,411
1278460,25,1,952,5,1,1,511
1278635,17,1,4833,5,1,3,513
1278686,93,1,6636,2,1,3,213
1278874,48,1,12316,4,1,4,414
1279042,137,1,3464,1,1,2,112
1279171,55,3,26348,4,2,5,425
1279275,54,8,55546,4,2,5,425
1279465,29,1,996,5,1,1,511
1279582,54,2,5508,4,1,3,413
1279737,63,2,7023,3,1,3,313
1279799,73,1,5373,3,1,3,313
1279866,61,1,3786,3,1,2,312
1279985,95,1,1877,2,1,1,211
1280004,51,1,18100,4,1,5,415
1280456,11,1,1946,5,1,1,511
1280613,107,1,2060,2,1,1,211
1281043,10,3,16591,5,2,5,525
1281052,52,3,7585,4,2,3,423
1281293,52,2,15825,4,1,5,415
1281324,88,1,6870,2,1,3,213
1281446,108,2,2880,2,1,2,212
1281566,26,1,756,5,1,1,511
1281624,135,1,4054,1,1,2,112
1281645,114,1,7296,1,1,3,113
1281851,72,1,3288,3,1,2,312
1282058,64,1,6900,3,1,3,313
1282091,30,1,1189,5,1,1,511
1282205,138,1,49,1,1,1,111
1282441,85,1,11406,2,1,4,214
1282648,126,2,10710,1,1,4,114
1282656,73,2,11054,3,1,4,314
1282744,15,1,5350,5,1,3,513
1282815,120,1,1564,1,1,1,111
1282824,126,1,7404,1,1,3,113
1282868,135,1,1776,1,1,1,111
1282976,126,1,13008,1,1,4,114
1283301,52,3,14836,4,2,5,425
1283513,83,1,9904,3,1,4,314
1283523,9,1,2880,5,1,2,512
1283589,53,2,8420,4,1,4,414
1283751,67,1,3697,3,1,2,312
1283849,8,3,16257,5,2,5,525
1283916,23,1,4612,5,1,2,512
1283922,22,4,20672,5,2,5,525
1284067,128,2,8025,1,1,3,113
1284340,99,6,24851,2,2,5,225
1284823,19,1,9351,5,1,4,514
1285092,99,1,4590,2,1,2,212
1285176,86,1,11526,2,1,4,214
1285472,55,1,92,4,1,1,411
1285763,108,1,11320,2,1,4,214
1285800,124,2,19766,1,1,5,115
1285802,5,1,2022,5,1,1,511
1285810,11,1,5590,5,1,3,513
1286040,133,1,13917,1,1,5,115
1286090,38,1,5142,4,1,3,413
1286355,25,2,9956,5,1,4,514
1286525,44,1,7032,4,1,3,413
1286722,74,1,2384,3,1,2,312
1286827,104,1,6122,2,1,3,213
1286960,23,1,9212,5,1,4,514
1287087,3,1,1065,5,1,1,511
1287192,102,1,2750,2,1,2,212
1287568,32,1,3592,4,1,2,412
1287579,32,1,382,4,1,1,411
1287670,93,3,19376,2,2,5,225
1287798,84,1,386,3,1,1,311
1287860,48,2,6477,4,1,3,413
1288024,116,2,17102,1,1,5,115
1288048,58,1,9165,4,1,4,414
1288067,88,1,136,2,1,1,211
1288102,31,1,8456,4,1,4,414
1288137,138,1,2970,1,1,2,112
1288354,127,1,1068,1,1,1,111
1288368,110,1,4828,2,1,3,213
1288378,133,1,886,1,1,1,111
1288545,67,1,770,3,1,1,311
1288576,95,1,428,2,1,1,211
1288706,129,1,1320,1,1,1,111
1288717,35,1,5751,4,1,3,413
1288724,44,1,5244,4,1,3,413
1288872,49,2,22423,4,1,5,415
1288957,67,2,15597,3,1,5,315
1289081,9,1,16380,5,1,5,515
1289569,38,3,22412,4,2,5,425
1289841,44,1,433,4,1,1,411
1290069,105,1,4461,2,1,2,212
1290200,80,1,3570,3,1,2,312
1290336,14,1,8408,5,1,4,514
1290558,125,4,18469,1,2,5,125
1290573,26,1,10008,5,1,4,514
1290672,51,1,14804,4,1,5,415
1290796,64,2,1802,3,1,1,311
1290967,11,1,10719,5,1,4,514
1291013,131,1,6591,1,1,3,113
1291031,29,2,16736,5,1,5,515
1291043,81,1,3480,3,1,2,312
1291319,35,1,9256,4,1,4,414
1291791,85,1,9712,2,1,4,214
1291803,109,1,3174,2,1,2,212
1291892,137,1,14919,1,1,5,115
1292053,111,1,6132,2,1,3,213
1292125,124,1,124,1,1,1,111
1292316,92,1,12400,2,1,4,214
1292444,95,1,3972,2,1,2,212
1292449,56,1,7479,4,1,3,413
1292703,137,1,7950,1,1,3,113
1292722,127,1,3888,1,1,2,112
1292947,54,6,51852,4,2,5,425
1293015,27,1,3021,5,1,2,512
1293141,45,1,2628,4,1,2,412
1293259,56,1,7920,4,1,3,413
1293285,95,1,2890,2,1,2,212
1293358,45,62,321980,4,2,5,425
1293368,1,1,3388,5,1,2,512
1293619,55,1,2364,4,1,2,412
1293754,7,1,2019,5,1,1,511
1294186,95,1,19500,2,1,5,215
1294231,78,1,4909,3,1,3,313
1294402,10,1,2369,5,1,2,512
1294599,52,1,11788,4,1,4,414
1294601,69,1,3116,3,1,2,312
1294769,9,1,16700,5,1,5,515
1294899,18,1,5595,5,1,3,513
1295021,55,1,11928,4,1,4,414
1295047,131,1,316,1,1,1,111
1295114,120,1,432,1,1,1,111
1295178,92,2,5265,2,1,3,213
1295179,21,1,8638,5,1,4,514
1295240,103,1,11100,2,1,4,214
1295414,52,1,10508,4,1,4,414
1295664,113,1,1937,1,1,1,111
1295687,65,1,8868,3,1,4,314
1295811,30,3,20611,5,2,5,525
1296018,136,1,5198,1,1,3,113
1296257,94,1,12824,2,1,4,214
1296388,49,1,4131,4,1,2,412
1296486,67,2,25728,3,1,5,315
1296635,23,7,70964,5,2,5,525
1296680,81,1,3674,3,1,2,312
1296732,24,1,1985,5,1,1,511
1296733,65,1,14284,3,1,5,315
1296786,100,1,6510,2,1,3,213
1297062,46,136,796166,4,2,5,425
1297168,48,1,7059,4,1,3,413
1297334,47,1,9800,4,1,4,414
1297469,88,1,3287,2,1,2,212
1297538,122,1,4331,1,1,2,112
1297821,107,1,8208,2,1,3,213
1297940,113,1,7311,1,1,3,113
1297960,31,1,11874,4,1,4,414
1298137,35,1,15996,4,1,5,415
1298376,124,1,10395,1,1,4,114
1298462,0,1,3392,5,1,2,512
1298514,129,1,7632,1,1,3,113
1298723,53,1,5028,4,1,3,413
1298797,134,1,17192,1,1,5,115
1298962,24,1,4593,5,1,2,512
1299034,8,1,11022,5,1,4,514
1299065,125,1,2540,1,1,2,112
1299250,108,1,705,2,1,1,211
1299406,15,1,10860,5,1,4,514
1299506,126,6,19493,1,2,5,125
1299749,56,1,5919,4,1,3,413
1299951,101,1,3148,2,1,2,212
1300098,126,2,2400,1,1,2,112
1300254,35,1,14028,4,1,5,415
1300280,63,1,8276,3,1,3,313
1300297,76,2,6384,3,1,3,313
1300499,51,1,7146,4,1,3,413
1300763,92,1,1421,2,1,1,211
1300863,80,1,3406,3,1,2,312
1300964,119,1,337,1,1,1,111
1301173,66,3,23093,3,2,5,325
1301225,87,1,15800,2,1,5,215
1301279,39,2,25613,4,1,5,415
1301468,15,3,6567,5,2,3,523
1301479,66,1,12072,3,1,4,314
1301567,113,2,14244,1,1,5,115
1301585,32,1,4695,4,1,3,413
1301975,135,1,10260,1,1,4,114
1302059,125,1,3323,1,1,2,112
1302271,53,3,22668,4,2,5,425
1302281,66,2,25976,3,1,5,315
1302340,46,1,2593,4,1,2,412
1302398,125,1,2336,1,1,2,112
1302590,83,1,1948,3,1,1,311
1302613,131,2,10054,1,1,4,114
1302668,79,1,3810,3,1,2,312
1303183,6,1,9386,5,1,4,514
1303260,135,1,5871,1,1,3,113
1303368,72,1,5202,3,1,3,313
1303541,11,1,3768,5,1,2,512
1303691,20,1,3742,5,1,2,512
1303858,100,2,19505,2,1,5,215
1303988,118,1,7736,1,1,3,113
1304026,67,3,25809,3,2,5,325
1304200,14,1,8716,5,1,4,514
1304217,60,1,382,3,1,1,311
1304307,86,1,1796,2,1,1,211
1304526,71,1,2562,3,1,2,312
1304736,106,1,1004,2,1,1,211
1304759,61,1,1084,3,1,1,311
1305292,72,1,12844,3,1,4,314
1305317,60,2,6780,3,1,3,313
1305593,90,1,8140,2,1,3,213
1305792,80,1,12320,3,1,4,314
1305818,11,1,5952,5,1,3,513
1305841,135,1,150,1,1,1,111
1305875,46,1,3203,4,1,2,412
1305891,52,2,13285,4,1,4,414
1305909,96,1,6128,2,1,3,213
1305946,79,1,3758,3,1,2,312
1306125,101,1,1784,2,1,1,211
1306236,53,1,2468,4,1,2,412
1306335,57,1,4078,4,1,2,412
1306369,60,1,3322,3,1,2,312
1306382,34,3,19422,4,2,5,425
1306387,19,1,12852,5,1,4,514
1306457,102,1,3448,2,1,2,212
1306949,132,1,8552,1,1,4,114
1307016,23,1,4069,5,1,2,512
1307202,109,1,3473,2,1,2,212
1307312,130,1,2072,1,1,1,111
1307375,44,2,20936,4,1,5,415
1307466,130,4,13255,1,2,4,124
1307498,62,4,57608,3,2,5,325
1307524,33,1,19824,4,1,5,415
1307619,4,1,6345,5,1,3,513
1307620,58,1,1568,4,1,1,411
1307687,52,2,14684,4,1,5,415
1307741,121,1,12456,1,1,4,114
1307815,5,1,2415,5,1,2,512
1307820,35,1,308,4,1,1,411
1307990,72,1,3942,3,1,2,312
1308171,73,2,21791,3,1,5,315
1308333,51,2,7835,4,1,3,413
1308455,107,1,3580,2,1,2,212
1308517,11,1,15412,5,1,5,515
1308653,58,1,1993,4,1,1,411
1308708,95,1,870,2,1,1,211
1308709,32,1,11592,4,1,4,414
1308761,99,1,7173,2,1,3,213
1308763,45,2,10798,4,1,4,414
1308813,78,2,13712,3,1,5,315
1308898,38,1,13725,4,1,5,415
1309268,84,1,6120,3,1,3,313
1309276,56,1,4496,4,1,2,412
1309591,73,10,48495,3,2,5,325
1309705,93,1,8520,2,1,4,214
1310033,47,5,29279,4,2,5,425
1310105,9,1,1632,5,1,1,511
1310119,21,1,579,5,1,1,511
1310463,8,1,838,5,1,1,511
1310502,134,2,7019,1,1,3,113
1310560,128,1,3542,1,1,2,112
1310978,126,1,9072,1,1,4,114
1311022,135,1,38,1,1,1,111
1311118,96,1,7920,2,1,3,213
1311266,134,1,12843,1,1,4,114
1311579,94,4,13070,2,2,4,224
1311615,124,2,3917,1,1,2,112
1311623,6,1,16380,5,1,5,515
1311647,31,1,14235,4,1,5,415
1311725,30,1,5876,5,1,3,513
1311727,77,2,8965,3,1,4,314
1311741,103,1,8607,2,1,4,214
1311802,89,1,11628,2,1,4,214
1311900,52,2,1084,4,1,1,411
1311937,11,1,13300,5,1,4,514
1312018,91,1,626,2,1,1,211
1312247,22,1,4711,5,1,3,513
1312434,112,1,6476,1,1,3,113
1312527,3,1,19320,5,1,5,515
1312556,52,1,9816,4,1,4,414
1312927,20,1,1185,5,1,1,511
1312942,9,1,4314,5,1,2,512
1313071,25,1,3340,5,1,2,512
1313304,94,2,16736,2,1,5,215
1313330,84,2,23514,3,1,5,315
1313374,71,1,4344,3,1,2,312
1313381,17,6,24940,5,2,5,525
1313473,32,3,23321,4,2,5,425
1313638,42,1,2853,4,1,2,412
1313950,105,1,11436,2,1,4,214
1313980,69,4,17991,3,2,5,325
1314032,108,1,3197,2,1,2,212
1314233,136,1,13112,1,1,4,114
1314472,113,1,7240,1,1,3,113
1314820,80,2,4940,3,1,3,313
1314856,103,1,5124,2,1,3,213
1314950,60,1,10437,3,1,4,314
1314979,96,1,1089,2,1,1,211
1315056,43,1,582,4,1,1,411
1315100,2,1,11016,5,1,4,514
1315102,129,1,386,1,1,1,111
1315273,11,1,1146,5,1,1,511
1315376,11,1,3663,5,1,2,512
1315473,53,1,15752,4,1,5,415
1315702,8,1,930,5,1,1,511
1316038,125,1,3692,1,1,2,112
1316061,78,3,8606,3,2,4,324
1316130,87,1,129,2,1,1,211
1316174,67,1,3701,3,1,2,312
1316274,105,1,14748,2,1,5,215
1316368,126,3,17329,1,2,5,125
1316429,49,1,5260,4,1,3,413
1316484,50,1,10569,4,1,4,414
1316555,90,1,684,2,1,1,211
1316765,21,1,7240,5,1,3,513
1317003,135,1,5236,1,1,3,113
1317031,88,1,831,2,1,1,211
1317048,98,2,1722,2,1,1,211
1317103,106,2,2134,2,1,1,211
1317180,58,1,6735,4,1,3,413
1317218,67,1,772,3,1,1,311
1317254,22,1,304,5,1,1,511
1317418,79,1,6369,3,1,3,313
1317721,106,4,35194,2,2,5,225
1317771,85,1,15320,2,1,5,215
1317826,101,1,12072,2,1,4,214
1318049,44,1,6284,4,1,3,413
1318053,33,1,324,4,1,1,411
1318154,129,1,16324,1,1,5,115
1318167,18,3,26659,5,2,5,525
1318195,125,1,2728,1,1,2,112
1318304,47,1,1098,4,1,1,411
1318306,76,1,4116,3,1,2,312
1318309,63,1,17676,3,1,5,315
1318394,108,2,1473,2,1,1,211
1318401,8,1,1279,5,1,1,511
1318447,59,2,19020,3,1,5,315
1318649,68,1,5946,3,1,3,313
1319044,53,1,2397,4,1,2,412
1319233,11,1,4914,5,1,3,513
1319444,14,1,2736,5,1,2,512
1319584,51,3,20856,4,2,5,425
1319777,58,1,4612,4,1,2,412
1319843,121,1,2032,1,1,1,111
1319884,21,1,8472,5,1,4,514
1320211,90,4,25776,2,2,5,225
1320216,123,1,5100,1,1,3,113
1320249,88,1,3392,2,1,2,212
1320394,37,1,14715,4,1,5,415
1320417,45,1,1240,4,1,1,411
1320501,134,1,9890,1,1,4,114
1320564,102,1,3517,2,1,2,212
1320646,11,1,16996,5,1,5,515
1320689,51,2,638,4,1,1,411
1320730,99,1,3417,2,1,2,212
1320960,126,4,21484,1,2,5,125
1320985,66,1,9363,3,1,4,314
1321212,77,1,15396,3,1,5,315
1321718,128,1,3190,1,1,2,112
1321824,92,1,9562,2,1,4,214
1321887,3,1,1499,5,1,1,511
1322042,66,1,2194,3,1,1,311
1322168,104,1,4434,2,1,2,212
1322322,90,1,1332,2,1,1,211
1322398,124,1,751,1,1,1,111
1322470,130,1,5130,1,1,3,113
1322520,75,2,14161,3,1,5,315
1322599,94,2,20808,2,1,5,215
1322637,47,1,2628,4,1,2,412
1322674,21,1,8150,5,1,3,513
1322770,133,1,118,1,1,1,111
1322788,88,1,16248,2,1,5,215
1322865,107,1,12609,2,1,4,214
1322909,26,2,19013,5,1,5,515
1323099,32,1,12484,4,1,4,414
1323154,31,3,15270,4,2,5,425
1323187,38,1,5984,4,1,3,413
1323354,81,1,360,3,1,1,311
1323498,40,1,4934,4,1,3,413
1323594,116,1,9508,1,1,4,114
1323783,130,1,1244,1,1,1,111
1323794,65,1,8896,3,1,4,314
1323880,20,2,7138,5,1,3,513
1323890,119,1,15508,1,1,5,115
1324121,48,1,992,4,1,1,411
1324157,4,1,3055,5,1,2,512
1324500,65,1,5056,3,1,3,313
1324552,122,1,4176,1,1,2,112
1324606,129,1,3151,1,1,2,112
1324670,68,2,13117,3,1,4,314
1324707,54,1,16980,4,1,5,415
1324810,71,1,6728,3,1,3,313
1324948,38,1,3898,4,1,2,412
1325114,101,1,164,2,1,1,211
1325162,19,1,1852,5,1,1,511
1325176,83,1,18716,3,1,5,315
1325281,119,1,1474,1,1,1,111
1325283,132,1,480,1,1,1,111
1325569,137,1,8394,1,1,4,114
1326010,14,1,6339,5,1,3,513
1326042,51,2,19752,4,1,5,415
1326080,115,1,10914,1,1,4,114
1326089,67,1,17684,3,1,5,315
1326335,17,1,6330,5,1,3,513
1326554,20,1,1192,5,1,1,511
1326781,122,1,1408,1,1,1,111
1326801,113,1,1324,1,1,1,111
1326870,76,1,12399,3,1,4,314
1326956,95,1,7096,2,1,3,213
1326987,136,1,13296,1,1,4,114
1327003,35,1,1606,4,1,1,411
1327109,3,3,15453,5,2,5,525
1327215,121,2,6023,1,1,3,113
1327477,26,2,12180,5,1,4,514
1327559,9,1,260,5,1,1,511
1327578,53,1,1676,4,1,1,411
1327760,126,1,7518,1,1,3,113
1327826,3,1,11031,5,1,4,514
1327842,123,1,15252,1,1,5,115
1327847,60,1,17780,3,1,5,315
1327853,59,1,17080,3,1,5,315
1328192,83,1,531,3,1,1,311
1328266,122,1,4938,1,1,3,113
1328532,50,1,14553,4,1,5,415
1328538,60,1,4934,3,1,3,313
1328780,84,1,2214,3,1,1,311
1328944,127,1,19124,1,1,5,115
1328985,66,3,10821,3,2,4,324
1329074,115,1,2093,1,1,1,111
1329108,32,1,4860,4,1,3,413
1329147,85,1,1716,2,1,1,211
1329289,1,1,11160,5,1,4,514
1329376,118,2,12767,1,1,4,114
1329391,15,6,46443,5,2,5,525
1329523,35,2,2260,4,1,1,411
1329553,57,1,1277,4,1,1,411
1329573,111,1,741,2,1,1,211
1329673,90,1,11046,2,1,4,214
1329712,36,2,22516,4,1,5,415
1329874,47,1,8028,4,1,3,413
1330096,74,1,1648,3,1,1,311
1330284,9,1,4838,5,1,3,513
1330305,86,1,11928,2,1,4,214
1330518,126,1,5438,1,1,3,113
1330668,134,1,10605,1,1,4,114
1330682,66,1,2728,3,1,2,312
1330764,82,1,652,3,1,1,311
1330816,60,1,7965,3,1,3,313
1330823,81,1,9936,3,1,4,314
1330835,127,1,14452,1,1,5,115
1330932,30,1,2682,5,1,2,512
1330952,98,1,3250,2,1,2,212
1330964,70,1,2032,3,1,1,311
1331125,108,1,9632,2,1,4,214
1331232,19,1,4858,5,1,3,513
1331553,128,1,4576,1,1,2,112
1331585,111,5,35138,2,2,5,225
1331661,19,1,136,5,1,1,511
1331678,78,2,9252,3,1,4,314
1331702,42,1,4260,4,1,2,412
1331777,65,1,3777,3,1,2,312
1331780,22,3,9455,5,2,4,524
1331824,94,1,18576,2,1,5,215
1331859,128,1,8946,1,1,4,114
1331885,92,1,4918,2,1,3,213
1331889,68,1,7572,3,1,3,313
1331964,50,1,10580,4,1,4,414
1332318,116,1,11924,1,1,4,114
1332357,74,1,956,3,1,1,311
1332508,100,1,3732,2,1,2,212
1332700,74,1,5372,3,1,3,313
1332844,41,1,5320,4,1,3,413
1333167,81,1,4580,3,1,2,312
1333273,49,3,31664,4,2,5,425
1333311,61,2,29814,3,1,5,315
1333481,79,1,8704,3,1,4,314
1333540,67,1,6969,3,1,3,313
1333733,79,2,5552,3,1,3,313
1333820,72,1,4560,3,1,2,312
1333907,67,2,17730,3,1,5,315
1334441,71,1,7752,3,1,3,313
1334545,137,1,4976,1,1,3,113
1334582,79,1,4096,3,1,2,312
1334913,68,1,1170,3,1,1,311
1335026,107,1,3201,2,1,2,212
1335080,30,1,5116,5,1,3,513
1335082,8,1,7600,5,1,3,513
1335349,114,1,3631,1,1,2,112
1335459,6,1,3422,5,1,2,512
1335601,37,1,2999,4,1,2,412
1335604,111,1,7050,2,1,3,213
1335661,125,2,12772,1,1,4,114
1335805,100,1,1825,2,1,1,211
1335889,117,1,387,1,1,1,111
1336061,65,1,764,3,1,1,311
1336074,93,1,13827,2,1,5,215
1336078,42,1,3136,4,1,2,412
1336094,112,1,1692,1,1,1,111
1336124,130,1,9446,1,1,4,114
1336181,7,4,28595,5,2,5,525
1336367,73,1,9051,3,1,4,314
1336393,53,1,2277,4,1,1,411
1336520,88,9,57261,2,2,5,225
1336562,71,1,1711,3,1,1,311
1336602,120,1,6538,1,1,3,113
1336714,57,1,627,4,1,1,411
1336737,5,1,2704,5,1,2,512
1336747,45,2,17724,4,1,5,415
1336835,3,9,76291,5,2,5,525
1336983,81,1,11040,3,1,4,314
1337038,43,1,3003,4,1,2,412
1337048,93,2,8680,2,1,4,214
1337142,106,1,1363,2,1,1,211
1337382,3,1,3561,5,1,2,512
1337408,102,1,7194,2,1,3,213
1337665,84,2,2735,3,1,2,312
1337710,90,1,2508,2,1,2,212
1337842,4,1,4020,5,1,2,512
1337853,111,1,3539,2,1,2,212
1337898,119,1,568,1,1,1,111
1338125,87,1,1397,2,1,1,211
1338149,122,1,8800,1,1,4,114
1338232,48,1,2182,4,1,1,411
1338521,116,1,14952,1,1,5,115
1338587,9,2,15932,5,1,5,515
1338668,60,1,3792,3,1,2,312
1338780,136,1,2854,1,1,2,112
1338885,137,1,3130,1,1,2,112
1338933,87,1,2736,2,1,2,212
1339057,132,2,5412,1,1,3,113
1339096,60,1,661,3,1,1,311
1339274,102,1,4908,2,1,3,213
1339801,107,1,18508,2,1,5,215
1340078,19,1,1184,5,1,1,511
1340083,7,2,7372,5,1,3,513
1340188,131,2,9100,1,1,4,114
1340231,42,1,4456,4,1,2,412
1340286,50,1,6606,4,1,3,413
1340323,103,1,13496,2,1,4,214
1340407,2,3,19475,5,2,5,525
1340493,129,1,12453,1,1,4,114
1340641,119,1,3444,1,1,2,112
1340695,70,1,8316,3,1,4,314
1340866,42,2,10751,4,1,4,414
1341153,128,1,884,1,1,1,111
1341202,105,17,100539,2,2,5,225
1341603,81,1,1269,3,1,1,311
1341635,113,2,14542,1,1,5,115
1341642,19,1,696,5,1,1,511
1341789,57,1,7322,4,1,3,413
1341795,87,1,10584,2,1,4,214
1341849,62,1,11100,3,1,4,314
1341879,132,1,4976,1,1,3,113
1342222,81,1,2288,3,1,1,311
1342293,114,1,1281,1,1,1,111
1342297,60,1,10088,3,1,4,314
1342394,77,1,5541,3,1,3,313
1342432,115,1,9342,1,1,4,114
1342601,33,1,6126,4,1,3,413
1342608,86,1,14259,2,1,5,215
1342737,106,1,1090,2,1,1,211
1342839,73,1,2880,3,1,2,312
1342961,96,1,8872,2,1,4,214
1342999,51,1,856,4,1,1,411
1343401,9,1,60,5,1,1,511
1343588,5,1,7608,5,1,3,513
1343868,79,1,548,3,1,1,311
1343903,45,1,11352,4,1,4,414
1344040,33,1,14070,4,1,5,415
1344286,104,1,9172,2,1,4,214
1344445,95,1,1422,2,1,1,211
1344553,118,2,8581,1,1,4,114
1344604,4,3,10202,5,2,4,524
1344782,14,1,6726,5,1,3,513
1344801,65,1,350,3,1,1,311
1344887,109,1,3319,2,1,2,212
1344912,7,1,1830,5,1,1,511
1344941,21,2,4890,5,1,3,513
1345109,86,1,2554,2,1,2,212
1345124,111,1,5844,2,1,3,213
1345272,46,3,22302,4,2,5,425
1345275,83,1,4031,3,1,2,312
1345403,51,1,4029,4,1,2,412
1345741,15,1,5940,5,1,3,513
1346024,32,1,6474,4,1,3,413
1346082,116,3,5258,1,2,3,123
1346296,117,3,17215,1,2,5,125
1346314,92,1,3089,2,1,2,212
1346334,11,1,4870,5,1,3,513
1346478,109,1,1248,2,1,1,211
1346514,4,1,11994,5,1,4,514
1346665,75,1,8588,3,1,4,314
1346711,94,1,9908,2,1,4,214
1346842,31,1,5344,4,1,3,413
1346891,89,1,15800,2,1,5,215
1347094,113,1,2732,1,1,2,112
1347290,122,1,9622,1,1,4,114
1347509,65,1,1468,3,1,1,311
1347736,51,2,17452,4,1,5,415
1347797,12,1,2240,5,1,1,511
1347891,76,1,8242,3,1,3,313
1348073,125,1,2406,1,1,2,112
1348862,29,1,6273,5,1,3,513
1348865,76,1,7536,3,1,3,313
1348883,126,1,114,1,1,1,111
1349049,32,1,18864,4,1,5,415
1349061,135,1,9004,1,1,4,114
1349106,18,1,1092,5,1,1,511
1349155,8,5,43993,5,2,5,525
1349317,49,2,12829,4,1,4,414
1349325,15,1,10032,5,1,4,514
1349607,137,1,10365,1,1,4,114
1349681,51,2,13339,4,1,4,414
1349713,109,1,505,2,1,1,211
1349720,59,1,7773,3,1,3,313
1349746,18,1,10648,5,1,4,514
1349942,123,1,40,1,1,1,111
1350023,64,1,8136,3,1,3,313
1350073,59,1,2074,3,1,1,311
1350128,21,2,15266,5,1,5,515
1350190,61,4,21532,3,2,5,325
1350315,81,1,12684,3,1,4,314
1350547,39,2,11008,4,1,4,414
1350799,55,1,3452,4,1,2,412
1350828,59,1,15712,3,1,5,315
1351148,117,1,2110,1,1,1,111
1351230,85,2,4992,2,1,3,213
1351265,57,1,3582,4,1,2,412
1351655,122,1,11631,1,1,4,114
1351788,94,4,5081,2,2,3,223
1351796,3,9,70045,5,2,5,525
1351812,50,4,30480,4,2,5,425
1351930,5,1,3042,5,1,2,512
1352025,7,1,7227,5,1,3,513
1352044,21,14,105855,5,2,5,525
1352090,7,1,6172,5,1,3,513
1352320,5,1,11385,5,1,4,514
1352334,124,12,117638,1,2,5,125
1352445,32,1,716,4,1,1,411
1352494,123,1,710,1,1,1,111
1352661,121,1,246,1,1,1,111
1352723,45,1,15832,4,1,5,415
1352763,46,1,1940,4,1,1,411
1352958,3,1,1602,5,1,1,511
1353280,17,3,12803,5,2,4,524
1353381,131,1,7876,1,1,3,113
1353452,134,1,7458,1,1,3,113
1353976,64,3,19914,3,2,5,325
1354560,38,1,15428,4,1,5,415
1354658,106,1,2406,2,1,2,212
1354703,17,1,12117,5,1,4,514
1354710,134,3,14549,1,2,5,125
1355063,116,1,5946,1,1,3,113
1355275,38,1,2805,4,1,2,412
1355454,81,1,3571,3,1,2,312
1355680,20,1,4893,5,1,3,513
1355819,56,1,276,4,1,1,411
1355914,108,1,7392,2,1,3,213
1355935,82,1,5932,3,1,3,313
1355960,70,1,16056,3,1,5,315
1356035,90,1,9552,2,1,4,214
1356492,54,1,3292,4,1,2,412
1356496,87,7,56029,2,2,5,225
1356584,121,1,1710,1,1,1,111
1356614,84,1,3724,3,1,2,312
1357083,84,2,11824,3,1,4,314
1357134,52,1,5968,4,1,3,413
1357344,82,1,2991,3,1,2,312
1357391,94,1,4110,2,1,2,212
1357459,113,1,265,1,1,1,111
1357597,63,1,16832,3,1,5,315
1357641,10,1,12872,5,1,4,514
1357744,29,1,816,5,1,1,511
1358038,53,1,2884,4,1,2,412
1358060,116,6,30507,1,2,5,125
1358147,117,4,46231,1,2,5,125
1358558,2,1,6330,5,1,3,513
1358585,21,1,9627,5,1,4,514
1358883,23,2,12335,5,1,4,514
1358911,122,1,3818,1,1,2,112
1359060,112,1,1473,1,1,1,111
1359248,77,2,32312,3,1,5,315
1359452,120,2,3508,1,1,2,112
1359587,100,1,12604,2,1,4,214
1359706,103,2,5595,2,1,3,213
1360055,37,3,22768,4,2,5,425
1360085,109,1,248,2,1,1,211
1360087,32,1,14727,4,1,5,415
1360175,26,4,30425,5,2,5,525
1360314,40,2,10972,4,1,4,414
1360837,45,1,4290,4,1,2,412
1360994,25,1,2808,5,1,2,512
1361213,73,1,7188,3,1,3,313
1361256,60,2,3074,3,1,2,312
1361451,7,1,16816,5,1,5,515
1361470,79,1,5692,3,1,3,313
1361621,31,1,7592,4,1,3,413
1361730,130,1,4151,1,1,2,112
1361832,128,1,237,1,1,1,111
1361978,82,1,9342,3,1,4,314
1362019,24,2,10874,5,1,4,514
1362222,96,3,8731,2,2,4,224
1362265,126,1,13077,1,1,4,114
1362292,58,1,3703,4,1,2,412
1362384,94,1,489,2,1,1,211
1362413,106,2,14052,2,1,5,215
1362452,67,1,5606,3,1,3,313
1362583,79,1,18176,3,1,5,315
1362665,105,1,12828,2,1,4,214
1362715,93,1,16832,2,1,5,215
1362799,80,1,2073,3,1,1,311
1362813,94,1,10098,2,1,4,214
1363012,29,1,442,5,1,1,511
1363046,124,1,4224,1,1,2,112
1363173,60,1,1089,3,1,1,311
1363181,107,1,9988,2,1,4,214
1363232,77,1,2348,3,1,2,312
1363344,97,1,4971,2,1,3,213
1363526,17,1,7401,5,1,3,513
1363612,8,14,79638,5,2,5,525
1363631,46,1,4524,4,1,2,412
1363632,113,1,7496,1,1,3,113
1363671,110,1,1224,2,1,1,211
1363767,10,1,8540,5,1,4,514
1363788,53,1,6312,4,1,3,413
1363955,64,2,20935,3,1,5,315
1363994,36,1,736,4,1,1,411
1364037,83,2,258,3,1,1,311
1364057,117,1,5634,1,1,3,113
1364130,42,1,7076,4,1,3,413
1364157,68,2,17380,3,1,5,315
1364162,109,1,8946,2,1,4,214
1364329,27,1,15428,5,1,5,515
1364407,35,1,542,4,1,1,411
1364594,118,1,12309,1,1,4,114
1364595,50,1,2176,4,1,1,411
1364680,102,1,3094,2,1,2,212
1364781,109,1,13155,2,1,4,214
1364905,1,1,2732,5,1,2,512
1365156,37,1,6993,4,1,3,413
1365340,66,3,8245,3,2,3,323
1365382,18,1,16300,5,1,5,515
1365514,72,1,886,3,1,1,311
1365602,83,1,1056,3,1,1,311
1365610,66,1,3121,3,1,2,312
1365673,123,1,72,1,1,1,111
1365706,24,14,66325,5,2,5,525
1365841,92,1,435,2,1,1,211
1365849,64,1,10648,3,1,4,314
1365892,122,1,17068,1,1,5,115
1365958,94,1,7098,2,1,3,213
1366154,100,1,13776,2,1,5,215
1366259,109,1,3526,2,1,2,212
1366329,81,1,4306,3,1,2,312
1366465,13,1,2704,5,1,2,512
1366613,50,2,17510,4,1,5,415
1366764,108,1,2151,2,1,1,211
1366782,88,1,2888,2,1,2,212
1366787,14,2,12300,5,1,4,514
1366797,103,1,2366,2,1,2,212
1367059,54,2,19237,4,1,5,415
1367269,58,1,5301,4,1,3,413
1367308,95,1,11493,2,1,4,214
1367426,38,4,24230,4,2,5,425
1367544,39,1,1776,4,1,1,411
1367560,67,2,3985,3,1,2,312
1367601,106,2,2455,2,1,2,212
1367706,44,1,3870,4,1,2,412
1368221,100,1,4089,2,1,2,212
1368267,94,1,18460,2,1,5,215
1368280,5,1,216,5,1,1,511
1368445,67,1,1410,3,1,1,311
1368491,129,1,1932,1,1,1,111
1368493,76,5,35626,3,2,5,325
1368494,134,1,3454,1,1,2,112
1368582,80,1,9184,3,1,4,314
1368638,82,1,1739,3,1,1,311
1368652,77,1,6368,3,1,3,313
1368659,74,1,9146,3,1,4,314
1368742,49,1,7504,4,1,3,413
1368789,53,1,5556,4,1,3,413
1368868,65,1,14020,3,1,5,315
1368970,44,3,6100,4,2,3,423
1369100,106,1,6726,2,1,3,213
1369176,74,1,9700,3,1,4,314
1369324,66,1,2640,3,1,2,312
1369328,40,1,2901,4,1,2,412
1369848,126,2,13632,1,1,5,115
1369885,78,1,13776,3,1,5,315
1369915,61,2,7941,3,1,3,313
1369956,77,1,9252,3,1,4,314
1370030,122,1,15180,1,1,5,115
1370101,100,1,8180,2,1,3,213
1370116,35,1,2433,4,1,2,412
1370124,102,1,8068,2,1,3,213
1370169,15,1,1072,5,1,1,511
1370617,125,3,33440,1,2,5,125
1370651,88,1,9068,2,1,4,214
1370695,66,1,5118,3,1,3,313
1371288,51,3,22653,4,2,5,425
1371376,90,1,4063,2,1,2,212
1371456,127,1,5298,1,1,3,113
1371510,57,1,13472,4,1,4,414
1371620,8,1,10107,5,1,4,514
1371767,27,1,6920,5,1,3,513
1371841,135,1,3479,1,1,2,112
1372125,113,1,1236,1,1,1,111
1372317,101,3,22924,2,2,5,225
1372364,81,2,12903,3,1,4,314
1372585,15,1,6374,5,1,3,513
1372660,52,1,5064,4,1,3,413
1372681,127,1,2664,1,1,2,112
1372912,78,1,5510,3,1,3,313
1373034,123,1,2380,1,1,2,112
1373037,110,2,15476,2,1,5,215
1373123,101,1,5424,2,1,3,213
1373164,57,1,4045,4,1,2,412
1373207,61,1,11406,3,1,4,314
1373373,92,1,4961,2,1,3,213
1373543,132,1,13360,1,1,4,114
1373738,121,1,7071,1,1,3,113
1373942,73,1,1335,3,1,1,311
1374146,81,1,9684,3,1,4,314
1374215,23,1,7024,5,1,3,513
1374225,10,1,2467,5,1,2,512
1374423,125,1,3890,1,1,2,112
1374501,136,1,5550,1,1,3,113
1374597,66,7,59259,3,2,5,325
1374616,73,1,6624,3,1,3,313
1374631,115,1,4388,1,1,2,112
1374804,46,1,15204,4,1,5,415
1374839,127,1,2400,1,1,2,112
1375060,92,1,14265,2,1,5,215
1375137,19,1,8596,5,1,4,514
1375192,93,1,570,2,1,1,211
1375328,7,1,7558,5,1,3,513
1375515,100,4,41068,2,2,5,225
1375602,67,4,10740,3,2,4,324
1375611,88,1,9544,2,1,4,214
1375685,44,6,52312,4,2,5,425
1376241,100,1,14644,2,1,5,215
1376254,19,1,18152,5,1,5,515
1376500,56,2,18436,4,1,5,415
1376605,57,1,12381,4,1,4,414
1376659,125,4,30735,1,2,5,125
1376736,71,1,442,3,1,1,311
1376763,57,8,68329,4,2,5,425
1376817,71,1,2499,3,1,2,312
1376921,56,1,1888,4,1,1,411
1377052,110,1,2061,2,1,1,211
1377165,59,1,6378,3,1,3,313
1377259,26,1,5860,5,1,3,513
1377272,133,1,8632,1,1,4,114
1377311,51,1,624,4,1,1,411
1377363,22,1,4528,5,1,2,512
1377460,94,2,15561,2,1,5,215
1377562,53,1,538,4,1,1,411
1377712,81,1,7446,3,1,3,313
1377734,88,1,9188,2,1,4,214
1378003,93,1,2151,2,1,1,211
1378019,129,1,1527,1,1,1,111
1378125,99,1,8820,2,1,4,214
1378271,130,1,5193,1,1,3,113
1378332,18,2,6426,5,1,3,513
1378430,8,2,18780,5,1,5,515
1378683,87,1,1182,2,1,1,211
1378697,11,3,1821,5,2,1,521
1378732,71,1,4861,3,1,3,313
1378931,4,1,4445,5,1,2,512
1379149,17,1,13629,5,1,4,514
1379241,16,1,10182,5,1,4,514
1379280,28,1,9404,5,1,4,514
1379343,28,1,42,5,1,1,511
1379377,127,1,124,1,1,1,111
1379388,60,3,28660,3,2,5,325
1379419,125,1,5712,1,1,3,113
1379868,67,1,2664,3,1,2,312
1379952,127,1,3394,1,1,2,112
1380106,47,1,8630,4,1,4,414
1380233,100,1,8949,2,1,4,214
1380247,72,1,4693,3,1,3,313
1380494,104,2,7790,2,1,3,213
1380534,11,1,10773,5,1,4,514
1380565,128,1,4359,1,1,2,112
1380599,57,1,5186,4,1,3,413
1380711,114,2,6511,1,1,3,113
1380719,37,1,3342,4,1,2,412
1380773,98,1,7652,2,1,3,213
1380845,137,2,18135,1,1,5,115
1381119,110,1,828,2,1,1,211
1381267,11,1,6686,5,1,3,513
1381286,24,1,10773,5,1,4,514
1381398,97,1,17840,2,1,5,215
1381498,87,1,3220,2,1,2,212
1381558,17,2,12558,5,1,4,514
1381613,109,1,1626,2,1,1,211
1381652,133,1,13908,1,1,5,115
1381830,102,2,21504,2,1,5,215
1382092,1,2,7504,5,1,3,513
1382282,39,1,6294,4,1,3,413
1382441,50,2,9812,4,1,4,414
1382658,136,1,7508,1,1,3,113
1382772,2,1,11840,5,1,4,514
1382778,43,3,15838,4,2,5,425
1382817,133,1,3807,1,1,2,112
1383053,52,2,4092,4,1,2,412
1383142,72,1,1957,3,1,1,311
1383306,100,1,1269,2,1,1,211
1383402,32,1,6342,4,1,3,413
1383726,11,1,7152,5,1,3,513
1383834,17,1,3837,5,1,2,512
1383839,129,1,8266,1,1,3,113
1384144,85,1,3928,2,1,2,212
1384234,81,1,6866,3,1,3,313
1384315,32,1,148,4,1,1,411
1384368,116,1,3732,1,1,2,112
1384383,26,1,7140,5,1,3,513
1384404,72,1,2676,3,1,2,312
1384460,12,1,3400,5,1,2,512
1384487,51,1,954,4,1,1,411
1384613,57,1,6692,4,1,3,413
1384769,23,1,4725,5,1,3,513
1384789,66,1,13164,3,1,4,314
1384800,106,2,4580,2,1,2,212
1384833,82,1,10623,3,1,4,314
1384843,6,1,8634,5,1,4,514
1385029,84,5,7616,3,2,3,323
1385042,67,1,588,3,1,1,311
1385073,37,86,489969,4,2,5,425
1385109,110,3,13868,2,2,5,225
1385333,88,1,3004,2,1,2,212
1385559,120,1,8492,1,1,4,114
1385821,56,1,449,4,1,1,411
1385863,15,1,17584,5,1,5,515
1385870,49,1,3682,4,1,2,412
1385901,92,1,7240,2,1,3,213
1386260,136,1,1188,1,1,1,111
1386264,89,1,2877,2,1,2,212
1386311,67,1,16460,3,1,5,315
1386710,22,1,5808,5,1,3,513
1386991,129,1,5268,1,1,3,113
1387042,53,1,441,4,1,1,411
1387237,134,2,10802,1,1,4,114
1387427,113,1,6930,1,1,3,113
1387562,14,1,2572,5,1,2,512
1387584,133,1,6626,1,1,3,113
1387650,103,3,25981,2,2,5,225
1387689,70,1,13662,3,1,5,315
1387958,64,1,7658,3,1,3,313
1388288,111,1,18076,2,1,5,215
1388417,119,2,8015,1,1,3,113
1388473,47,1,6678,4,1,3,413
1388563,130,1,4767,1,1,3,113
1388913,126,1,9162,1,1,4,114
1388970,53,1,7628,4,1,3,413
1389049,98,1,1981,2,1,1,211
1389108,126,1,6471,1,1,3,113
1389243,58,1,11403,4,1,4,414
1389639,77,1,5722,3,1,3,313
1389672,76,1,2259,3,1,1,311
1389709,94,2,10871,2,1,4,214
1390171,25,1,3435,5,1,2,512
1390178,129,1,9836,1,1,4,114
1390313,88,1,2844,2,1,2,212
1390335,137,1,248,1,1,1,111
1390675,10,4,17663,5,2,5,525
1390702,138,1,966,1,1,1,111
1390722,15,1,960,5,1,1,511
1390774,94,2,25168,2,1,5,215
1390784,135,1,10197,1,1,4,114
1390828,100,1,1808,2,1,1,211
1390842,10,1,1288,5,1,1,511
1391065,135,3,11840,1,2,4,124
1391079,8,1,3654,5,1,2,512
1391212,103,1,3459,2,1,2,212
1391499,63,2,6171,3,1,3,313
1391644,105,1,211,2,1,1,211
1391732,60,1,10140,3,1,4,314
1392423,51,3,22740,4,2,5,425
1392946,131,2,7029,1,1,3,113
1393113,91,1,11076,2,1,4,214
1393377,66,1,2868,3,1,2,312
1393752,9,1,4129,5,1,2,512
1393980,99,1,12738,2,1,4,214
1393998,129,1,8776,1,1,4,114
1394186,28,1,7446,5,1,3,513
1394236,19,1,6810,5,1,3,513
1394271,68,2,16096,3,1,5,315
1394717,49,1,772,4,1,1,411
1394933,51,1,6058,4,1,3,413
1394982,109,1,4007,2,1,2,212
1395025,77,1,2536,3,1,2,312
1395578,32,1,14832,4,1,5,415
1395724,90,1,3377,2,1,2,212
1395774,102,2,3000,2,1,2,212
1396078,40,1,2674,4,1,2,412
1396084,114,1,12969,1,1,4,114
1396109,21,1,3204,5,1,2,512
1396162,65,1,14056,3,1,5,315
1396286,32,1,12420,4,1,4,414
1396315,48,1,13530,4,1,4,414
1396374,42,1,11241,4,1,4,414
1396399,121,1,6910,1,1,3,113
1396541,6,1,15116,5,1,5,515
1396583,106,1,5370,2,1,3,213
1396823,97,1,956,2,1,1,211
1396871,73,1,16604,3,1,5,315
1396960,117,1,1113,1,1,1,111
1397020,102,1,828,2,1,1,211
1397089,95,1,1946,2,1,1,211
1397094,33,2,26502,4,1,5,415
1397098,11,1,177,5,1,1,511
1397172,115,1,4052,1,1,2,112
1397340,73,2,8458,3,1,4,314
1397522,123,1,3959,1,1,2,112
1397591,16,1,2304,5,1,2,512
1397653,37,1,12546,4,1,4,414
1397742,3,1,13504,5,1,4,514
1398260,74,1,4039,3,1,2,312
1398476,30,2,8496,5,1,4,514
1398505,83,2,19932,3,1,5,315
1398624,43,1,1800,4,1,1,411
1398721,7,1,3346,5,1,2,512
1398725,81,1,8064,3,1,3,313
1398811,60,2,5441,3,1,3,313
1398970,60,1,2728,3,1,2,312
1398978,46,9,66258,4,2,5,425
1399144,64,1,1886,3,1,1,311
1399260,6,1,4146,5,1,2,512
1399343,74,1,14364,3,1,5,315
1399374,99,1,15928,2,1,5,215
1399500,7,1,13614,5,1,4,514
1399705,16,1,698,5,1,1,511
1399960,24,1,3879,5,1,2,512
1399991,113,1,14212,1,1,5,115
1400110,15,1,3084,5,1,2,512
1400296,124,3,22035,1,2,5,125
1400416,79,1,8019,3,1,3,313
1400758,124,1,1306,1,1,1,111
1400958,84,1,579,3,1,1,311
1401260,45,1,311,4,1,1,411
1401333,87,2,15804,2,1,5,215
1401744,58,1,8898,4,1,4,414
1402116,58,1,2194,4,1,1,411
1402220,127,3,8968,1,2,4,124
1402363,101,1,7056,2,1,3,213
1402575,107,1,13084,2,1,4,214
1402829,76,1,2115,3,1,1,311
1402860,86,1,11259,2,1,4,214
1402869,115,1,3399,1,1,2,112
1402877,67,1,2862,3,1,2,312
1402890,119,1,1032,1,1,1,111
1402979,120,1,3209,1,1,2,112
1403350,30,1,2467,5,1,2,512
1403465,55,1,1892,4,1,1,411
1403649,124,1,19620,1,1,5,115
1403769,24,7,44758,5,2,5,525
1403935,92,1,13653,2,1,5,215
1404061,49,1,7803,4,1,3,413
1404086,43,1,11392,4,1,4,414
1404130,71,1,474,3,1,1,311
1404233,58,1,10276,4,1,4,414
1404265,8,2,4652,5,1,3,513
1404286,68,1,4167,3,1,2,312
1404797,75,1,12316,3,1,4,314
1404894,10,1,33,5,1,1,511
1404991,88,3,23332,2,2,5,225
1405688,93,1,7612,2,1,3,213
1405714,125,1,8468,1,1,4,114
1405831,77,1,309,3,1,1,311
1405861,121,1,1959,1,1,1,111
1405929,15,1,15100,5,1,5,515
1406087,108,4,48006,2,2,5,225
1406564,23,1,2874,5,1,2,512
1406708,11,1,15056,5,1,5,515
1406787,109,1,3471,2,1,2,212
1406981,123,1,4480,1,1,2,112
1407070,128,1,9614,1,1,4,114
1407110,45,1,2224,4,1,1,411
1407398,73,1,9334,3,1,4,314
